scenario,scenario_case_id,__base_index,AMT_INCOME_TOTAL,AMT_CREDIT,CREDIT_INCOME_RATIO,EXT_SOURCE_1,EXT_SOURCE_2,EXT_SOURCE_3,raw_xgboost_score,internally_calibrated_probability,above_illustrative_cost_threshold
A: higher external scores / lower credit-income ratio,POC0001,14343,270000.0,490909.0909090909,1.8181818181818181,0.7102141580866451,0.6820450833421501,0.6940926425266661,0.13457178,0.01703068378823879,False
A: higher external scores / lower credit-income ratio,POC0002,94529,157500.0,286363.63636363635,1.8181818181818181,0.7102141580866451,0.6820450833421501,0.6940926425266661,0.123016536,0.015462870982968101,False
A: higher external scores / lower credit-income ratio,POC0003,26833,112500.0,204545.45454545453,1.8181818181818181,0.7102141580866451,0.6820450833421501,0.6940926425266661,0.1212799,0.015229718028877503,False
A: higher external scores / lower credit-income ratio,POC0004,101924,99000.0,180000.0,1.8181818181818181,0.7102141580866451,0.6820450833421501,0.6940926425266661,0.14355321,0.0182697409928616,False
A: higher external scores / lower credit-income ratio,POC0005,281182,405000.0,736363.6363636364,1.8181818181818181,0.7102141580866451,0.6820450833421501,0.6940926425266661,0.30189037,0.043892511788238185,False
A: higher external scores / lower credit-income ratio,POC0006,208806,99000.0,180000.0,1.8181818181818181,0.7102141580866451,0.6820450833421501,0.6940926425266661,0.043384597,0.005327937332328737,False
A: higher external scores / lower credit-income ratio,POC0007,190054,108000.0,196363.63636363635,1.8181818181818181,0.7102141580866451,0.6820450833421501,0.6940926425266661,0.12461119,0.015677522681905455,False
A: higher external scores / lower credit-income ratio,POC0008,259619,112500.0,204545.45454545453,1.8181818181818181,0.7102141580866451,0.6820450833421501,0.6940926425266661,0.08843312,0.01093234542009516,False
A: higher external scores / lower credit-income ratio,POC0009,292744,135000.0,245454.54545454544,1.8181818181818181,0.7102141580866451,0.6820450833421501,0.6940926425266661,0.1929597,0.02543965646231439,False
A: higher external scores / lower credit-income ratio,POC0010,225433,607500.0,1104545.4545454546,1.8181818181818183,0.7102141580866451,0.6820450833421501,0.6940926425266661,0.059676744,0.007323423083829186,False
A: higher external scores / lower credit-income ratio,POC0011,106133,112500.0,204545.45454545453,1.8181818181818181,0.7102141580866451,0.6820450833421501,0.6940926425266661,0.13436927,0.017002956275724256,False
A: higher external scores / lower credit-income ratio,POC0012,229934,157500.0,286363.63636363635,1.8181818181818181,0.7102141580866451,0.6820450833421501,0.6940926425266661,0.08408202,0.010377939877216658,False
A: higher external scores / lower credit-income ratio,POC0013,204931,99000.0,180000.0,1.8181818181818181,0.7102141580866451,0.6820450833421501,0.6940926425266661,0.06490314,0.007970271152636455,False
A: higher external scores / lower credit-income ratio,POC0014,212950,135000.0,245454.54545454544,1.8181818181818181,0.7102141580866451,0.6820450833421501,0.6940926425266661,0.21394493,0.02868650191004125,False
A: higher external scores / lower credit-income ratio,POC0015,162299,81000.0,147272.72727272726,1.8181818181818181,0.7102141580866451,0.6820450833421501,0.6940926425266661,0.085019484,0.010497118401295776,False
A: higher external scores / lower credit-income ratio,POC0016,180508,225000.0,409090.90909090906,1.8181818181818181,0.7102141580866451,0.6820450833421501,0.6940926425266661,0.07558231,0.009303932426576532,False
A: higher external scores / lower credit-income ratio,POC0017,305767,45000.0,81818.18181818181,1.818181818181818,0.7102141580866451,0.6820450833421501,0.6940926425266661,0.051201977,0.006281817030223881,False
A: higher external scores / lower credit-income ratio,POC0018,56063,157500.0,286363.63636363635,1.8181818181818181,0.7102141580866451,0.6820450833421501,0.6940926425266661,0.10447065,0.013004757278982686,False
A: higher external scores / lower credit-income ratio,POC0019,50510,360000.0,654545.4545454545,1.818181818181818,0.7102141580866451,0.6820450833421501,0.6940926425266661,0.14606668,0.018619809366927746,False
A: higher external scores / lower credit-income ratio,POC0020,287354,225000.0,409090.90909090906,1.8181818181818181,0.7102141580866451,0.6820450833421501,0.6940926425266661,0.06302467,0.007737361958047007,False
A: higher external scores / lower credit-income ratio,POC0021,128424,99000.0,180000.0,1.8181818181818181,0.7102141580866451,0.6820450833421501,0.6940926425266661,0.15884753,0.0204231195966491,False
A: higher external scores / lower credit-income ratio,POC0022,279243,90000.0,163636.36363636362,1.818181818181818,0.7102141580866451,0.6820450833421501,0.6940926425266661,0.103602335,0.012891334604530338,False
A: higher external scores / lower credit-income ratio,POC0023,285761,81450.0,148090.9090909091,1.8181818181818181,0.7102141580866451,0.6820450833421501,0.6940926425266661,0.07537349,0.009277691131494185,False
A: higher external scores / lower credit-income ratio,POC0024,4692,450000.0,818181.8181818181,1.8181818181818181,0.7102141580866451,0.6820450833421501,0.6940926425266661,0.112434104,0.014051792413275642,False
A: higher external scores / lower credit-income ratio,POC0025,144922,112500.0,204545.45454545453,1.8181818181818181,0.7102141580866451,0.6820450833421501,0.6940926425266661,0.14060207,0.017860581699585334,False
A: higher external scores / lower credit-income ratio,POC0026,70419,81000.0,147272.72727272726,1.8181818181818181,0.7102141580866451,0.6820450833421501,0.6940926425266661,0.044618133,0.005478066881577047,False
A: higher external scores / lower credit-income ratio,POC0027,112460,292500.0,531818.1818181818,1.818181818181818,0.7102141580866451,0.6820450833421501,0.6940926425266661,0.09804907,0.01216930431561439,False
A: higher external scores / lower credit-income ratio,POC0028,44983,112500.0,204545.45454545453,1.8181818181818181,0.7102141580866451,0.6820450833421501,0.6940926425266661,0.054806914,0.006723850353800805,False
A: higher external scores / lower credit-income ratio,POC0029,123890,112500.0,204545.45454545453,1.8181818181818181,0.7102141580866451,0.6820450833421501,0.6940926425266661,0.085470214,0.010554471758352267,False
A: higher external scores / lower credit-income ratio,POC0030,372,180000.0,327272.72727272724,1.818181818181818,0.7102141580866451,0.6820450833421501,0.6940926425266661,0.1727401,0.022429149481742152,False
A: higher external scores / lower credit-income ratio,POC0031,138704,112500.0,204545.45454545453,1.8181818181818181,0.7102141580866451,0.6820450833421501,0.6940926425266661,0.082653716,0.010196642243958675,False
A: higher external scores / lower credit-income ratio,POC0032,152894,103500.0,188181.81818181818,1.8181818181818181,0.7102141580866451,0.6820450833421501,0.6940926425266661,0.07942568,0.009788134089103593,False
A: higher external scores / lower credit-income ratio,POC0033,22520,81000.0,147272.72727272726,1.8181818181818181,0.7102141580866451,0.6820450833421501,0.6940926425266661,0.016799968,0.002109030836200602,False
A: higher external scores / lower credit-income ratio,POC0034,36968,135000.0,245454.54545454544,1.8181818181818181,0.7102141580866451,0.6820450833421501,0.6940926425266661,0.10190124,0.012669545646965407,False
A: higher external scores / lower credit-income ratio,POC0035,90871,180000.0,327272.72727272724,1.818181818181818,0.7102141580866451,0.6820450833421501,0.6940926425266661,0.0695833,0.008552695776633966,False
A: higher external scores / lower credit-income ratio,POC0036,153653,157500.0,286363.63636363635,1.8181818181818181,0.7102141580866451,0.6820450833421501,0.6940926425266661,0.08278923,0.010213828432543008,False
A: higher external scores / lower credit-income ratio,POC0037,188807,112500.0,204545.45454545453,1.8181818181818181,0.7102141580866451,0.6820450833421501,0.6940926425266661,0.07454082,0.00917311963166709,False
A: higher external scores / lower credit-income ratio,POC0038,259279,135000.0,245454.54545454544,1.8181818181818181,0.7102141580866451,0.6820450833421501,0.6940926425266661,0.06742691,0.008283957406287077,False
A: higher external scores / lower credit-income ratio,POC0039,75254,270000.0,490909.0909090909,1.8181818181818181,0.7102141580866451,0.6820450833421501,0.6940926425266661,0.120302655,0.015098794597226467,False
A: higher external scores / lower credit-income ratio,POC0040,115899,144000.0,261818.18181818182,1.8181818181818181,0.7102141580866451,0.6820450833421501,0.6940926425266661,0.17609665,0.022921280834959434,False
A: higher external scores / lower credit-income ratio,POC0041,68788,225000.0,409090.90909090906,1.8181818181818181,0.7102141580866451,0.6820450833421501,0.6940926425266661,0.047821376,0.005868576347997682,False
A: higher external scores / lower credit-income ratio,POC0042,222804,270000.0,490909.0909090909,1.8181818181818181,0.7102141580866451,0.6820450833421501,0.6940926425266661,0.14854532,0.018966476819537302,False
A: higher external scores / lower credit-income ratio,POC0043,235973,202500.0,368181.8181818182,1.8181818181818181,0.7102141580866451,0.6820450833421501,0.6940926425266661,0.12270442,0.015420920393147759,False
A: higher external scores / lower credit-income ratio,POC0044,305096,225000.0,409090.90909090906,1.8181818181818181,0.7102141580866451,0.6820450833421501,0.6940926425266661,0.043884505,0.005388763306565987,False
A: higher external scores / lower credit-income ratio,POC0045,122081,202500.0,368181.8181818182,1.8181818181818181,0.7102141580866451,0.6820450833421501,0.6940926425266661,0.14950328,0.01910084635241393,False
A: higher external scores / lower credit-income ratio,POC0046,122584,81000.0,147272.72727272726,1.8181818181818181,0.7102141580866451,0.6820450833421501,0.6940926425266661,0.106125265,0.013221290031201557,False
A: higher external scores / lower credit-income ratio,POC0047,139941,337500.0,613636.3636363636,1.8181818181818181,0.7102141580866451,0.6820450833421501,0.6940926425266661,0.109865695,0.013712739535806734,False
A: higher external scores / lower credit-income ratio,POC0048,5639,126000.0,229090.9090909091,1.8181818181818181,0.7102141580866451,0.6820450833421501,0.6940926425266661,0.101269215,0.012587281232934186,False
A: higher external scores / lower credit-income ratio,POC0049,82516,171000.0,310909.0909090909,1.8181818181818181,0.7102141580866451,0.6820450833421501,0.6940926425266661,0.07360698,0.009055968910530086,False
A: higher external scores / lower credit-income ratio,POC0050,269078,81000.0,147272.72727272726,1.8181818181818181,0.7102141580866451,0.6820450833421501,0.6940926425266661,0.0408967,0.005025534842906048,False
A: higher external scores / lower credit-income ratio,POC0051,241319,112500.0,204545.45454545453,1.8181818181818181,0.7102141580866451,0.6820450833421501,0.6940926425266661,0.16447875,0.02123034255772272,False
A: higher external scores / lower credit-income ratio,POC0052,217048,270000.0,490909.0909090909,1.8181818181818181,0.7102141580866451,0.6820450833421501,0.6940926425266661,0.083777934,0.010339313028841378,False
A: higher external scores / lower credit-income ratio,POC0053,108055,135000.0,245454.54545454544,1.8181818181818181,0.7102141580866451,0.6820450833421501,0.6940926425266661,0.123496786,0.01552745927828365,False
A: higher external scores / lower credit-income ratio,POC0054,191254,112500.0,204545.45454545453,1.8181818181818181,0.7102141580866451,0.6820450833421501,0.6940926425266661,0.1313349,0.01658857430811047,False
A: higher external scores / lower credit-income ratio,POC0055,210348,180000.0,327272.72727272724,1.818181818181818,0.7102141580866451,0.6820450833421501,0.6940926425266661,0.08588933,0.01060783325860263,False
A: higher external scores / lower credit-income ratio,POC0056,274216,207000.0,376363.63636363635,1.8181818181818181,0.7102141580866451,0.6820450833421501,0.6940926425266661,0.036750555,0.004522603791944251,False
A: higher external scores / lower credit-income ratio,POC0057,109684,180000.0,327272.72727272724,1.818181818181818,0.7102141580866451,0.6820450833421501,0.6940926425266661,0.077444226,0.009538212485794105,False
A: higher external scores / lower credit-income ratio,POC0058,120159,270000.0,490909.0909090909,1.8181818181818181,0.7102141580866451,0.6820450833421501,0.6940926425266661,0.10899481,0.013598071249242517,False
A: higher external scores / lower credit-income ratio,POC0059,91040,180000.0,327272.72727272724,1.818181818181818,0.7102141580866451,0.6820450833421501,0.6940926425266661,0.07249541,0.00891669410834538,False
A: higher external scores / lower credit-income ratio,POC0060,165729,270000.0,490909.0909090909,1.8181818181818181,0.7102141580866451,0.6820450833421501,0.6940926425266661,0.025652329,0.0031804029244600694,False
A: higher external scores / lower credit-income ratio,POC0061,127775,81000.0,147272.72727272726,1.8181818181818181,0.7102141580866451,0.6820450833421501,0.6940926425266661,0.1387317,0.01760229966756561,False
A: higher external scores / lower credit-income ratio,POC0062,89528,67500.0,122727.27272727272,1.8181818181818181,0.7102141580866451,0.6820450833421501,0.6940926425266661,0.056149274,0.006888832829072682,False
A: higher external scores / lower credit-income ratio,POC0063,180150,225000.0,409090.90909090906,1.8181818181818181,0.7102141580866451,0.6820450833421501,0.6940926425266661,0.24637593,0.03397323885571344,False
A: higher external scores / lower credit-income ratio,POC0064,70842,108000.0,196363.63636363635,1.8181818181818181,0.7102141580866451,0.6820450833421501,0.6940926425266661,0.041074567,0.0050471380451281465,False
A: higher external scores / lower credit-income ratio,POC0065,47668,157500.0,286363.63636363635,1.8181818181818181,0.7102141580866451,0.6820450833421501,0.6940926425266661,0.067042015,0.008236059764446442,False
A: higher external scores / lower credit-income ratio,POC0066,247508,67500.0,122727.27272727272,1.8181818181818181,0.7102141580866451,0.6820450833421501,0.6940926425266661,0.11474434,0.014357890304777177,False
A: higher external scores / lower credit-income ratio,POC0067,102323,36000.0,65454.545454545456,1.8181818181818181,0.7102141580866451,0.6820450833421501,0.6940926425266661,0.046188436,0.005669381908656658,False
A: higher external scores / lower credit-income ratio,POC0068,173796,225000.0,409090.90909090906,1.8181818181818181,0.7102141580866451,0.6820450833421501,0.6940926425266661,0.1203079,0.015099496774593678,False
A: higher external scores / lower credit-income ratio,POC0069,156684,121500.0,220909.0909090909,1.8181818181818181,0.7102141580866451,0.6820450833421501,0.6940926425266661,0.10423027,0.012973343689803494,False
A: higher external scores / lower credit-income ratio,POC0070,144905,270000.0,490909.0909090909,1.8181818181818181,0.7102141580866451,0.6820450833421501,0.6940926425266661,0.07520217,0.009256166265035112,False
A: higher external scores / lower credit-income ratio,POC0071,229123,180000.0,327272.72727272724,1.818181818181818,0.7102141580866451,0.6820450833421501,0.6940926425266661,0.03805313,0.004680481355649423,False
A: higher external scores / lower credit-income ratio,POC0072,218412,112500.0,204545.45454545453,1.8181818181818181,0.7102141580866451,0.6820450833421501,0.6940926425266661,0.09622678,0.011933618278715658,False
A: higher external scores / lower credit-income ratio,POC0073,70382,459000.0,834545.4545454545,1.8181818181818181,0.7102141580866451,0.6820450833421501,0.6940926425266661,0.24098665,0.03307069122274593,False
A: higher external scores / lower credit-income ratio,POC0074,124028,270000.0,490909.0909090909,1.8181818181818181,0.7102141580866451,0.6820450833421501,0.6940926425266661,0.036324393,0.004470973761085623,False
A: higher external scores / lower credit-income ratio,POC0075,186554,225000.0,409090.90909090906,1.8181818181818181,0.7102141580866451,0.6820450833421501,0.6940926425266661,0.13931458,0.017682704352688452,False
A: higher external scores / lower credit-income ratio,POC0076,176407,121500.0,220909.0909090909,1.8181818181818181,0.7102141580866451,0.6820450833421501,0.6940926425266661,0.1685749,0.021822543170512087,False
A: higher external scores / lower credit-income ratio,POC0077,139785,90000.0,163636.36363636362,1.818181818181818,0.7102141580866451,0.6820450833421501,0.6940926425266661,0.1559559,0.02001166768765226,False
A: higher external scores / lower credit-income ratio,POC0078,70870,112500.0,204545.45454545453,1.8181818181818181,0.7102141580866451,0.6820450833421501,0.6940926425266661,0.06282153,0.0077122034725533644,False
A: higher external scores / lower credit-income ratio,POC0079,258040,225000.0,409090.90909090906,1.8181818181818181,0.7102141580866451,0.6820450833421501,0.6940926425266661,0.08855186,0.01094752022716656,False
A: higher external scores / lower credit-income ratio,POC0080,36357,90000.0,163636.36363636362,1.818181818181818,0.7102141580866451,0.6820450833421501,0.6940926425266661,0.08716788,0.01077080047230017,False
A: higher external scores / lower credit-income ratio,POC0081,225837,202500.0,368181.8181818182,1.8181818181818181,0.7102141580866451,0.6820450833421501,0.6940926425266661,0.3490624,0.05334501585356804,False
A: higher external scores / lower credit-income ratio,POC0082,63803,90000.0,163636.36363636362,1.818181818181818,0.7102141580866451,0.6820450833421501,0.6940926425266661,0.07818776,0.009631922195108597,False
A: higher external scores / lower credit-income ratio,POC0083,33926,135000.0,245454.54545454544,1.8181818181818181,0.7102141580866451,0.6820450833421501,0.6940926425266661,0.06755186,0.008299510580318983,False
A: higher external scores / lower credit-income ratio,POC0084,260863,211500.0,384545.45454545453,1.8181818181818181,0.7102141580866451,0.6820450833421501,0.6940926425266661,0.12953615,0.016343887629873453,False
A: higher external scores / lower credit-income ratio,POC0085,131737,180000.0,327272.72727272724,1.818181818181818,0.7102141580866451,0.6820450833421501,0.6940926425266661,0.20556694,0.027374682199844555,False
A: higher external scores / lower credit-income ratio,POC0086,58955,292500.0,531818.1818181818,1.818181818181818,0.7102141580866451,0.6820450833421501,0.6940926425266661,0.06265178,0.0076911849418214205,False
A: higher external scores / lower credit-income ratio,POC0087,183690,112500.0,204545.45454545453,1.8181818181818181,0.7102141580866451,0.6820450833421501,0.6940926425266661,0.077860594,0.009590677494700946,False
A: higher external scores / lower credit-income ratio,POC0088,156774,112500.0,204545.45454545453,1.8181818181818181,0.7102141580866451,0.6820450833421501,0.6940926425266661,0.2395829,0.03283722601991736,False
A: higher external scores / lower credit-income ratio,POC0089,278903,157500.0,286363.63636363635,1.8181818181818181,0.7102141580866451,0.6820450833421501,0.6940926425266661,0.21158056,0.028314144865181252,False
A: higher external scores / lower credit-income ratio,POC0090,259414,157500.0,286363.63636363635,1.8181818181818181,0.7102141580866451,0.6820450833421501,0.6940926425266661,0.4301172,0.07239081475292167,False
A: higher external scores / lower credit-income ratio,POC0091,63171,225000.0,409090.90909090906,1.8181818181818181,0.7102141580866451,0.6820450833421501,0.6940926425266661,0.17869885,0.023304862621201274,False
A: higher external scores / lower credit-income ratio,POC0092,92840,180000.0,327272.72727272724,1.818181818181818,0.7102141580866451,0.6820450833421501,0.6940926425266661,0.06609974,0.008118888697703804,False
A: higher external scores / lower credit-income ratio,POC0093,42939,117450.0,213545.45454545453,1.8181818181818181,0.7102141580866451,0.6820450833421501,0.6940926425266661,0.11407135,0.014268609997523267,False
A: higher external scores / lower credit-income ratio,POC0094,265489,90000.0,163636.36363636362,1.818181818181818,0.7102141580866451,0.6820450833421501,0.6940926425266661,0.056016352,0.0068724864793066835,False
A: higher external scores / lower credit-income ratio,POC0095,32897,135000.0,245454.54545454544,1.8181818181818181,0.7102141580866451,0.6820450833421501,0.6940926425266661,0.089330666,0.01104711143410856,False
A: higher external scores / lower credit-income ratio,POC0096,171309,225000.0,409090.90909090906,1.8181818181818181,0.7102141580866451,0.6820450833421501,0.6940926425266661,0.14964528,0.019120784035169383,False
A: higher external scores / lower credit-income ratio,POC0097,220505,157500.0,286363.63636363635,1.8181818181818181,0.7102141580866451,0.6820450833421501,0.6940926425266661,0.17550068,0.022833683713129854,False
A: higher external scores / lower credit-income ratio,POC0098,209627,175500.0,319090.90909090906,1.818181818181818,0.7102141580866451,0.6820450833421501,0.6940926425266661,0.18262199,0.02388658740017142,False
A: higher external scores / lower credit-income ratio,POC0099,239357,67500.0,122727.27272727272,1.8181818181818181,0.7102141580866451,0.6820450833421501,0.6940926425266661,0.056655124,0.006951060166685221,False
A: higher external scores / lower credit-income ratio,POC0100,180250,157500.0,286363.63636363635,1.8181818181818181,0.7102141580866451,0.6820450833421501,0.6940926425266661,0.08335391,0.010285476518851751,False
A: higher external scores / lower credit-income ratio,POC0101,305932,90000.0,163636.36363636362,1.818181818181818,0.7102141580866451,0.6820450833421501,0.6940926425266661,0.0741174,0.009119984421246131,False
A: higher external scores / lower credit-income ratio,POC0102,102415,157500.0,286363.63636363635,1.8181818181818181,0.7102141580866451,0.6820450833421501,0.6940926425266661,0.084835194,0.010473678170857625,False
A: higher external scores / lower credit-income ratio,POC0103,202927,211500.0,384545.45454545453,1.8181818181818181,0.7102141580866451,0.6820450833421501,0.6940926425266661,0.09585124,0.011885123042922713,False
A: higher external scores / lower credit-income ratio,POC0104,295675,450000.0,818181.8181818181,1.8181818181818181,0.7102141580866451,0.6820450833421501,0.6940926425266661,0.11574356,0.014490616878960232,False
A: higher external scores / lower credit-income ratio,POC0105,3772,139500.0,253636.36363636362,1.8181818181818181,0.7102141580866451,0.6820450833421501,0.6940926425266661,0.18344453,0.024009082748633195,False
A: higher external scores / lower credit-income ratio,POC0106,243150,180000.0,327272.72727272724,1.818181818181818,0.7102141580866451,0.6820450833421501,0.6940926425266661,0.24026461,0.03295052242077153,False
A: higher external scores / lower credit-income ratio,POC0107,248501,225000.0,409090.90909090906,1.8181818181818181,0.7102141580866451,0.6820450833421501,0.6940926425266661,0.09876359,0.012261884097200556,False
A: higher external scores / lower credit-income ratio,POC0108,282681,135000.0,245454.54545454544,1.8181818181818181,0.7102141580866451,0.6820450833421501,0.6940926425266661,0.12108684,0.015203837753244558,False
A: higher external scores / lower credit-income ratio,POC0109,257081,90000.0,163636.36363636362,1.818181818181818,0.7102141580866451,0.6820450833421501,0.6940926425266661,0.17687318,0.023035557761313847,False
A: higher external scores / lower credit-income ratio,POC0110,102468,45000.0,81818.18181818181,1.818181818181818,0.7102141580866451,0.6820450833421501,0.6940926425266661,0.14704242,0.018756105840537485,False
A: higher external scores / lower credit-income ratio,POC0111,214137,90000.0,163636.36363636362,1.818181818181818,0.7102141580866451,0.6820450833421501,0.6940926425266661,0.076672025,0.009440982648611086,False
A: higher external scores / lower credit-income ratio,POC0112,200185,85500.0,155454.54545454544,1.8181818181818181,0.7102141580866451,0.6820450833421501,0.6940926425266661,0.1125161,0.014062637925166892,False
A: higher external scores / lower credit-income ratio,POC0113,273544,112500.0,204545.45454545453,1.8181818181818181,0.7102141580866451,0.6820450833421501,0.6940926425266661,0.1239247,0.015585050454384316,False
A: higher external scores / lower credit-income ratio,POC0114,273140,112500.0,204545.45454545453,1.8181818181818181,0.7102141580866451,0.6820450833421501,0.6940926425266661,0.13089626,0.016528839437128233,False
A: higher external scores / lower credit-income ratio,POC0115,6805,157500.0,286363.63636363635,1.8181818181818181,0.7102141580866451,0.6820450833421501,0.6940926425266661,0.12978998,0.01637837323382817,False
A: higher external scores / lower credit-income ratio,POC0116,306136,90000.0,163636.36363636362,1.818181818181818,0.7102141580866451,0.6820450833421501,0.6940926425266661,0.117884286,0.014775654437856715,False
A: higher external scores / lower credit-income ratio,POC0117,57720,360000.0,654545.4545454545,1.818181818181818,0.7102141580866451,0.6820450833421501,0.6940926425266661,0.12256257,0.015401862549526805,False
A: higher external scores / lower credit-income ratio,POC0118,278139,112500.0,204545.45454545453,1.8181818181818181,0.7102141580866451,0.6820450833421501,0.6940926425266661,0.10342611,0.012868333396326025,False
A: higher external scores / lower credit-income ratio,POC0119,28733,126000.0,229090.9090909091,1.8181818181818181,0.7102141580866451,0.6820450833421501,0.6940926425266661,0.11535011,0.01443833061767902,False
A: higher external scores / lower credit-income ratio,POC0120,238601,270000.0,490909.0909090909,1.8181818181818181,0.7102141580866451,0.6820450833421501,0.6940926425266661,0.11124132,0.013894171181058805,False
A: higher external scores / lower credit-income ratio,POC0121,241724,125730.0,228600.0,1.8181818181818181,0.7102141580866451,0.6820450833421501,0.6940926425266661,0.04250743,0.005221260110998195,False
A: higher external scores / lower credit-income ratio,POC0122,171743,157500.0,286363.63636363635,1.8181818181818181,0.7102141580866451,0.6820450833421501,0.6940926425266661,0.12539291,0.015782945143828057,False
A: higher external scores / lower credit-income ratio,POC0123,253011,67500.0,122727.27272727272,1.8181818181818181,0.7102141580866451,0.6820450833421501,0.6940926425266661,0.15102518,0.019314768668163583,False
A: higher external scores / lower credit-income ratio,POC0124,297783,110250.0,200454.54545454544,1.8181818181818181,0.7102141580866451,0.6820450833421501,0.6940926425266661,0.13232966,0.016724197157139263,False
A: higher external scores / lower credit-income ratio,POC0125,21579,67500.0,122727.27272727272,1.8181818181818181,0.7102141580866451,0.6820450833421501,0.6940926425266661,0.097939625,0.012155132473097305,False
A: higher external scores / lower credit-income ratio,POC0126,23964,134248.5,244088.18181818182,1.8181818181818181,0.7102141580866451,0.6820450833421501,0.6940926425266661,0.103172176,0.01283519857830818,False
A: higher external scores / lower credit-income ratio,POC0127,131196,225000.0,409090.90909090906,1.8181818181818181,0.7102141580866451,0.6820450833421501,0.6940926425266661,0.10484285,0.013053419855537964,False
A: higher external scores / lower credit-income ratio,POC0128,51277,234000.0,425454.5454545454,1.818181818181818,0.7102141580866451,0.6820450833421501,0.6940926425266661,0.13650621,0.0172960113845823,False
A: higher external scores / lower credit-income ratio,POC0129,172683,112500.0,204545.45454545453,1.8181818181818181,0.7102141580866451,0.6820450833421501,0.6940926425266661,0.110332,0.013774198427679334,False
A: higher external scores / lower credit-income ratio,POC0130,233597,76500.0,139090.9090909091,1.8181818181818181,0.7102141580866451,0.6820450833421501,0.6940926425266661,0.03100118,0.0038268278273674043,False
A: higher external scores / lower credit-income ratio,POC0131,222818,135000.0,245454.54545454544,1.8181818181818181,0.7102141580866451,0.6820450833421501,0.6940926425266661,0.08451316,0.01043273137889778,False
A: higher external scores / lower credit-income ratio,POC0132,281506,117000.0,212727.2727272727,1.818181818181818,0.7102141580866451,0.6820450833421501,0.6940926425266661,0.07981032,0.00983672207535509,False
A: higher external scores / lower credit-income ratio,POC0133,77011,36000.0,65454.545454545456,1.8181818181818181,0.7102141580866451,0.6820450833421501,0.6940926425266661,0.11706879,0.014666960516843434,False
A: higher external scores / lower credit-income ratio,POC0134,296587,126000.0,229090.9090909091,1.8181818181818181,0.7102141580866451,0.6820450833421501,0.6940926425266661,0.07927058,0.009768548819151178,False
A: higher external scores / lower credit-income ratio,POC0135,111967,72000.0,130909.09090909091,1.8181818181818181,0.7102141580866451,0.6820450833421501,0.6940926425266661,0.034591757,0.004261167920307192,False
A: higher external scores / lower credit-income ratio,POC0136,246331,157500.0,286363.63636363635,1.8181818181818181,0.7102141580866451,0.6820450833421501,0.6940926425266661,0.10806576,0.013475908216575664,False
A: higher external scores / lower credit-income ratio,POC0137,83901,67500.0,122727.27272727272,1.8181818181818181,0.7102141580866451,0.6820450833421501,0.6940926425266661,0.13301466,0.01681771610709612,False
A: higher external scores / lower credit-income ratio,POC0138,43423,247500.0,450000.0,1.8181818181818181,0.7102141580866451,0.6820450833421501,0.6940926425266661,0.08470234,0.010456784080625496,False
A: higher external scores / lower credit-income ratio,POC0139,4795,202500.0,368181.8181818182,1.8181818181818181,0.7102141580866451,0.6820450833421501,0.6940926425266661,0.05193539,0.006371629060917898,False
A: higher external scores / lower credit-income ratio,POC0140,73450,118350.0,215181.81818181818,1.8181818181818181,0.7102141580866451,0.6820450833421501,0.6940926425266661,0.14869939,0.018988072206248506,False
A: higher external scores / lower credit-income ratio,POC0141,148307,180000.0,327272.72727272724,1.818181818181818,0.7102141580866451,0.6820450833421501,0.6940926425266661,0.12402366,0.015598374322764454,False
A: higher external scores / lower credit-income ratio,POC0142,10564,225000.0,409090.90909090906,1.8181818181818181,0.7102141580866451,0.6820450833421501,0.6940926425266661,0.09944826,0.012350684183868046,False
A: higher external scores / lower credit-income ratio,POC0143,295869,78750.0,143181.81818181818,1.8181818181818181,0.7102141580866451,0.6820450833421501,0.6940926425266661,0.13124646,0.01657652734662228,False
A: higher external scores / lower credit-income ratio,POC0144,192847,112500.0,204545.45454545453,1.8181818181818181,0.7102141580866451,0.6820450833421501,0.6940926425266661,0.16097555,0.020727235461855946,False
A: higher external scores / lower credit-income ratio,POC0145,211192,360000.0,654545.4545454545,1.818181818181818,0.7102141580866451,0.6820450833421501,0.6940926425266661,0.13632071,0.017270531257599333,False
A: higher external scores / lower credit-income ratio,POC0146,156187,112500.0,204545.45454545453,1.8181818181818181,0.7102141580866451,0.6820450833421501,0.6940926425266661,0.11311049,0.014141299985840048,False
A: higher external scores / lower credit-income ratio,POC0147,18847,90000.0,163636.36363636362,1.818181818181818,0.7102141580866451,0.6820450833421501,0.6940926425266661,0.15472728,0.019837466694454724,False
A: higher external scores / lower credit-income ratio,POC0148,258327,90000.0,163636.36363636362,1.818181818181818,0.7102141580866451,0.6820450833421501,0.6940926425266661,0.15341502,0.01965181167013573,False
A: higher external scores / lower credit-income ratio,POC0149,50386,270000.0,490909.0909090909,1.8181818181818181,0.7102141580866451,0.6820450833421501,0.6940926425266661,0.12978812,0.016378120118237503,False
A: higher external scores / lower credit-income ratio,POC0150,117743,180000.0,327272.72727272724,1.818181818181818,0.7102141580866451,0.6820450833421501,0.6940926425266661,0.054672573,0.006707350881106706,False
A: higher external scores / lower credit-income ratio,POC0151,82020,81000.0,147272.72727272726,1.8181818181818181,0.7102141580866451,0.6820450833421501,0.6940926425266661,0.069572665,0.008551369123513399,False
A: higher external scores / lower credit-income ratio,POC0152,41141,90000.0,163636.36363636362,1.818181818181818,0.7102141580866451,0.6820450833421501,0.6940926425266661,0.06637288,0.00815284036757777,False
A: higher external scores / lower credit-income ratio,POC0153,158665,162000.0,294545.45454545453,1.8181818181818181,0.7102141580866451,0.6820450833421501,0.6940926425266661,0.100377075,0.012471287787713385,False
A: higher external scores / lower credit-income ratio,POC0154,249190,225000.0,409090.90909090906,1.8181818181818181,0.7102141580866451,0.6820450833421501,0.6940926425266661,0.041142438,0.005055382079569521,False
A: higher external scores / lower credit-income ratio,POC0155,117485,180000.0,327272.72727272724,1.818181818181818,0.7102141580866451,0.6820450833421501,0.6940926425266661,0.19015712,0.025015680955735496,False
A: higher external scores / lower credit-income ratio,POC0156,45546,63000.0,114545.45454545454,1.8181818181818181,0.7102141580866451,0.6820450833421501,0.6940926425266661,0.05165218,0.0063369406484799825,False
A: higher external scores / lower credit-income ratio,POC0157,53302,180000.0,327272.72727272724,1.818181818181818,0.7102141580866451,0.6820450833421501,0.6940926425266661,0.10548244,0.01313710328003222,False
A: higher external scores / lower credit-income ratio,POC0158,41703,189000.0,343636.36363636365,1.8181818181818183,0.7102141580866451,0.6820450833421501,0.6940926425266661,0.11021351,0.01375857775646826,False
A: higher external scores / lower credit-income ratio,POC0159,139285,135000.0,245454.54545454544,1.8181818181818181,0.7102141580866451,0.6820450833421501,0.6940926425266661,0.19401084,0.02559924486753774,False
A: higher external scores / lower credit-income ratio,POC0160,53694,94500.0,171818.18181818182,1.8181818181818183,0.7102141580866451,0.6820450833421501,0.6940926425266661,0.08920617,0.011031183890639866,False
A: higher external scores / lower credit-income ratio,POC0161,159555,270000.0,490909.0909090909,1.8181818181818181,0.7102141580866451,0.6820450833421501,0.6940926425266661,0.15573938,0.01998094226060675,False
A: higher external scores / lower credit-income ratio,POC0162,236729,58500.0,106363.63636363635,1.818181818181818,0.7102141580866451,0.6820450833421501,0.6940926425266661,0.09988578,0.012407474023897613,False
A: higher external scores / lower credit-income ratio,POC0163,85262,90000.0,163636.36363636362,1.818181818181818,0.7102141580866451,0.6820450833421501,0.6940926425266661,0.0537981,0.006600001961667089,False
A: higher external scores / lower credit-income ratio,POC0164,13420,157500.0,286363.63636363635,1.8181818181818181,0.7102141580866451,0.6820450833421501,0.6940926425266661,0.14396389,0.01832683824044967,False
A: higher external scores / lower credit-income ratio,POC0165,15174,103500.0,188181.81818181818,1.8181818181818181,0.7102141580866451,0.6820450833421501,0.6940926425266661,0.060041387,0.0073684368084306565,False
A: higher external scores / lower credit-income ratio,POC0166,55769,225000.0,409090.90909090906,1.8181818181818181,0.7102141580866451,0.6820450833421501,0.6940926425266661,0.011798757,0.0014998086983194787,False
A: higher external scores / lower credit-income ratio,POC0167,64227,45000.0,81818.18181818181,1.818181818181818,0.7102141580866451,0.6820450833421501,0.6940926425266661,0.042987645,0.005279653762251879,False
A: higher external scores / lower credit-income ratio,POC0168,121958,157500.0,286363.63636363635,1.8181818181818181,0.7102141580866451,0.6820450833421501,0.6940926425266661,0.08691764,0.010738882009865499,False
A: higher external scores / lower credit-income ratio,POC0169,5378,36000.0,65454.545454545456,1.8181818181818181,0.7102141580866451,0.6820450833421501,0.6940926425266661,0.03465354,0.004268646643111281,False
A: higher external scores / lower credit-income ratio,POC0170,274173,90000.0,163636.36363636362,1.818181818181818,0.7102141580866451,0.6820450833421501,0.6940926425266661,0.26081687,0.03644167774033096,False
A: higher external scores / lower credit-income ratio,POC0171,306424,180000.0,327272.72727272724,1.818181818181818,0.7102141580866451,0.6820450833421501,0.6940926425266661,0.08669822,0.010710903812532663,False
A: higher external scores / lower credit-income ratio,POC0172,27394,112500.0,204545.45454545453,1.8181818181818181,0.7102141580866451,0.6820450833421501,0.6940926425266661,0.04174262,0.005128299576092244,False
A: higher external scores / lower credit-income ratio,POC0173,288487,112500.0,204545.45454545453,1.8181818181818181,0.7102141580866451,0.6820450833421501,0.6940926425266661,0.10094315,0.012544869649411927,False
A: higher external scores / lower credit-income ratio,POC0174,155153,202500.0,368181.8181818182,1.8181818181818181,0.7102141580866451,0.6820450833421501,0.6940926425266661,0.031882226,0.003933359011987041,False
A: higher external scores / lower credit-income ratio,POC0175,198799,157500.0,286363.63636363635,1.8181818181818181,0.7102141580866451,0.6820450833421501,0.6940926425266661,0.12917289,0.01629455836601541,False
A: higher external scores / lower credit-income ratio,POC0176,257062,90000.0,163636.36363636362,1.818181818181818,0.7102141580866451,0.6820450833421501,0.6940926425266661,0.110005215,0.013731123801971295,False
A: higher external scores / lower credit-income ratio,POC0177,21435,180000.0,327272.72727272724,1.818181818181818,0.7102141580866451,0.6820450833421501,0.6940926425266661,0.07472709,0.009196502554242009,False
A: higher external scores / lower credit-income ratio,POC0178,224429,157500.0,286363.63636363635,1.8181818181818181,0.7102141580866451,0.6820450833421501,0.6940926425266661,0.16734506,0.02164428969510932,False
A: higher external scores / lower credit-income ratio,POC0179,83357,90000.0,163636.36363636362,1.818181818181818,0.7102141580866451,0.6820450833421501,0.6940926425266661,0.15315649,0.019615283834472197,False
A: higher external scores / lower credit-income ratio,POC0180,189909,202500.0,368181.8181818182,1.8181818181818181,0.7102141580866451,0.6820450833421501,0.6940926425266661,0.172067,0.022330816223338247,False
A: higher external scores / lower credit-income ratio,POC0181,275808,112500.0,204545.45454545453,1.8181818181818181,0.7102141580866451,0.6820450833421501,0.6940926425266661,0.107016675,0.013338163774406137,False
A: higher external scores / lower credit-income ratio,POC0182,140407,81000.0,147272.72727272726,1.8181818181818181,0.7102141580866451,0.6820450833421501,0.6940926425266661,0.09922098,0.01232119692927961,False
A: higher external scores / lower credit-income ratio,POC0183,79657,112500.0,204545.45454545453,1.8181818181818181,0.7102141580866451,0.6820450833421501,0.6940926425266661,0.16399938,0.021161316259759644,False
A: higher external scores / lower credit-income ratio,POC0184,106834,135000.0,245454.54545454544,1.8181818181818181,0.7102141580866451,0.6820450833421501,0.6940926425266661,0.08761536,0.010827903478528973,False
A: higher external scores / lower credit-income ratio,POC0185,273213,135000.0,245454.54545454544,1.8181818181818181,0.7102141580866451,0.6820450833421501,0.6940926425266661,0.045233637,0.005553028545392485,False
A: higher external scores / lower credit-income ratio,POC0186,156939,99000.0,180000.0,1.8181818181818181,0.7102141580866451,0.6820450833421501,0.6940926425266661,0.15327315,0.0196317646269054,False
A: higher external scores / lower credit-income ratio,POC0187,50161,180000.0,327272.72727272724,1.818181818181818,0.7102141580866451,0.6820450833421501,0.6940926425266661,0.046578933,0.00571699314399844,False
A: higher external scores / lower credit-income ratio,POC0188,94024,180000.0,327272.72727272724,1.818181818181818,0.7102141580866451,0.6820450833421501,0.6940926425266661,0.090185426,0.011156536144414768,False
A: higher external scores / lower credit-income ratio,POC0189,20943,103500.0,188181.81818181818,1.8181818181818181,0.7102141580866451,0.6820450833421501,0.6940926425266661,0.09945727,0.01235185304509531,False
A: higher external scores / lower credit-income ratio,POC0190,196856,148500.0,270000.0,1.8181818181818181,0.7102141580866451,0.6820450833421501,0.6940926425266661,0.067168705,0.008251823058522127,False
A: higher external scores / lower credit-income ratio,POC0191,169146,135000.0,245454.54545454544,1.8181818181818181,0.7102141580866451,0.6820450833421501,0.6940926425266661,0.046275176,0.005679956385419836,False
A: higher external scores / lower credit-income ratio,POC0192,95011,135000.0,245454.54545454544,1.8181818181818181,0.7102141580866451,0.6820450833421501,0.6940926425266661,0.17401856,0.022616245991372914,False
A: higher external scores / lower credit-income ratio,POC0193,219352,162000.0,294545.45454545453,1.8181818181818181,0.7102141580866451,0.6820450833421501,0.6940926425266661,0.27357966,0.03868640896684349,False
A: higher external scores / lower credit-income ratio,POC0194,287797,180000.0,327272.72727272724,1.818181818181818,0.7102141580866451,0.6820450833421501,0.6940926425266661,0.15393893,0.019725883244896467,False
A: higher external scores / lower credit-income ratio,POC0195,286554,112500.0,204545.45454545453,1.8181818181818181,0.7102141580866451,0.6820450833421501,0.6940926425266661,0.08402576,0.01037079236072298,False
A: higher external scores / lower credit-income ratio,POC0196,266702,112500.0,204545.45454545453,1.8181818181818181,0.7102141580866451,0.6820450833421501,0.6940926425266661,0.12712693,0.01601725960231396,False
A: higher external scores / lower credit-income ratio,POC0197,24703,202500.0,368181.8181818182,1.8181818181818181,0.7102141580866451,0.6820450833421501,0.6940926425266661,0.11295362,0.01412053263016929,False
A: higher external scores / lower credit-income ratio,POC0198,246684,135000.0,245454.54545454544,1.8181818181818181,0.7102141580866451,0.6820450833421501,0.6940926425266661,0.086544685,0.010691331547403354,False
A: higher external scores / lower credit-income ratio,POC0199,22765,157500.0,286363.63636363635,1.8181818181818181,0.7102141580866451,0.6820450833421501,0.6940926425266661,0.11954704,0.014997699916497,False
A: higher external scores / lower credit-income ratio,POC0200,149948,135000.0,245454.54545454544,1.8181818181818181,0.7102141580866451,0.6820450833421501,0.6940926425266661,0.20978582,0.028032629102850242,False
A: higher external scores / lower credit-income ratio,POC0201,57342,112500.0,204545.45454545453,1.8181818181818181,0.7102141580866451,0.6820450833421501,0.6940926425266661,0.12523966,0.01576226657061857,False
A: higher external scores / lower credit-income ratio,POC0202,197162,270000.0,490909.0909090909,1.8181818181818181,0.7102141580866451,0.6820450833421501,0.6940926425266661,0.10907412,0.013608507931316571,False
A: higher external scores / lower credit-income ratio,POC0203,236247,135000.0,245454.54545454544,1.8181818181818181,0.7102141580866451,0.6820450833421501,0.6940926425266661,0.2186546,0.029433325620526224,False
A: higher external scores / lower credit-income ratio,POC0204,275522,67500.0,122727.27272727272,1.8181818181818181,0.7102141580866451,0.6820450833421501,0.6940926425266661,0.0877456,0.01084452930888897,False
A: higher external scores / lower credit-income ratio,POC0205,134239,292500.0,531818.1818181818,1.818181818181818,0.7102141580866451,0.6820450833421501,0.6940926425266661,0.04828878,0.0059256411312214735,False
A: higher external scores / lower credit-income ratio,POC0206,90949,157500.0,286363.63636363635,1.8181818181818181,0.7102141580866451,0.6820450833421501,0.6940926425266661,0.113411255,0.014181130303204599,False
A: higher external scores / lower credit-income ratio,POC0207,216433,112500.0,204545.45454545453,1.8181818181818181,0.7102141580866451,0.6820450833421501,0.6940926425266661,0.049692705,0.006097177957015908,False
A: higher external scores / lower credit-income ratio,POC0208,266388,238500.0,433636.36363636365,1.8181818181818181,0.7102141580866451,0.6820450833421501,0.6940926425266661,0.042259198,0.005191083062328707,False
A: higher external scores / lower credit-income ratio,POC0209,282235,135000.0,245454.54545454544,1.8181818181818181,0.7102141580866451,0.6820450833421501,0.6940926425266661,0.133089,0.016827871701923548,False
A: higher external scores / lower credit-income ratio,POC0210,12730,112500.0,204545.45454545453,1.8181818181818181,0.7102141580866451,0.6820450833421501,0.6940926425266661,0.1785178,0.023278116399756597,False
A: higher external scores / lower credit-income ratio,POC0211,305356,184500.0,335454.54545454547,1.8181818181818183,0.7102141580866451,0.6820450833421501,0.6940926425266661,0.07269244,0.008941367471815625,False
A: higher external scores / lower credit-income ratio,POC0212,138657,135000.0,245454.54545454544,1.8181818181818181,0.7102141580866451,0.6820450833421501,0.6940926425266661,0.09048114,0.011194422451176675,False
A: higher external scores / lower credit-income ratio,POC0213,44682,198000.0,360000.0,1.8181818181818181,0.7102141580866451,0.6820450833421501,0.6940926425266661,0.022375925,0.002784370182651595,False
A: higher external scores / lower credit-income ratio,POC0214,295197,405000.0,736363.6363636364,1.8181818181818181,0.7102141580866451,0.6820450833421501,0.6940926425266661,0.22957927,0.031192473291000666,False
A: higher external scores / lower credit-income ratio,POC0215,106758,315000.0,572727.2727272727,1.8181818181818181,0.7102141580866451,0.6820450833421501,0.6940926425266661,0.06823558,0.008384659342549824,False
A: higher external scores / lower credit-income ratio,POC0216,115518,245046.6,445539.2727272727,1.8181818181818181,0.7102141580866451,0.6820450833421501,0.6940926425266661,0.031369872,0.0038714049522844667,False
A: higher external scores / lower credit-income ratio,POC0217,63860,81000.0,147272.72727272726,1.8181818181818181,0.7102141580866451,0.6820450833421501,0.6940926425266661,0.07794157,0.009600883772117643,False
A: higher external scores / lower credit-income ratio,POC0218,124791,202500.0,368181.8181818182,1.8181818181818181,0.7102141580866451,0.6820450833421501,0.6940926425266661,0.18470822,0.024197634454484935,False
A: higher external scores / lower credit-income ratio,POC0219,138326,112500.0,204545.45454545453,1.8181818181818181,0.7102141580866451,0.6820450833421501,0.6940926425266661,0.17816524,0.0232260579485421,False
A: higher external scores / lower credit-income ratio,POC0220,24762,301500.0,548181.8181818181,1.818181818181818,0.7102141580866451,0.6820450833421501,0.6940926425266661,0.035527457,0.004374452075655855,False
A: higher external scores / lower credit-income ratio,POC0221,31320,180000.0,327272.72727272724,1.818181818181818,0.7102141580866451,0.6820450833421501,0.6940926425266661,0.09268784,0.011477625888582262,False
A: higher external scores / lower credit-income ratio,POC0222,218418,202500.0,368181.8181818182,1.8181818181818181,0.7102141580866451,0.6820450833421501,0.6940926425266661,0.12066334,0.015147092614531548,False
A: higher external scores / lower credit-income ratio,POC0223,266978,76500.0,139090.9090909091,1.8181818181818181,0.7102141580866451,0.6820450833421501,0.6940926425266661,0.09061803,0.011211965676146797,False
A: higher external scores / lower credit-income ratio,POC0224,128869,76500.0,139090.9090909091,1.8181818181818181,0.7102141580866451,0.6820450833421501,0.6940926425266661,0.03534532,0.00435239734500463,False
A: higher external scores / lower credit-income ratio,POC0225,122007,202500.0,368181.8181818182,1.8181818181818181,0.7102141580866451,0.6820450833421501,0.6940926425266661,0.046268098,0.005679093469704905,False
A: higher external scores / lower credit-income ratio,POC0226,36461,225000.0,409090.90909090906,1.8181818181818181,0.7102141580866451,0.6820450833421501,0.6940926425266661,0.10810922,0.013481619013577405,False
A: higher external scores / lower credit-income ratio,POC0227,32558,45000.0,81818.18181818181,1.818181818181818,0.7102141580866451,0.6820450833421501,0.6940926425266661,0.042209342,0.00518502281244586,False
A: higher external scores / lower credit-income ratio,POC0228,151640,247500.0,450000.0,1.8181818181818181,0.7102141580866451,0.6820450833421501,0.6940926425266661,0.04995949,0.0061297976390545595,False
A: higher external scores / lower credit-income ratio,POC0229,83970,157500.0,286363.63636363635,1.8181818181818181,0.7102141580866451,0.6820450833421501,0.6940926425266661,0.05144303,0.00631132924429832,False
A: higher external scores / lower credit-income ratio,POC0230,270290,202500.0,368181.8181818182,1.8181818181818181,0.7102141580866451,0.6820450833421501,0.6940926425266661,0.04743533,0.005821460701908325,False
A: higher external scores / lower credit-income ratio,POC0231,1147,202500.0,368181.8181818182,1.8181818181818181,0.7102141580866451,0.6820450833421501,0.6940926425266661,0.0732244,0.009008012451669115,False
A: higher external scores / lower credit-income ratio,POC0232,109840,135000.0,245454.54545454544,1.8181818181818181,0.7102141580866451,0.6820450833421501,0.6940926425266661,0.24112512,0.0330937580883459,False
A: higher external scores / lower credit-income ratio,POC0233,8125,171000.0,310909.0909090909,1.8181818181818181,0.7102141580866451,0.6820450833421501,0.6940926425266661,0.10954787,0.013670874329322983,False
A: higher external scores / lower credit-income ratio,POC0234,204576,112500.0,204545.45454545453,1.8181818181818181,0.7102141580866451,0.6820450833421501,0.6940926425266661,0.11038489,0.01378117229337089,False
A: higher external scores / lower credit-income ratio,POC0235,246601,234000.0,425454.5454545454,1.818181818181818,0.7102141580866451,0.6820450833421501,0.6940926425266661,0.10084954,0.012532697588161314,False
A: higher external scores / lower credit-income ratio,POC0236,86326,135000.0,245454.54545454544,1.8181818181818181,0.7102141580866451,0.6820450833421501,0.6940926425266661,0.019261228,0.0024074490339981306,False
A: higher external scores / lower credit-income ratio,POC0237,25593,67500.0,122727.27272727272,1.8181818181818181,0.7102141580866451,0.6820450833421501,0.6940926425266661,0.11059564,0.013808966170655634,False
A: higher external scores / lower credit-income ratio,POC0238,121095,225000.0,409090.90909090906,1.8181818181818181,0.7102141580866451,0.6820450833421501,0.6940926425266661,0.1543824,0.019788632361508348,False
A: higher external scores / lower credit-income ratio,POC0239,268312,171000.0,310909.0909090909,1.8181818181818181,0.7102141580866451,0.6820450833421501,0.6940926425266661,0.10277981,0.012784025677980307,False
A: higher external scores / lower credit-income ratio,POC0240,96438,112500.0,204545.45454545453,1.8181818181818181,0.7102141580866451,0.6820450833421501,0.6940926425266661,0.1216633,0.015281137145874571,False
A: higher external scores / lower credit-income ratio,POC0241,299908,112500.0,204545.45454545453,1.8181818181818181,0.7102141580866451,0.6820450833421501,0.6940926425266661,0.20344001,0.027044986300329074,False
A: higher external scores / lower credit-income ratio,POC0242,149893,198000.0,360000.0,1.8181818181818181,0.7102141580866451,0.6820450833421501,0.6940926425266661,0.077882126,0.009593391429260264,False
A: higher external scores / lower credit-income ratio,POC0243,22985,135000.0,245454.54545454544,1.8181818181818181,0.7102141580866451,0.6820450833421501,0.6940926425266661,0.14509045,0.018483667407461365,False
A: higher external scores / lower credit-income ratio,POC0244,278535,94500.0,171818.18181818182,1.8181818181818183,0.7102141580866451,0.6820450833421501,0.6940926425266661,0.046309832,0.00568418156205497,False
A: higher external scores / lower credit-income ratio,POC0245,32389,99000.0,180000.0,1.8181818181818181,0.7102141580866451,0.6820450833421501,0.6940926425266661,0.09475088,0.01174317493284312,False
A: higher external scores / lower credit-income ratio,POC0246,182503,211500.0,384545.45454545453,1.8181818181818181,0.7102141580866451,0.6820450833421501,0.6940926425266661,0.12343403,0.015519016484738265,False
A: higher external scores / lower credit-income ratio,POC0247,18786,360000.0,654545.4545454545,1.818181818181818,0.7102141580866451,0.6820450833421501,0.6940926425266661,0.026565293,0.003290723288646813,False
A: higher external scores / lower credit-income ratio,POC0248,196887,135000.0,245454.54545454544,1.8181818181818181,0.7102141580866451,0.6820450833421501,0.6940926425266661,0.121718146,0.015288494957524174,False
A: higher external scores / lower credit-income ratio,POC0249,192481,225000.0,409090.90909090906,1.8181818181818181,0.7102141580866451,0.6820450833421501,0.6940926425266661,0.23952943,0.03282834703766666,False
A: higher external scores / lower credit-income ratio,POC0250,40156,225000.0,409090.90909090906,1.8181818181818181,0.7102141580866451,0.6820450833421501,0.6940926425266661,0.07608814,0.009367525868477892,False
A: higher external scores / lower credit-income ratio,POC0251,303818,126000.0,229090.9090909091,1.8181818181818181,0.7102141580866451,0.6820450833421501,0.6940926425266661,0.19844542,0.026275986180565796,False
A: higher external scores / lower credit-income ratio,POC0252,130068,81000.0,147272.72727272726,1.8181818181818181,0.7102141580866451,0.6820450833421501,0.6940926425266661,0.10726663,0.013370962913434072,False
A: higher external scores / lower credit-income ratio,POC0253,68857,225000.0,409090.90909090906,1.8181818181818181,0.7102141580866451,0.6820450833421501,0.6940926425266661,0.14881176,0.0190038268705973,False
A: higher external scores / lower credit-income ratio,POC0254,131049,112500.0,204545.45454545453,1.8181818181818181,0.7102141580866451,0.6820450833421501,0.6940926425266661,0.041107014,0.005051079245193395,False
A: higher external scores / lower credit-income ratio,POC0255,277981,180000.0,327272.72727272724,1.818181818181818,0.7102141580866451,0.6820450833421501,0.6940926425266661,0.18222548,0.02382760454621928,False
A: higher external scores / lower credit-income ratio,POC0256,63973,67500.0,122727.27272727272,1.8181818181818181,0.7102141580866451,0.6820450833421501,0.6940926425266661,0.12270835,0.015421449003867998,False
A: higher external scores / lower credit-income ratio,POC0257,199102,171000.0,310909.0909090909,1.8181818181818181,0.7102141580866451,0.6820450833421501,0.6940926425266661,0.06965559,0.00856171689672426,False
A: higher external scores / lower credit-income ratio,POC0258,93189,247500.0,450000.0,1.8181818181818181,0.7102141580866451,0.6820450833421501,0.6940926425266661,0.30851126,0.04515793869469353,False
A: higher external scores / lower credit-income ratio,POC0259,88701,157500.0,286363.63636363635,1.8181818181818181,0.7102141580866451,0.6820450833421501,0.6940926425266661,0.22832504,0.030988573026739307,False
A: higher external scores / lower credit-income ratio,POC0260,56398,135000.0,245454.54545454544,1.8181818181818181,0.7102141580866451,0.6820450833421501,0.6940926425266661,0.10625638,0.013238471067811522,False
A: higher external scores / lower credit-income ratio,POC0261,237176,135000.0,245454.54545454544,1.8181818181818181,0.7102141580866451,0.6820450833421501,0.6940926425266661,0.15241176,0.019510152730677206,False
A: higher external scores / lower credit-income ratio,POC0262,139701,45000.0,81818.18181818181,1.818181818181818,0.7102141580866451,0.6820450833421501,0.6940926425266661,0.034418613,0.00424021046994463,False
A: higher external scores / lower credit-income ratio,POC0263,132018,81000.0,147272.72727272726,1.8181818181818181,0.7102141580866451,0.6820450833421501,0.6940926425266661,0.1475181,0.01882263154518865,False
A: higher external scores / lower credit-income ratio,POC0264,43600,270000.0,490909.0909090909,1.8181818181818181,0.7102141580866451,0.6820450833421501,0.6940926425266661,0.06277779,0.007706786793845305,False
A: higher external scores / lower credit-income ratio,POC0265,56612,315000.0,572727.2727272727,1.8181818181818181,0.7102141580866451,0.6820450833421501,0.6940926425266661,0.10283189,0.012790816345856422,False
A: higher external scores / lower credit-income ratio,POC0266,288672,135000.0,245454.54545454544,1.8181818181818181,0.7102141580866451,0.6820450833421501,0.6940926425266661,0.08981986,0.011109721974499033,False
A: higher external scores / lower credit-income ratio,POC0267,117788,67500.0,122727.27272727272,1.8181818181818181,0.7102141580866451,0.6820450833421501,0.6940926425266661,0.086016946,0.010624086745998743,False
A: higher external scores / lower credit-income ratio,POC0268,230412,450000.0,818181.8181818181,1.8181818181818181,0.7102141580866451,0.6820450833421501,0.6940926425266661,0.05260859,0.006454119995545781,False
A: higher external scores / lower credit-income ratio,POC0269,146770,157500.0,286363.63636363635,1.8181818181818181,0.7102141580866451,0.6820450833421501,0.6940926425266661,0.25504524,0.03544622127579202,False
A: higher external scores / lower credit-income ratio,POC0270,194887,135000.0,245454.54545454544,1.8181818181818181,0.7102141580866451,0.6820450833421501,0.6940926425266661,0.16468279,0.021259740879060726,False
A: higher external scores / lower credit-income ratio,POC0271,220695,122400.0,222545.45454545453,1.8181818181818181,0.7102141580866451,0.6820450833421501,0.6940926425266661,0.20346032,0.02704812829068093,False
A: higher external scores / lower credit-income ratio,POC0272,9349,126000.0,229090.9090909091,1.8181818181818181,0.7102141580866451,0.6820450833421501,0.6940926425266661,0.14186385,0.01803527568376756,False
A: higher external scores / lower credit-income ratio,POC0273,275169,54000.0,98181.81818181818,1.8181818181818181,0.7102141580866451,0.6820450833421501,0.6940926425266661,0.05909744,0.007251945010584759,False
A: higher external scores / lower credit-income ratio,POC0274,305450,279000.0,507272.72727272724,1.8181818181818181,0.7102141580866451,0.6820450833421501,0.6940926425266661,0.1198356,0.015036292829766679,False
A: higher external scores / lower credit-income ratio,POC0275,223172,225000.0,409090.90909090906,1.8181818181818181,0.7102141580866451,0.6820450833421501,0.6940926425266661,0.08128578,0.01002332312425653,False
A: higher external scores / lower credit-income ratio,POC0276,291575,180000.0,327272.72727272724,1.818181818181818,0.7102141580866451,0.6820450833421501,0.6940926425266661,0.18251811,0.023871131004224756,False
A: higher external scores / lower credit-income ratio,POC0277,199474,90000.0,163636.36363636362,1.818181818181818,0.7102141580866451,0.6820450833421501,0.6940926425266661,0.12894703,0.0162639023948277,False
A: higher external scores / lower credit-income ratio,POC0278,129836,202500.0,368181.8181818182,1.8181818181818181,0.7102141580866451,0.6820450833421501,0.6940926425266661,0.016573371,0.0020815216408964885,False
A: higher external scores / lower credit-income ratio,POC0279,50055,112500.0,204545.45454545453,1.8181818181818181,0.7102141580866451,0.6820450833421501,0.6940926425266661,0.20573872,0.027401368304111072,False
A: higher external scores / lower credit-income ratio,POC0280,298358,270000.0,490909.0909090909,1.8181818181818181,0.7102141580866451,0.6820450833421501,0.6940926425266661,0.19242728,0.02535894192027593,False
A: higher external scores / lower credit-income ratio,POC0281,15930,225000.0,409090.90909090906,1.8181818181818181,0.7102141580866451,0.6820450833421501,0.6940926425266661,0.054687534,0.006709188219824995,False
A: higher external scores / lower credit-income ratio,POC0282,87121,135000.0,245454.54545454544,1.8181818181818181,0.7102141580866451,0.6820450833421501,0.6940926425266661,0.077124804,0.009497981932578005,False
A: higher external scores / lower credit-income ratio,POC0283,237610,270000.0,490909.0909090909,1.8181818181818181,0.7102141580866451,0.6820450833421501,0.6940926425266661,0.10176575,0.012651904098071503,False
A: higher external scores / lower credit-income ratio,POC0284,257715,189000.0,343636.36363636365,1.8181818181818183,0.7102141580866451,0.6820450833421501,0.6940926425266661,0.052975014,0.006499041133584109,False
A: higher external scores / lower credit-income ratio,POC0285,132007,121500.0,220909.0909090909,1.8181818181818181,0.7102141580866451,0.6820450833421501,0.6940926425266661,0.1380887,0.017513690274073467,False
A: higher external scores / lower credit-income ratio,POC0286,147454,90000.0,163636.36363636362,1.818181818181818,0.7102141580866451,0.6820450833421501,0.6940926425266661,0.025715005,0.003187976744523599,False
A: higher external scores / lower credit-income ratio,POC0287,132068,157500.0,286363.63636363635,1.8181818181818181,0.7102141580866451,0.6820450833421501,0.6940926425266661,0.14539103,0.018525562282286544,False
A: higher external scores / lower credit-income ratio,POC0288,175858,112500.0,204545.45454545453,1.8181818181818181,0.7102141580866451,0.6820450833421501,0.6940926425266661,0.044019282,0.005405165975517643,False
A: higher external scores / lower credit-income ratio,POC0289,74062,198000.0,360000.0,1.8181818181818181,0.7102141580866451,0.6820450833421501,0.6940926425266661,0.11692004,0.014647148860513036,False
A: higher external scores / lower credit-income ratio,POC0290,33816,135000.0,245454.54545454544,1.8181818181818181,0.7102141580866451,0.6820450833421501,0.6940926425266661,0.17294705,0.022459406205198703,False
A: higher external scores / lower credit-income ratio,POC0291,111512,67500.0,122727.27272727272,1.8181818181818181,0.7102141580866451,0.6820450833421501,0.6940926425266661,0.07496961,0.009226956046525531,False
A: higher external scores / lower credit-income ratio,POC0292,272856,135000.0,245454.54545454544,1.8181818181818181,0.7102141580866451,0.6820450833421501,0.6940926425266661,0.1253546,0.015777775533485475,False
A: higher external scores / lower credit-income ratio,POC0293,262812,225000.0,409090.90909090906,1.8181818181818181,0.7102141580866451,0.6820450833421501,0.6940926425266661,0.25885653,0.03610222251574098,False
A: higher external scores / lower credit-income ratio,POC0294,121365,59134.5,107517.27272727272,1.8181818181818181,0.7102141580866451,0.6820450833421501,0.6940926425266661,0.04593899,0.005638975855916839,False
A: higher external scores / lower credit-income ratio,POC0295,227622,112500.0,204545.45454545453,1.8181818181818181,0.7102141580866451,0.6820450833421501,0.6940926425266661,0.2342314,0.031953244316838124,False
A: higher external scores / lower credit-income ratio,POC0296,174709,135000.0,245454.54545454544,1.8181818181818181,0.7102141580866451,0.6820450833421501,0.6940926425266661,0.06548886,0.008042992635426427,False
A: higher external scores / lower credit-income ratio,POC0297,58040,225000.0,409090.90909090906,1.8181818181818181,0.7102141580866451,0.6820450833421501,0.6940926425266661,0.08273965,0.010207540589435965,False
A: higher external scores / lower credit-income ratio,POC0298,216675,216000.0,392727.2727272727,1.8181818181818181,0.7102141580866451,0.6820450833421501,0.6940926425266661,0.28633484,0.04099203168404338,False
A: higher external scores / lower credit-income ratio,POC0299,258011,225000.0,409090.90909090906,1.8181818181818181,0.7102141580866451,0.6820450833421501,0.6940926425266661,0.043177247,0.0053027145191312415,False
A: higher external scores / lower credit-income ratio,POC0300,208258,202500.0,368181.8181818182,1.8181818181818181,0.7102141580866451,0.6820450833421501,0.6940926425266661,0.09945211,0.012351183050838037,False
B: EXT_SOURCE_1 missing / moderate other scores,POC0301,14343,270000.0,882615.8571428572,3.268947619047619,,0.627440473229803,0.6178261467332483,0.44571188,0.07655039388560846,False
B: EXT_SOURCE_1 missing / moderate other scores,POC0302,94529,157500.0,514859.25,3.268947619047619,,0.627440473229803,0.6178261467332483,0.43781605,0.0744217228350235,False
B: EXT_SOURCE_1 missing / moderate other scores,POC0303,26833,112500.0,367756.60714285716,3.268947619047619,,0.627440473229803,0.6178261467332483,0.43967634,0.07491901063297043,False
B: EXT_SOURCE_1 missing / moderate other scores,POC0304,101924,99000.0,323625.8142857143,3.268947619047619,,0.627440473229803,0.6178261467332483,0.19685027,0.026031908623553465,False
B: EXT_SOURCE_1 missing / moderate other scores,POC0305,281182,405000.0,1323923.7857142857,3.2689476190476188,,0.627440473229803,0.6178261467332483,0.43646064,0.07406102039934616,False
B: EXT_SOURCE_1 missing / moderate other scores,POC0306,208806,99000.0,323625.8142857143,3.268947619047619,,0.627440473229803,0.6178261467332483,0.11513611,0.014409904594195447,False
B: EXT_SOURCE_1 missing / moderate other scores,POC0307,190054,108000.0,353046.34285714285,3.268947619047619,,0.627440473229803,0.6178261467332483,0.19709307,0.02606901263407793,False
B: EXT_SOURCE_1 missing / moderate other scores,POC0308,259619,112500.0,367756.60714285716,3.268947619047619,,0.627440473229803,0.6178261467332483,0.20031004,0.026562225046244288,False
B: EXT_SOURCE_1 missing / moderate other scores,POC0309,292744,135000.0,441307.9285714286,3.268947619047619,,0.627440473229803,0.6178261467332483,0.32373926,0.048141864694218266,False
B: EXT_SOURCE_1 missing / moderate other scores,POC0310,225433,607500.0,1985885.6785714286,3.268947619047619,,0.627440473229803,0.6178261467332483,0.14305931,0.018201124818766817,False
B: EXT_SOURCE_1 missing / moderate other scores,POC0311,106133,112500.0,367756.60714285716,3.268947619047619,,0.627440473229803,0.6178261467332483,0.27994826,0.039829632120294924,False
B: EXT_SOURCE_1 missing / moderate other scores,POC0312,229934,157500.0,514859.25,3.268947619047619,,0.627440473229803,0.6178261467332483,0.1497924,0.01914144436590088,False
B: EXT_SOURCE_1 missing / moderate other scores,POC0313,204931,99000.0,323625.8142857143,3.268947619047619,,0.627440473229803,0.6178261467332483,0.20138468,0.026727653137162025,False
B: EXT_SOURCE_1 missing / moderate other scores,POC0314,212950,135000.0,441307.9285714286,3.268947619047619,,0.627440473229803,0.6178261467332483,0.31455788,0.04633031788064262,False
B: EXT_SOURCE_1 missing / moderate other scores,POC0315,162299,81000.0,264784.7571428572,3.2689476190476197,,0.627440473229803,0.6178261467332483,0.35764056,0.05518038370090149,False
B: EXT_SOURCE_1 missing / moderate other scores,POC0316,180508,225000.0,735513.2142857143,3.268947619047619,,0.627440473229803,0.6178261467332483,0.1764528,0.022973673727069144,False
B: EXT_SOURCE_1 missing / moderate other scores,POC0317,305767,45000.0,147102.64285714287,3.268947619047619,,0.627440473229803,0.6178261467332483,0.11144833,0.013921506879024641,False
B: EXT_SOURCE_1 missing / moderate other scores,POC0318,56063,157500.0,514859.25,3.268947619047619,,0.627440473229803,0.6178261467332483,0.37233287,0.05841524670296566,False
B: EXT_SOURCE_1 missing / moderate other scores,POC0319,50510,360000.0,1176821.142857143,3.268947619047619,,0.627440473229803,0.6178261467332483,0.16111638,0.020747401356143943,False
B: EXT_SOURCE_1 missing / moderate other scores,POC0320,287354,225000.0,735513.2142857143,3.268947619047619,,0.627440473229803,0.6178261467332483,0.16438878,0.02121738255884431,False
B: EXT_SOURCE_1 missing / moderate other scores,POC0321,128424,99000.0,323625.8142857143,3.268947619047619,,0.627440473229803,0.6178261467332483,0.36467585,0.05671467717680205,False
B: EXT_SOURCE_1 missing / moderate other scores,POC0322,279243,90000.0,294205.28571428574,3.268947619047619,,0.627440473229803,0.6178261467332483,0.24020517,0.03294063751304975,False
B: EXT_SOURCE_1 missing / moderate other scores,POC0323,285761,81450.0,266255.78357142856,3.2689476190476188,,0.627440473229803,0.6178261467332483,0.1635982,0.021103592885652275,False
B: EXT_SOURCE_1 missing / moderate other scores,POC0324,4692,450000.0,1471026.4285714286,3.268947619047619,,0.627440473229803,0.6178261467332483,0.306593,0.044789361159108594,False
B: EXT_SOURCE_1 missing / moderate other scores,POC0325,144922,112500.0,367756.60714285716,3.268947619047619,,0.627440473229803,0.6178261467332483,0.30978352,0.04540327880263751,False
B: EXT_SOURCE_1 missing / moderate other scores,POC0326,70419,81000.0,264784.7571428572,3.2689476190476197,,0.627440473229803,0.6178261467332483,0.19036505,0.025047061100609173,False
B: EXT_SOURCE_1 missing / moderate other scores,POC0327,112460,292500.0,956167.1785714286,3.268947619047619,,0.627440473229803,0.6178261467332483,0.24856785,0.03434317804547227,False
B: EXT_SOURCE_1 missing / moderate other scores,POC0328,44983,112500.0,367756.60714285716,3.268947619047619,,0.627440473229803,0.6178261467332483,0.111213565,0.013890507063959575,False
B: EXT_SOURCE_1 missing / moderate other scores,POC0329,123890,112500.0,367756.60714285716,3.268947619047619,,0.627440473229803,0.6178261467332483,0.21598084,0.029008501888537576,False
B: EXT_SOURCE_1 missing / moderate other scores,POC0330,372,180000.0,588410.5714285715,3.268947619047619,,0.627440473229803,0.6178261467332483,0.3568209,0.05500334877841248,False
B: EXT_SOURCE_1 missing / moderate other scores,POC0331,138704,112500.0,367756.60714285716,3.268947619047619,,0.627440473229803,0.6178261467332483,0.13491115,0.01707717182662931,False
B: EXT_SOURCE_1 missing / moderate other scores,POC0332,152894,103500.0,338336.0785714286,3.268947619047619,,0.627440473229803,0.6178261467332483,0.22753057,0.030859678868846746,False
B: EXT_SOURCE_1 missing / moderate other scores,POC0333,22520,81000.0,264784.7571428572,3.2689476190476197,,0.627440473229803,0.6178261467332483,0.08764539,0.010831736292534025,False
B: EXT_SOURCE_1 missing / moderate other scores,POC0334,36968,135000.0,441307.9285714286,3.268947619047619,,0.627440473229803,0.6178261467332483,0.21276204,0.028500000266540763,False
B: EXT_SOURCE_1 missing / moderate other scores,POC0335,90871,180000.0,588410.5714285715,3.268947619047619,,0.627440473229803,0.6178261467332483,0.1436783,0.018287127064492745,False
B: EXT_SOURCE_1 missing / moderate other scores,POC0336,153653,157500.0,514859.25,3.268947619047619,,0.627440473229803,0.6178261467332483,0.22155744,0.029897067217281664,False
B: EXT_SOURCE_1 missing / moderate other scores,POC0337,188807,112500.0,367756.60714285716,3.268947619047619,,0.627440473229803,0.6178261467332483,0.19223398,0.02532965779051412,False
B: EXT_SOURCE_1 missing / moderate other scores,POC0338,259279,135000.0,441307.9285714286,3.268947619047619,,0.627440473229803,0.6178261467332483,0.1137132,0.014221134796288571,False
B: EXT_SOURCE_1 missing / moderate other scores,POC0339,75254,270000.0,882615.8571428572,3.268947619047619,,0.627440473229803,0.6178261467332483,0.34584013,0.05266538057573286,False
B: EXT_SOURCE_1 missing / moderate other scores,POC0340,115899,144000.0,470728.4571428572,3.268947619047619,,0.627440473229803,0.6178261467332483,0.47324327,0.08436005699041646,False
B: EXT_SOURCE_1 missing / moderate other scores,POC0341,68788,225000.0,735513.2142857143,3.268947619047619,,0.627440473229803,0.6178261467332483,0.24863917,0.034355242538391985,False
B: EXT_SOURCE_1 missing / moderate other scores,POC0342,222804,270000.0,882615.8571428572,3.268947619047619,,0.627440473229803,0.6178261467332483,0.14346012,0.018256804248011346,False
B: EXT_SOURCE_1 missing / moderate other scores,POC0343,235973,202500.0,661961.8928571428,3.2689476190476188,,0.627440473229803,0.6178261467332483,0.52789444,0.10192130770300288,False
B: EXT_SOURCE_1 missing / moderate other scores,POC0344,305096,225000.0,735513.2142857143,3.268947619047619,,0.627440473229803,0.6178261467332483,0.09362793,0.01159853744548793,False
B: EXT_SOURCE_1 missing / moderate other scores,POC0345,122081,202500.0,661961.8928571428,3.2689476190476188,,0.627440473229803,0.6178261467332483,0.36601454,0.057009657512764746,False
B: EXT_SOURCE_1 missing / moderate other scores,POC0346,122584,81000.0,264784.7571428572,3.2689476190476197,,0.627440473229803,0.6178261467332483,0.17396095,0.022607806133373546,False
B: EXT_SOURCE_1 missing / moderate other scores,POC0347,139941,337500.0,1103269.8214285716,3.2689476190476197,,0.627440473229803,0.6178261467332483,0.24160206,0.033173254822078134,False
B: EXT_SOURCE_1 missing / moderate other scores,POC0348,5639,126000.0,411887.4,3.268947619047619,,0.627440473229803,0.6178261467332483,0.33931172,0.051304438889584546,False
B: EXT_SOURCE_1 missing / moderate other scores,POC0349,82516,171000.0,558990.0428571429,3.268947619047619,,0.627440473229803,0.6178261467332483,0.16578557,0.021418811346276212,False
B: EXT_SOURCE_1 missing / moderate other scores,POC0350,269078,81000.0,264784.7571428572,3.2689476190476197,,0.627440473229803,0.6178261467332483,0.101914614,0.012671287191571705,False
B: EXT_SOURCE_1 missing / moderate other scores,POC0351,241319,112500.0,367756.60714285716,3.268947619047619,,0.627440473229803,0.6178261467332483,0.34765923,0.0530484115113198,False
B: EXT_SOURCE_1 missing / moderate other scores,POC0352,217048,270000.0,882615.8571428572,3.268947619047619,,0.627440473229803,0.6178261467332483,0.1118514,0.013974755514454621,False
B: EXT_SOURCE_1 missing / moderate other scores,POC0353,108055,135000.0,441307.9285714286,3.268947619047619,,0.627440473229803,0.6178261467332483,0.21831912,0.029379900036696906,False
B: EXT_SOURCE_1 missing / moderate other scores,POC0354,191254,112500.0,367756.60714285716,3.268947619047619,,0.627440473229803,0.6178261467332483,0.29939446,0.0434203443867292,False
B: EXT_SOURCE_1 missing / moderate other scores,POC0355,210348,180000.0,588410.5714285715,3.268947619047619,,0.627440473229803,0.6178261467332483,0.26646534,0.03742764238646958,False
B: EXT_SOURCE_1 missing / moderate other scores,POC0356,274216,207000.0,676672.1571428572,3.268947619047619,,0.627440473229803,0.6178261467332483,0.09644075,0.011961260210849069,False
B: EXT_SOURCE_1 missing / moderate other scores,POC0357,109684,180000.0,588410.5714285715,3.268947619047619,,0.627440473229803,0.6178261467332483,0.13765933,0.01745457156707299,False
B: EXT_SOURCE_1 missing / moderate other scores,POC0358,120159,270000.0,882615.8571428572,3.268947619047619,,0.627440473229803,0.6178261467332483,0.22494154,0.03044104321752246,False
B: EXT_SOURCE_1 missing / moderate other scores,POC0359,91040,180000.0,588410.5714285715,3.268947619047619,,0.627440473229803,0.6178261467332483,0.17641066,0.02296747277289221,False
B: EXT_SOURCE_1 missing / moderate other scores,POC0360,165729,270000.0,882615.8571428572,3.268947619047619,,0.627440473229803,0.6178261467332483,0.101420216,0.012606928687777354,False
B: EXT_SOURCE_1 missing / moderate other scores,POC0361,127775,81000.0,264784.7571428572,3.2689476190476197,,0.627440473229803,0.6178261467332483,0.25339273,0.03516340569465425,False
B: EXT_SOURCE_1 missing / moderate other scores,POC0362,89528,67500.0,220653.9642857143,3.268947619047619,,0.627440473229803,0.6178261467332483,0.41851345,0.06940987277742594,False
B: EXT_SOURCE_1 missing / moderate other scores,POC0363,180150,225000.0,735513.2142857143,3.268947619047619,,0.627440473229803,0.6178261467332483,0.5701286,0.11779819797101354,False
B: EXT_SOURCE_1 missing / moderate other scores,POC0364,70842,108000.0,353046.34285714285,3.268947619047619,,0.627440473229803,0.6178261467332483,0.13773347,0.01746477767253381,False
B: EXT_SOURCE_1 missing / moderate other scores,POC0365,47668,157500.0,514859.25,3.268947619047619,,0.627440473229803,0.6178261467332483,0.24278858,0.03337135931242468,False
B: EXT_SOURCE_1 missing / moderate other scores,POC0366,247508,67500.0,220653.9642857143,3.268947619047619,,0.627440473229803,0.6178261467332483,0.2705559,0.038149070907482874,False
B: EXT_SOURCE_1 missing / moderate other scores,POC0367,102323,36000.0,117682.1142857143,3.268947619047619,,0.627440473229803,0.6178261467332483,0.13711555,0.017379761970016547,False
B: EXT_SOURCE_1 missing / moderate other scores,POC0368,173796,225000.0,735513.2142857143,3.268947619047619,,0.627440473229803,0.6178261467332483,0.28266996,0.040323023563990694,False
B: EXT_SOURCE_1 missing / moderate other scores,POC0369,156684,121500.0,397177.1357142857,3.268947619047619,,0.627440473229803,0.6178261467332483,0.17096208,0.022169654098912944,False
B: EXT_SOURCE_1 missing / moderate other scores,POC0370,144905,270000.0,882615.8571428572,3.268947619047619,,0.627440473229803,0.6178261467332483,0.22503386,0.03045593534036851,False
B: EXT_SOURCE_1 missing / moderate other scores,POC0371,229123,180000.0,588410.5714285715,3.268947619047619,,0.627440473229803,0.6178261467332483,0.07845817,0.009666023509121949,False
B: EXT_SOURCE_1 missing / moderate other scores,POC0372,218412,112500.0,367756.60714285716,3.268947619047619,,0.627440473229803,0.6178261467332483,0.2710823,0.038242365635092,False
B: EXT_SOURCE_1 missing / moderate other scores,POC0373,70382,459000.0,1500446.9571428571,3.268947619047619,,0.627440473229803,0.6178261467332483,0.31117257,0.04567195251248107,False
B: EXT_SOURCE_1 missing / moderate other scores,POC0374,124028,270000.0,882615.8571428572,3.268947619047619,,0.627440473229803,0.6178261467332483,0.07492505,0.009221359768916849,False
B: EXT_SOURCE_1 missing / moderate other scores,POC0375,186554,225000.0,735513.2142857143,3.268947619047619,,0.627440473229803,0.6178261467332483,0.27284753,0.0385559868137527,False
B: EXT_SOURCE_1 missing / moderate other scores,POC0376,176407,121500.0,397177.1357142857,3.268947619047619,,0.627440473229803,0.6178261467332483,0.24579535,0.033875530466000926,False
B: EXT_SOURCE_1 missing / moderate other scores,POC0377,139785,90000.0,294205.28571428574,3.268947619047619,,0.627440473229803,0.6178261467332483,0.36015785,0.055726315353160985,False
B: EXT_SOURCE_1 missing / moderate other scores,POC0378,70870,112500.0,367756.60714285716,3.268947619047619,,0.627440473229803,0.6178261467332483,0.15133524,0.019358419823818567,False
B: EXT_SOURCE_1 missing / moderate other scores,POC0379,258040,225000.0,735513.2142857143,3.268947619047619,,0.627440473229803,0.6178261467332483,0.2650545,0.037180270718463915,False
B: EXT_SOURCE_1 missing / moderate other scores,POC0380,36357,90000.0,294205.28571428574,3.268947619047619,,0.627440473229803,0.6178261467332483,0.25156137,0.034851112701647674,False
B: EXT_SOURCE_1 missing / moderate other scores,POC0381,225837,202500.0,661961.8928571428,3.2689476190476188,,0.627440473229803,0.6178261467332483,0.41957533,0.06967877105163388,False
B: EXT_SOURCE_1 missing / moderate other scores,POC0382,63803,90000.0,294205.28571428574,3.268947619047619,,0.627440473229803,0.6178261467332483,0.121080816,0.015203029869116645,False
B: EXT_SOURCE_1 missing / moderate other scores,POC0383,33926,135000.0,441307.9285714286,3.268947619047619,,0.627440473229803,0.6178261467332483,0.1256719,0.01582059964943788,False
B: EXT_SOURCE_1 missing / moderate other scores,POC0384,260863,211500.0,691382.4214285715,3.268947619047619,,0.627440473229803,0.6178261467332483,0.19774531,0.026168769950988394,False
B: EXT_SOURCE_1 missing / moderate other scores,POC0385,131737,180000.0,588410.5714285715,3.268947619047619,,0.627440473229803,0.6178261467332483,0.35270733,0.05412019890312159,False
B: EXT_SOURCE_1 missing / moderate other scores,POC0386,58955,292500.0,956167.1785714286,3.268947619047619,,0.627440473229803,0.6178261467332483,0.14964466,0.019120696156581594,False
B: EXT_SOURCE_1 missing / moderate other scores,POC0387,183690,112500.0,367756.60714285716,3.268947619047619,,0.627440473229803,0.6178261467332483,0.33295146,0.049998733768897845,False
B: EXT_SOURCE_1 missing / moderate other scores,POC0388,156774,112500.0,367756.60714285716,3.268947619047619,,0.627440473229803,0.6178261467332483,0.33213088,0.049831701472317455,False
B: EXT_SOURCE_1 missing / moderate other scores,POC0389,278903,157500.0,514859.25,3.268947619047619,,0.627440473229803,0.6178261467332483,0.38056988,0.060281467100295284,False
B: EXT_SOURCE_1 missing / moderate other scores,POC0390,259414,157500.0,514859.25,3.268947619047619,,0.627440473229803,0.6178261467332483,0.38541308,0.06139711065827756,False
B: EXT_SOURCE_1 missing / moderate other scores,POC0391,63171,225000.0,735513.2142857143,3.268947619047619,,0.627440473229803,0.6178261467332483,0.4594269,0.08036310565179906,False
B: EXT_SOURCE_1 missing / moderate other scores,POC0392,92840,180000.0,588410.5714285715,3.268947619047619,,0.627440473229803,0.6178261467332483,0.25092727,0.03474325715622025,False
B: EXT_SOURCE_1 missing / moderate other scores,POC0393,42939,117450.0,383937.8978571429,3.2689476190476197,,0.627440473229803,0.6178261467332483,0.29187256,0.04201316417533228,False
B: EXT_SOURCE_1 missing / moderate other scores,POC0394,265489,90000.0,294205.28571428574,3.268947619047619,,0.627440473229803,0.6178261467332483,0.11249114,0.014059336332187828,False
B: EXT_SOURCE_1 missing / moderate other scores,POC0395,32897,135000.0,441307.9285714286,3.268947619047619,,0.627440473229803,0.6178261467332483,0.23693006,0.032397826467739366,False
B: EXT_SOURCE_1 missing / moderate other scores,POC0396,171309,225000.0,735513.2142857143,3.268947619047619,,0.627440473229803,0.6178261467332483,0.3639244,0.05654952669908435,False
B: EXT_SOURCE_1 missing / moderate other scores,POC0397,220505,157500.0,514859.25,3.268947619047619,,0.627440473229803,0.6178261467332483,0.50650233,0.09468848149198911,False
B: EXT_SOURCE_1 missing / moderate other scores,POC0398,209627,175500.0,573700.3071428572,3.2689476190476197,,0.627440473229803,0.6178261467332483,0.42832124,0.07192323769909433,False
B: EXT_SOURCE_1 missing / moderate other scores,POC0399,239357,67500.0,220653.9642857143,3.268947619047619,,0.627440473229803,0.6178261467332483,0.2504888,0.034668757883370746,False
B: EXT_SOURCE_1 missing / moderate other scores,POC0400,180250,157500.0,514859.25,3.268947619047619,,0.627440473229803,0.6178261467332483,0.29158798,0.04196038438754866,False
B: EXT_SOURCE_1 missing / moderate other scores,POC0401,305932,90000.0,294205.28571428574,3.268947619047619,,0.627440473229803,0.6178261467332483,0.26708022,0.037535684955725485,False
B: EXT_SOURCE_1 missing / moderate other scores,POC0402,102415,157500.0,514859.25,3.268947619047619,,0.627440473229803,0.6178261467332483,0.22488678,0.030432211617036374,False
B: EXT_SOURCE_1 missing / moderate other scores,POC0403,202927,211500.0,691382.4214285715,3.268947619047619,,0.627440473229803,0.6178261467332483,0.21371435,0.028650113459848414,False
B: EXT_SOURCE_1 missing / moderate other scores,POC0404,295675,450000.0,1471026.4285714286,3.268947619047619,,0.627440473229803,0.6178261467332483,0.33616507,0.0506560018635408,False
B: EXT_SOURCE_1 missing / moderate other scores,POC0405,3772,139500.0,456018.1928571429,3.268947619047619,,0.627440473229803,0.6178261467332483,0.45724294,0.07974589126825302,False
B: EXT_SOURCE_1 missing / moderate other scores,POC0406,243150,180000.0,588410.5714285715,3.268947619047619,,0.627440473229803,0.6178261467332483,0.5376496,0.10538998889379465,False
B: EXT_SOURCE_1 missing / moderate other scores,POC0407,248501,225000.0,735513.2142857143,3.268947619047619,,0.627440473229803,0.6178261467332483,0.3184911,0.04710167702751419,False
B: EXT_SOURCE_1 missing / moderate other scores,POC0408,282681,135000.0,441307.9285714286,3.268947619047619,,0.627440473229803,0.6178261467332483,0.33152002,0.0497075677298227,False
B: EXT_SOURCE_1 missing / moderate other scores,POC0409,257081,90000.0,294205.28571428574,3.268947619047619,,0.627440473229803,0.6178261467332483,0.27375007,0.038716795499458515,False
B: EXT_SOURCE_1 missing / moderate other scores,POC0410,102468,45000.0,147102.64285714287,3.268947619047619,,0.627440473229803,0.6178261467332483,0.4047501,0.0659930648760532,False
B: EXT_SOURCE_1 missing / moderate other scores,POC0411,214137,90000.0,294205.28571428574,3.268947619047619,,0.627440473229803,0.6178261467332483,0.15522192,0.01990755628429949,False
B: EXT_SOURCE_1 missing / moderate other scores,POC0412,200185,85500.0,279495.02142857143,3.268947619047619,,0.627440473229803,0.6178261467332483,0.18286142,0.02392222521327424,False
B: EXT_SOURCE_1 missing / moderate other scores,POC0413,273544,112500.0,367756.60714285716,3.268947619047619,,0.627440473229803,0.6178261467332483,0.32892683,0.0491825786363433,False
B: EXT_SOURCE_1 missing / moderate other scores,POC0414,273140,112500.0,367756.60714285716,3.268947619047619,,0.627440473229803,0.6178261467332483,0.32846296,0.0490890039165542,False
B: EXT_SOURCE_1 missing / moderate other scores,POC0415,6805,157500.0,514859.25,3.268947619047619,,0.627440473229803,0.6178261467332483,0.1855903,0.024329504989972495,False
B: EXT_SOURCE_1 missing / moderate other scores,POC0416,306136,90000.0,294205.28571428574,3.268947619047619,,0.627440473229803,0.6178261467332483,0.114502214,0.014325758704936836,False
B: EXT_SOURCE_1 missing / moderate other scores,POC0417,57720,360000.0,1176821.142857143,3.268947619047619,,0.627440473229803,0.6178261467332483,0.15733905,0.020208221534274855,False
B: EXT_SOURCE_1 missing / moderate other scores,POC0418,278139,112500.0,367756.60714285716,3.268947619047619,,0.627440473229803,0.6178261467332483,0.19907922,0.026373167313510536,False
B: EXT_SOURCE_1 missing / moderate other scores,POC0419,28733,126000.0,411887.4,3.268947619047619,,0.627440473229803,0.6178261467332483,0.22242203,0.03003570168845661,False
B: EXT_SOURCE_1 missing / moderate other scores,POC0420,238601,270000.0,882615.8571428572,3.268947619047619,,0.627440473229803,0.6178261467332483,0.13622545,0.01725744931714629,False
B: EXT_SOURCE_1 missing / moderate other scores,POC0421,241724,125730.0,411004.7841428572,3.268947619047619,,0.627440473229803,0.6178261467332483,0.10432984,0.012986354506921635,False
B: EXT_SOURCE_1 missing / moderate other scores,POC0422,171743,157500.0,514859.25,3.268947619047619,,0.627440473229803,0.6178261467332483,0.22520147,0.03048297692219566,False
B: EXT_SOURCE_1 missing / moderate other scores,POC0423,253011,67500.0,220653.9642857143,3.268947619047619,,0.627440473229803,0.6178261467332483,0.24090652,0.03305734752398036,False
B: EXT_SOURCE_1 missing / moderate other scores,POC0424,297783,110250.0,360401.47500000003,3.268947619047619,,0.627440473229803,0.6178261467332483,0.25303575,0.035102439679631205,False
B: EXT_SOURCE_1 missing / moderate other scores,POC0425,21579,67500.0,220653.9642857143,3.268947619047619,,0.627440473229803,0.6178261467332483,0.15688267,0.020143315976361882,False
B: EXT_SOURCE_1 missing / moderate other scores,POC0426,23964,134248.5,438851.31443571433,3.268947619047619,,0.627440473229803,0.6178261467332483,0.1571598,0.020182723260791617,False
B: EXT_SOURCE_1 missing / moderate other scores,POC0427,131196,225000.0,735513.2142857143,3.268947619047619,,0.627440473229803,0.6178261467332483,0.29419634,0.042445385832233645,False
B: EXT_SOURCE_1 missing / moderate other scores,POC0428,51277,234000.0,764933.7428571429,3.268947619047619,,0.627440473229803,0.6178261467332483,0.26566705,0.03728758337099184,False
B: EXT_SOURCE_1 missing / moderate other scores,POC0429,172683,112500.0,367756.60714285716,3.268947619047619,,0.627440473229803,0.6178261467332483,0.39111713,0.06272892625046077,False
B: EXT_SOURCE_1 missing / moderate other scores,POC0430,233597,76500.0,250074.49285714288,3.268947619047619,,0.627440473229803,0.6178261467332483,0.08356019,0.010311663600083136,False
B: EXT_SOURCE_1 missing / moderate other scores,POC0431,222818,135000.0,441307.9285714286,3.268947619047619,,0.627440473229803,0.6178261467332483,0.16842495,0.021800788489865372,False
B: EXT_SOURCE_1 missing / moderate other scores,POC0432,281506,117000.0,382466.87142857147,3.268947619047619,,0.627440473229803,0.6178261467332483,0.38447228,0.061179314452886005,False
B: EXT_SOURCE_1 missing / moderate other scores,POC0433,77011,36000.0,117682.1142857143,3.268947619047619,,0.627440473229803,0.6178261467332483,0.3883402,0.06207811242340991,False
B: EXT_SOURCE_1 missing / moderate other scores,POC0434,296587,126000.0,411887.4,3.268947619047619,,0.627440473229803,0.6178261467332483,0.2702775,0.03809976947755158,False
B: EXT_SOURCE_1 missing / moderate other scores,POC0435,111967,72000.0,235364.2285714286,3.268947619047619,,0.627440473229803,0.6178261467332483,0.123487346,0.015526189247709817,False
B: EXT_SOURCE_1 missing / moderate other scores,POC0436,246331,157500.0,514859.25,3.268947619047619,,0.627440473229803,0.6178261467332483,0.29878607,0.04330565162208581,False
B: EXT_SOURCE_1 missing / moderate other scores,POC0437,83901,67500.0,220653.9642857143,3.268947619047619,,0.627440473229803,0.6178261467332483,0.2581188,0.035974837118960004,False
B: EXT_SOURCE_1 missing / moderate other scores,POC0438,43423,247500.0,809064.5357142858,3.268947619047619,,0.627440473229803,0.6178261467332483,0.12380635,0.015569118105126569,False
B: EXT_SOURCE_1 missing / moderate other scores,POC0439,4795,202500.0,661961.8928571428,3.2689476190476188,,0.627440473229803,0.6178261467332483,0.17354482,0.02254686679845146,False
B: EXT_SOURCE_1 missing / moderate other scores,POC0440,73450,118350.0,386879.9507142857,3.268947619047619,,0.627440473229803,0.6178261467332483,0.3707351,0.05805770740691547,False
B: EXT_SOURCE_1 missing / moderate other scores,POC0441,148307,180000.0,588410.5714285715,3.268947619047619,,0.627440473229803,0.6178261467332483,0.10392059,0.012932889261679114,False
B: EXT_SOURCE_1 missing / moderate other scores,POC0442,10564,225000.0,735513.2142857143,3.268947619047619,,0.627440473229803,0.6178261467332483,0.23840863,0.032642436263825535,False
B: EXT_SOURCE_1 missing / moderate other scores,POC0443,295869,78750.0,257429.625,3.268947619047619,,0.627440473229803,0.6178261467332483,0.44122502,0.0753349774346271,False
B: EXT_SOURCE_1 missing / moderate other scores,POC0444,192847,112500.0,367756.60714285716,3.268947619047619,,0.627440473229803,0.6178261467332483,0.4460568,0.07664446840736457,False
B: EXT_SOURCE_1 missing / moderate other scores,POC0445,211192,360000.0,1176821.142857143,3.268947619047619,,0.627440473229803,0.6178261467332483,0.19813584,0.026228558483542847,False
B: EXT_SOURCE_1 missing / moderate other scores,POC0446,156187,112500.0,367756.60714285716,3.268947619047619,,0.627440473229803,0.6178261467332483,0.22009695,0.029663416945248683,False
B: EXT_SOURCE_1 missing / moderate other scores,POC0447,18847,90000.0,294205.28571428574,3.268947619047619,,0.627440473229803,0.6178261467332483,0.4482906,0.07725592202670298,False
B: EXT_SOURCE_1 missing / moderate other scores,POC0448,258327,90000.0,294205.28571428574,3.268947619047619,,0.627440473229803,0.6178261467332483,0.3946807,0.06357098082245449,False
B: EXT_SOURCE_1 missing / moderate other scores,POC0449,50386,270000.0,882615.8571428572,3.268947619047619,,0.627440473229803,0.6178261467332483,0.40140983,0.06518249812509665,False
B: EXT_SOURCE_1 missing / moderate other scores,POC0450,117743,180000.0,588410.5714285715,3.268947619047619,,0.627440473229803,0.6178261467332483,0.096828446,0.012011367656865378,False
B: EXT_SOURCE_1 missing / moderate other scores,POC0451,82020,81000.0,264784.7571428572,3.2689476190476197,,0.627440473229803,0.6178261467332483,0.21016172,0.02809151020707021,False
B: EXT_SOURCE_1 missing / moderate other scores,POC0452,41141,90000.0,294205.28571428574,3.268947619047619,,0.627440473229803,0.6178261467332483,0.094307445,0.011686032786174782,False
B: EXT_SOURCE_1 missing / moderate other scores,POC0453,158665,162000.0,529569.5142857144,3.2689476190476197,,0.627440473229803,0.6178261467332483,0.20657033,0.02753068179678069,False
B: EXT_SOURCE_1 missing / moderate other scores,POC0454,249190,225000.0,735513.2142857143,3.268947619047619,,0.627440473229803,0.6178261467332483,0.086346254,0.01066604179933656,False
B: EXT_SOURCE_1 missing / moderate other scores,POC0455,117485,180000.0,588410.5714285715,3.268947619047619,,0.627440473229803,0.6178261467332483,0.37152195,0.0582336039713604,False
B: EXT_SOURCE_1 missing / moderate other scores,POC0456,45546,63000.0,205943.7,3.268947619047619,,0.627440473229803,0.6178261467332483,0.09463191,0.011727840618228057,False
B: EXT_SOURCE_1 missing / moderate other scores,POC0457,53302,180000.0,588410.5714285715,3.268947619047619,,0.627440473229803,0.6178261467332483,0.338483,0.05113319370329481,False
B: EXT_SOURCE_1 missing / moderate other scores,POC0458,41703,189000.0,617831.1,3.2689476190476188,,0.627440473229803,0.6178261467332483,0.32867938,0.049132649456618445,False
B: EXT_SOURCE_1 missing / moderate other scores,POC0459,139285,135000.0,441307.9285714286,3.268947619047619,,0.627440473229803,0.6178261467332483,0.31986713,0.04737318814744581,False
B: EXT_SOURCE_1 missing / moderate other scores,POC0460,53694,94500.0,308915.55,3.2689476190476188,,0.627440473229803,0.6178261467332483,0.15279931,0.019564845116223615,False
B: EXT_SOURCE_1 missing / moderate other scores,POC0461,159555,270000.0,882615.8571428572,3.268947619047619,,0.627440473229803,0.6178261467332483,0.35365656,0.054323205704903975,False
B: EXT_SOURCE_1 missing / moderate other scores,POC0462,236729,58500.0,191233.43571428573,3.268947619047619,,0.627440473229803,0.6178261467332483,0.41349828,0.0681502492121783,False
B: EXT_SOURCE_1 missing / moderate other scores,POC0463,85262,90000.0,294205.28571428574,3.268947619047619,,0.627440473229803,0.6178261467332483,0.25824693,0.035996945897523426,False
B: EXT_SOURCE_1 missing / moderate other scores,POC0464,13420,157500.0,514859.25,3.268947619047619,,0.627440473229803,0.6178261467332483,0.3336002,0.05013101596416623,False
B: EXT_SOURCE_1 missing / moderate other scores,POC0465,15174,103500.0,338336.0785714286,3.268947619047619,,0.627440473229803,0.6178261467332483,0.19515815,0.02577379235468046,False
B: EXT_SOURCE_1 missing / moderate other scores,POC0466,55769,225000.0,735513.2142857143,3.268947619047619,,0.627440473229803,0.6178261467332483,0.042812914,0.005258404456362514,False
B: EXT_SOURCE_1 missing / moderate other scores,POC0467,64227,45000.0,147102.64285714287,3.268947619047619,,0.627440473229803,0.6178261467332483,0.121000916,0.015192321378121345,False
B: EXT_SOURCE_1 missing / moderate other scores,POC0468,121958,157500.0,514859.25,3.268947619047619,,0.627440473229803,0.6178261467332483,0.3157941,0.04657200976562964,False
B: EXT_SOURCE_1 missing / moderate other scores,POC0469,5378,36000.0,117682.1142857143,3.268947619047619,,0.627440473229803,0.6178261467332483,0.2124351,0.028448526898798284,False
B: EXT_SOURCE_1 missing / moderate other scores,POC0470,274173,90000.0,294205.28571428574,3.268947619047619,,0.627440473229803,0.6178261467332483,0.46335435,0.08148291087691671,False
B: EXT_SOURCE_1 missing / moderate other scores,POC0471,306424,180000.0,588410.5714285715,3.268947619047619,,0.627440473229803,0.6178261467332483,0.1595382,0.02052170011485769,False
B: EXT_SOURCE_1 missing / moderate other scores,POC0472,27394,112500.0,367756.60714285716,3.268947619047619,,0.627440473229803,0.6178261467332483,0.22388181,0.030270307435278473,False
B: EXT_SOURCE_1 missing / moderate other scores,POC0473,288487,112500.0,367756.60714285716,3.268947619047619,,0.627440473229803,0.6178261467332483,0.11785025,0.014771115428989083,False
B: EXT_SOURCE_1 missing / moderate other scores,POC0474,155153,202500.0,661961.8928571428,3.2689476190476188,,0.627440473229803,0.6178261467332483,0.194998,0.025749404173391537,False
B: EXT_SOURCE_1 missing / moderate other scores,POC0475,198799,157500.0,514859.25,3.268947619047619,,0.627440473229803,0.6178261467332483,0.42143792,0.07015229924028478,False
B: EXT_SOURCE_1 missing / moderate other scores,POC0476,257062,90000.0,294205.28571428574,3.268947619047619,,0.627440473229803,0.6178261467332483,0.19643614,0.025968660858468544,False
B: EXT_SOURCE_1 missing / moderate other scores,POC0477,21435,180000.0,588410.5714285715,3.268947619047619,,0.627440473229803,0.6178261467332483,0.11235598,0.014041459629967244,False
B: EXT_SOURCE_1 missing / moderate other scores,POC0478,224429,157500.0,514859.25,3.268947619047619,,0.627440473229803,0.6178261467332483,0.40098312,0.06507946303231829,False
B: EXT_SOURCE_1 missing / moderate other scores,POC0479,83357,90000.0,294205.28571428574,3.268947619047619,,0.627440473229803,0.6178261467332483,0.5264371,0.10141259175708686,False
B: EXT_SOURCE_1 missing / moderate other scores,POC0480,189909,202500.0,661961.8928571428,3.2689476190476188,,0.627440473229803,0.6178261467332483,0.44396487,0.0760753301535767,False
B: EXT_SOURCE_1 missing / moderate other scores,POC0481,275808,112500.0,367756.60714285716,3.268947619047619,,0.627440473229803,0.6178261467332483,0.16688406,0.02157757223084944,False
B: EXT_SOURCE_1 missing / moderate other scores,POC0482,140407,81000.0,264784.7571428572,3.2689476190476197,,0.627440473229803,0.6178261467332483,0.33033636,0.04946754066242581,False
B: EXT_SOURCE_1 missing / moderate other scores,POC0483,79657,112500.0,367756.60714285716,3.268947619047619,,0.627440473229803,0.6178261467332483,0.43162492,0.07278514310274087,False
B: EXT_SOURCE_1 missing / moderate other scores,POC0484,106834,135000.0,441307.9285714286,3.268947619047619,,0.627440473229803,0.6178261467332483,0.24052683,0.032994142754759544,False
B: EXT_SOURCE_1 missing / moderate other scores,POC0485,273213,135000.0,441307.9285714286,3.268947619047619,,0.627440473229803,0.6178261467332483,0.0859038,0.010609675966477264,False
B: EXT_SOURCE_1 missing / moderate other scores,POC0486,156939,99000.0,323625.8142857143,3.268947619047619,,0.627440473229803,0.6178261467332483,0.32031643,0.047462028315979385,False
B: EXT_SOURCE_1 missing / moderate other scores,POC0487,50161,180000.0,588410.5714285715,3.268947619047619,,0.627440473229803,0.6178261467332483,0.03676899,0.004524837635049287,False
B: EXT_SOURCE_1 missing / moderate other scores,POC0488,94024,180000.0,588410.5714285715,3.268947619047619,,0.627440473229803,0.6178261467332483,0.23547861,0.03215841217698085,False
B: EXT_SOURCE_1 missing / moderate other scores,POC0489,20943,103500.0,338336.0785714286,3.268947619047619,,0.627440473229803,0.6178261467332483,0.17441922,0.02267496925922526,False
B: EXT_SOURCE_1 missing / moderate other scores,POC0490,196856,148500.0,485438.72142857144,3.268947619047619,,0.627440473229803,0.6178261467332483,0.35968766,0.055624086899762615,False
B: EXT_SOURCE_1 missing / moderate other scores,POC0491,169146,135000.0,441307.9285714286,3.268947619047619,,0.627440473229803,0.6178261467332483,0.09680775,0.012008691922254663,False
B: EXT_SOURCE_1 missing / moderate other scores,POC0492,95011,135000.0,441307.9285714286,3.268947619047619,,0.627440473229803,0.6178261467332483,0.21823955,0.02936723338635924,False
B: EXT_SOURCE_1 missing / moderate other scores,POC0493,219352,162000.0,529569.5142857144,3.2689476190476197,,0.627440473229803,0.6178261467332483,0.34329015,0.05213126872849128,False
B: EXT_SOURCE_1 missing / moderate other scores,POC0494,287797,180000.0,588410.5714285715,3.268947619047619,,0.627440473229803,0.6178261467332483,0.407344,0.06662746440268899,False
B: EXT_SOURCE_1 missing / moderate other scores,POC0495,286554,112500.0,367756.60714285716,3.268947619047619,,0.627440473229803,0.6178261467332483,0.22649656,0.030692226749689782,False
B: EXT_SOURCE_1 missing / moderate other scores,POC0496,266702,112500.0,367756.60714285716,3.268947619047619,,0.627440473229803,0.6178261467332483,0.3719669,0.05833322478232401,False
B: EXT_SOURCE_1 missing / moderate other scores,POC0497,24703,202500.0,661961.8928571428,3.2689476190476188,,0.627440473229803,0.6178261467332483,0.18681301,0.024512655117527177,False
B: EXT_SOURCE_1 missing / moderate other scores,POC0498,246684,135000.0,441307.9285714286,3.268947619047619,,0.627440473229803,0.6178261467332483,0.27184704,0.038378086977476626,False
B: EXT_SOURCE_1 missing / moderate other scores,POC0499,22765,157500.0,514859.25,3.268947619047619,,0.627440473229803,0.6178261467332483,0.3672988,0.0572935694951077,False
B: EXT_SOURCE_1 missing / moderate other scores,POC0500,149948,135000.0,441307.9285714286,3.268947619047619,,0.627440473229803,0.6178261467332483,0.2750639,0.03895144503911084,False
B: EXT_SOURCE_1 missing / moderate other scores,POC0501,57342,112500.0,367756.60714285716,3.268947619047619,,0.627440473229803,0.6178261467332483,0.2980212,0.04316167781281791,False
B: EXT_SOURCE_1 missing / moderate other scores,POC0502,197162,270000.0,882615.8571428572,3.268947619047619,,0.627440473229803,0.6178261467332483,0.18573633,0.02435135735691464,False
B: EXT_SOURCE_1 missing / moderate other scores,POC0503,236247,135000.0,441307.9285714286,3.268947619047619,,0.627440473229803,0.6178261467332483,0.4181827,0.06932627643667941,False
B: EXT_SOURCE_1 missing / moderate other scores,POC0504,275522,67500.0,220653.9642857143,3.268947619047619,,0.627440473229803,0.6178261467332483,0.3230172,0.04799800300838851,False
B: EXT_SOURCE_1 missing / moderate other scores,POC0505,134239,292500.0,956167.1785714286,3.268947619047619,,0.627440473229803,0.6178261467332483,0.26881236,0.03784080370646078,False
B: EXT_SOURCE_1 missing / moderate other scores,POC0506,90949,157500.0,514859.25,3.268947619047619,,0.627440473229803,0.6178261467332483,0.3160569,0.046623476780143606,False
B: EXT_SOURCE_1 missing / moderate other scores,POC0507,216433,112500.0,367756.60714285716,3.268947619047619,,0.627440473229803,0.6178261467332483,0.110493205,0.013795455757503355,False
B: EXT_SOURCE_1 missing / moderate other scores,POC0508,266388,238500.0,779644.0071428572,3.268947619047619,,0.627440473229803,0.6178261467332483,0.13053183,0.016479244279976258,False
B: EXT_SOURCE_1 missing / moderate other scores,POC0509,282235,135000.0,441307.9285714286,3.268947619047619,,0.627440473229803,0.6178261467332483,0.24763814,0.034186062840677295,False
B: EXT_SOURCE_1 missing / moderate other scores,POC0510,12730,112500.0,367756.60714285716,3.268947619047619,,0.627440473229803,0.6178261467332483,0.50074774,0.09282514004927768,False
B: EXT_SOURCE_1 missing / moderate other scores,POC0511,305356,184500.0,603120.8357142857,3.268947619047619,,0.627440473229803,0.6178261467332483,0.34940994,0.05341863102192901,False
B: EXT_SOURCE_1 missing / moderate other scores,POC0512,138657,135000.0,441307.9285714286,3.268947619047619,,0.627440473229803,0.6178261467332483,0.4132846,0.06809695609529844,False
B: EXT_SOURCE_1 missing / moderate other scores,POC0513,44682,198000.0,647251.6285714286,3.268947619047619,,0.627440473229803,0.6178261467332483,0.056196854,0.00689468451521085,False
B: EXT_SOURCE_1 missing / moderate other scores,POC0514,295197,405000.0,1323923.7857142857,3.2689476190476188,,0.627440473229803,0.6178261467332483,0.32061094,0.047520311214026875,False
B: EXT_SOURCE_1 missing / moderate other scores,POC0515,106758,315000.0,1029718.5,3.268947619047619,,0.627440473229803,0.6178261467332483,0.26537633,0.03723663507099876,False
B: EXT_SOURCE_1 missing / moderate other scores,POC0516,115518,245046.6,801044.4996257144,3.268947619047619,,0.627440473229803,0.6178261467332483,0.10173685,0.01264814146748472,False
B: EXT_SOURCE_1 missing / moderate other scores,POC0517,63860,81000.0,264784.7571428572,3.2689476190476197,,0.627440473229803,0.6178261467332483,0.18396465,0.024086636182818463,False
B: EXT_SOURCE_1 missing / moderate other scores,POC0518,124791,202500.0,661961.8928571428,3.2689476190476188,,0.627440473229803,0.6178261467332483,0.41563466,0.06868475164564233,False
B: EXT_SOURCE_1 missing / moderate other scores,POC0519,138326,112500.0,367756.60714285716,3.268947619047619,,0.627440473229803,0.6178261467332483,0.3745693,0.058918115932652115,False
B: EXT_SOURCE_1 missing / moderate other scores,POC0520,24762,301500.0,985587.7071428571,3.268947619047619,,0.627440473229803,0.6178261467332483,0.09672954,0.011998582049819989,False
B: EXT_SOURCE_1 missing / moderate other scores,POC0521,31320,180000.0,588410.5714285715,3.268947619047619,,0.627440473229803,0.6178261467332483,0.39452967,0.06353513317414528,False
B: EXT_SOURCE_1 missing / moderate other scores,POC0522,218418,202500.0,661961.8928571428,3.2689476190476188,,0.627440473229803,0.6178261467332483,0.19030835,0.02503850311112312,False
B: EXT_SOURCE_1 missing / moderate other scores,POC0523,266978,76500.0,250074.49285714288,3.268947619047619,,0.627440473229803,0.6178261467332483,0.2775082,0.03938976199069464,False
B: EXT_SOURCE_1 missing / moderate other scores,POC0524,128869,76500.0,250074.49285714288,3.268947619047619,,0.627440473229803,0.6178261467332483,0.15213697,0.019471394938836633,False
B: EXT_SOURCE_1 missing / moderate other scores,POC0525,122007,202500.0,661961.8928571428,3.2689476190476188,,0.627440473229803,0.6178261467332483,0.19568126,0.025853499716861104,False
B: EXT_SOURCE_1 missing / moderate other scores,POC0526,36461,225000.0,735513.2142857143,3.268947619047619,,0.627440473229803,0.6178261467332483,0.18327661,0.023984060545050846,False
B: EXT_SOURCE_1 missing / moderate other scores,POC0527,32558,45000.0,147102.64285714287,3.268947619047619,,0.627440473229803,0.6178261467332483,0.09149919,0.011324970081950332,False
B: EXT_SOURCE_1 missing / moderate other scores,POC0528,151640,247500.0,809064.5357142858,3.268947619047619,,0.627440473229803,0.6178261467332483,0.12413958,0.015613984005587505,False
B: EXT_SOURCE_1 missing / moderate other scores,POC0529,83970,157500.0,514859.25,3.268947619047619,,0.627440473229803,0.6178261467332483,0.122412406,0.015381691156069152,False
B: EXT_SOURCE_1 missing / moderate other scores,POC0530,270290,202500.0,661961.8928571428,3.2689476190476188,,0.627440473229803,0.6178261467332483,0.09585228,0.011885256743888148,False
B: EXT_SOURCE_1 missing / moderate other scores,POC0531,1147,202500.0,661961.8928571428,3.2689476190476188,,0.627440473229803,0.6178261467332483,0.32526746,0.048447141723604877,False
B: EXT_SOURCE_1 missing / moderate other scores,POC0532,109840,135000.0,441307.9285714286,3.268947619047619,,0.627440473229803,0.6178261467332483,0.37703946,0.05947684229503424,False
B: EXT_SOURCE_1 missing / moderate other scores,POC0533,8125,171000.0,558990.0428571429,3.268947619047619,,0.627440473229803,0.6178261467332483,0.3716468,0.05826154397532135,False
B: EXT_SOURCE_1 missing / moderate other scores,POC0534,204576,112500.0,367756.60714285716,3.268947619047619,,0.627440473229803,0.6178261467332483,0.20635934,0.027497854325186755,False
B: EXT_SOURCE_1 missing / moderate other scores,POC0535,246601,234000.0,764933.7428571429,3.268947619047619,,0.627440473229803,0.6178261467332483,0.28933796,0.04154425143172424,False
B: EXT_SOURCE_1 missing / moderate other scores,POC0536,86326,135000.0,441307.9285714286,3.268947619047619,,0.627440473229803,0.6178261467332483,0.04520103,0.005549056442846457,False
B: EXT_SOURCE_1 missing / moderate other scores,POC0537,25593,67500.0,220653.9642857143,3.268947619047619,,0.627440473229803,0.6178261467332483,0.30895078,0.045242615612940684,False
B: EXT_SOURCE_1 missing / moderate other scores,POC0538,121095,225000.0,735513.2142857143,3.268947619047619,,0.627440473229803,0.6178261467332483,0.2896203,0.04159635754154404,False
B: EXT_SOURCE_1 missing / moderate other scores,POC0539,268312,171000.0,558990.0428571429,3.268947619047619,,0.627440473229803,0.6178261467332483,0.29653904,0.042883386660758735,False
B: EXT_SOURCE_1 missing / moderate other scores,POC0540,96438,112500.0,367756.60714285716,3.268947619047619,,0.627440473229803,0.6178261467332483,0.20815295,0.02777734682310088,False
B: EXT_SOURCE_1 missing / moderate other scores,POC0541,299908,112500.0,367756.60714285716,3.268947619047619,,0.627440473229803,0.6178261467332483,0.46708348,0.08255809356167033,False
B: EXT_SOURCE_1 missing / moderate other scores,POC0542,149893,198000.0,647251.6285714286,3.268947619047619,,0.627440473229803,0.6178261467332483,0.3012019,0.04376200721597205,False
B: EXT_SOURCE_1 missing / moderate other scores,POC0543,22985,135000.0,441307.9285714286,3.268947619047619,,0.627440473229803,0.6178261467332483,0.17283572,0.022443128317531258,False
B: EXT_SOURCE_1 missing / moderate other scores,POC0544,278535,94500.0,308915.55,3.2689476190476188,,0.627440473229803,0.6178261467332483,0.16795489,0.021732630396112586,False
B: EXT_SOURCE_1 missing / moderate other scores,POC0545,32389,99000.0,323625.8142857143,3.268947619047619,,0.627440473229803,0.6178261467332483,0.3152608,0.04646765935076684,False
B: EXT_SOURCE_1 missing / moderate other scores,POC0546,182503,211500.0,691382.4214285715,3.268947619047619,,0.627440473229803,0.6178261467332483,0.4768343,0.08542581548438953,False
B: EXT_SOURCE_1 missing / moderate other scores,POC0547,18786,360000.0,1176821.142857143,3.268947619047619,,0.627440473229803,0.6178261467332483,0.17942104,0.02341163762697788,False
B: EXT_SOURCE_1 missing / moderate other scores,POC0548,196887,135000.0,441307.9285714286,3.268947619047619,,0.627440473229803,0.6178261467332483,0.2959964,0.04278172944749116,False
B: EXT_SOURCE_1 missing / moderate other scores,POC0549,192481,225000.0,735513.2142857143,3.268947619047619,,0.627440473229803,0.6178261467332483,0.38146904,0.06048755237338272,False
B: EXT_SOURCE_1 missing / moderate other scores,POC0550,40156,225000.0,735513.2142857143,3.268947619047619,,0.627440473229803,0.6178261467332483,0.21511486,0.02887138294530143,False
B: EXT_SOURCE_1 missing / moderate other scores,POC0551,303818,126000.0,411887.4,3.268947619047619,,0.627440473229803,0.6178261467332483,0.22700322,0.030774233949501285,False
B: EXT_SOURCE_1 missing / moderate other scores,POC0552,130068,81000.0,264784.7571428572,3.2689476190476197,,0.627440473229803,0.6178261467332483,0.2770457,0.03930664786500741,False
B: EXT_SOURCE_1 missing / moderate other scores,POC0553,68857,225000.0,735513.2142857143,3.268947619047619,,0.627440473229803,0.6178261467332483,0.40513876,0.06608784165427295,False
B: EXT_SOURCE_1 missing / moderate other scores,POC0554,131049,112500.0,367756.60714285716,3.268947619047619,,0.627440473229803,0.6178261467332483,0.04618033,0.005668393710244428,False
B: EXT_SOURCE_1 missing / moderate other scores,POC0555,277981,180000.0,588410.5714285715,3.268947619047619,,0.627440473229803,0.6178261467332483,0.44740167,0.0770121347722706,False
B: EXT_SOURCE_1 missing / moderate other scores,POC0556,63973,67500.0,220653.9642857143,3.268947619047619,,0.627440473229803,0.6178261467332483,0.27001005,0.038052437690279994,False
B: EXT_SOURCE_1 missing / moderate other scores,POC0557,199102,171000.0,558990.0428571429,3.268947619047619,,0.627440473229803,0.6178261467332483,0.2270598,0.03078339707030763,False
B: EXT_SOURCE_1 missing / moderate other scores,POC0558,93189,247500.0,809064.5357142858,3.268947619047619,,0.627440473229803,0.6178261467332483,0.58788157,0.12520311546962737,False
B: EXT_SOURCE_1 missing / moderate other scores,POC0559,88701,157500.0,514859.25,3.268947619047619,,0.627440473229803,0.6178261467332483,0.52482533,0.10085277238129275,False
B: EXT_SOURCE_1 missing / moderate other scores,POC0560,56398,135000.0,441307.9285714286,3.268947619047619,,0.627440473229803,0.6178261467332483,0.2483249,0.03430209239937755,False
B: EXT_SOURCE_1 missing / moderate other scores,POC0561,237176,135000.0,441307.9285714286,3.268947619047619,,0.627440473229803,0.6178261467332483,0.31993583,0.04738676513223044,False
B: EXT_SOURCE_1 missing / moderate other scores,POC0562,139701,45000.0,147102.64285714287,3.268947619047619,,0.627440473229803,0.6178261467332483,0.09879549,0.012266018991925157,False
B: EXT_SOURCE_1 missing / moderate other scores,POC0563,132018,81000.0,264784.7571428572,3.2689476190476197,,0.627440473229803,0.6178261467332483,0.22637436,0.03067245903812252,False
B: EXT_SOURCE_1 missing / moderate other scores,POC0564,43600,270000.0,882615.8571428572,3.268947619047619,,0.627440473229803,0.6178261467332483,0.14747258,0.018816262594434613,False
B: EXT_SOURCE_1 missing / moderate other scores,POC0565,56612,315000.0,1029718.5,3.268947619047619,,0.627440473229803,0.6178261467332483,0.3844686,0.06117845997628333,False
B: EXT_SOURCE_1 missing / moderate other scores,POC0566,288672,135000.0,441307.9285714286,3.268947619047619,,0.627440473229803,0.6178261467332483,0.3827452,0.06078085527021004,False
B: EXT_SOURCE_1 missing / moderate other scores,POC0567,117788,67500.0,220653.9642857143,3.268947619047619,,0.627440473229803,0.6178261467332483,0.26260963,0.03675334052976199,False
B: EXT_SOURCE_1 missing / moderate other scores,POC0568,230412,450000.0,1471026.4285714286,3.268947619047619,,0.627440473229803,0.6178261467332483,0.095007904,0.011776311633391953,False
B: EXT_SOURCE_1 missing / moderate other scores,POC0569,146770,157500.0,514859.25,3.268947619047619,,0.627440473229803,0.6178261467332483,0.4410803,0.07529602985468384,False
B: EXT_SOURCE_1 missing / moderate other scores,POC0570,194887,135000.0,441307.9285714286,3.268947619047619,,0.627440473229803,0.6178261467332483,0.39520672,0.06369593506087355,False
B: EXT_SOURCE_1 missing / moderate other scores,POC0571,220695,122400.0,400119.1885714286,3.268947619047619,,0.627440473229803,0.6178261467332483,0.29574683,0.042735017661969306,False
B: EXT_SOURCE_1 missing / moderate other scores,POC0572,9349,126000.0,411887.4,3.268947619047619,,0.627440473229803,0.6178261467332483,0.28647098,0.041016986231979476,False
B: EXT_SOURCE_1 missing / moderate other scores,POC0573,275169,54000.0,176523.17142857143,3.268947619047619,,0.627440473229803,0.6178261467332483,0.25077817,0.03471791689557544,False
B: EXT_SOURCE_1 missing / moderate other scores,POC0574,305450,279000.0,912036.3857142858,3.268947619047619,,0.627440473229803,0.6178261467332483,0.18008986,0.02351064796698865,False
B: EXT_SOURCE_1 missing / moderate other scores,POC0575,223172,225000.0,735513.2142857143,3.268947619047619,,0.627440473229803,0.6178261467332483,0.2465124,0.03399622205137832,False
B: EXT_SOURCE_1 missing / moderate other scores,POC0576,291575,180000.0,588410.5714285715,3.268947619047619,,0.627440473229803,0.6178261467332483,0.4961083,0.09134698655493032,False
B: EXT_SOURCE_1 missing / moderate other scores,POC0577,199474,90000.0,294205.28571428574,3.268947619047619,,0.627440473229803,0.6178261467332483,0.43997112,0.07499804664245173,False
B: EXT_SOURCE_1 missing / moderate other scores,POC0578,129836,202500.0,661961.8928571428,3.2689476190476188,,0.627440473229803,0.6178261467332483,0.061543345,0.007554029041019595,False
B: EXT_SOURCE_1 missing / moderate other scores,POC0579,50055,112500.0,367756.60714285716,3.268947619047619,,0.627440473229803,0.6178261467332483,0.2706084,0.038158367682165066,False
B: EXT_SOURCE_1 missing / moderate other scores,POC0580,298358,270000.0,882615.8571428572,3.268947619047619,,0.627440473229803,0.6178261467332483,0.2295895,0.031194139631660123,False
B: EXT_SOURCE_1 missing / moderate other scores,POC0581,15930,225000.0,735513.2142857143,3.268947619047619,,0.627440473229803,0.6178261467332483,0.09464803,0.011729918591293425,False
B: EXT_SOURCE_1 missing / moderate other scores,POC0582,87121,135000.0,441307.9285714286,3.268947619047619,,0.627440473229803,0.6178261467332483,0.19435619,0.025651745440301136,False
B: EXT_SOURCE_1 missing / moderate other scores,POC0583,237610,270000.0,882615.8571428572,3.268947619047619,,0.627440473229803,0.6178261467332483,0.22579172,0.030578278063409164,False
B: EXT_SOURCE_1 missing / moderate other scores,POC0584,257715,189000.0,617831.1,3.2689476190476188,,0.627440473229803,0.6178261467332483,0.18130422,0.02369072461922545,False
B: EXT_SOURCE_1 missing / moderate other scores,POC0585,132007,121500.0,397177.1357142857,3.268947619047619,,0.627440473229803,0.6178261467332483,0.21390845,0.028680744143512897,False
B: EXT_SOURCE_1 missing / moderate other scores,POC0586,147454,90000.0,294205.28571428574,3.268947619047619,,0.627440473229803,0.6178261467332483,0.061016586,0.007488905599622418,False
B: EXT_SOURCE_1 missing / moderate other scores,POC0587,132068,157500.0,514859.25,3.268947619047619,,0.627440473229803,0.6178261467332483,0.21155609,0.02831030040750518,False
B: EXT_SOURCE_1 missing / moderate other scores,POC0588,175858,112500.0,367756.60714285716,3.268947619047619,,0.627440473229803,0.6178261467332483,0.06595721,0.008101176107296989,False
B: EXT_SOURCE_1 missing / moderate other scores,POC0589,74062,198000.0,647251.6285714286,3.268947619047619,,0.627440473229803,0.6178261467332483,0.25536925,0.03550178752127847,False
B: EXT_SOURCE_1 missing / moderate other scores,POC0590,33816,135000.0,441307.9285714286,3.268947619047619,,0.627440473229803,0.6178261467332483,0.55700666,0.11261763128277197,False
B: EXT_SOURCE_1 missing / moderate other scores,POC0591,111512,67500.0,220653.9642857143,3.268947619047619,,0.627440473229803,0.6178261467332483,0.20889914,0.027893906704877944,False
B: EXT_SOURCE_1 missing / moderate other scores,POC0592,272856,135000.0,441307.9285714286,3.268947619047619,,0.627440473229803,0.6178261467332483,0.47394946,0.08456874743056635,False
B: EXT_SOURCE_1 missing / moderate other scores,POC0593,262812,225000.0,735513.2142857143,3.268947619047619,,0.627440473229803,0.6178261467332483,0.3838571,0.06103718276129761,False
B: EXT_SOURCE_1 missing / moderate other scores,POC0594,121365,59134.5,193307.58297857144,3.268947619047619,,0.627440473229803,0.6178261467332483,0.08887387,0.010988685463308948,False
B: EXT_SOURCE_1 missing / moderate other scores,POC0595,227622,112500.0,367756.60714285716,3.268947619047619,,0.627440473229803,0.6178261467332483,0.5355682,0.10464048902729008,False
B: EXT_SOURCE_1 missing / moderate other scores,POC0596,174709,135000.0,441307.9285714286,3.268947619047619,,0.627440473229803,0.6178261467332483,0.16321006,0.021047786263555163,False
B: EXT_SOURCE_1 missing / moderate other scores,POC0597,58040,225000.0,735513.2142857143,3.268947619047619,,0.627440473229803,0.6178261467332483,0.20922741,0.027945237956838176,False
B: EXT_SOURCE_1 missing / moderate other scores,POC0598,216675,216000.0,706092.6857142857,3.268947619047619,,0.627440473229803,0.6178261467332483,0.33815765,0.05106605520064133,False
B: EXT_SOURCE_1 missing / moderate other scores,POC0599,258011,225000.0,735513.2142857143,3.268947619047619,,0.627440473229803,0.6178261467332483,0.09253339,0.01145777600332164,False
B: EXT_SOURCE_1 missing / moderate other scores,POC0600,208258,202500.0,661961.8928571428,3.2689476190476188,,0.627440473229803,0.6178261467332483,0.18320861,0.02397393083498728,False
C: lower external scores / higher credit-income ratio,POC0601,14343,270000.0,1559822.689655173,5.7771210727969375,0.29560205780947596,0.34015631459588996,0.3296550543128238,0.79382575,0.26931651283044283,True
C: lower external scores / higher credit-income ratio,POC0602,94529,157500.0,909896.5689655177,5.7771210727969375,0.29560205780947596,0.34015631459588996,0.3296550543128238,0.75960845,0.2339116042954094,True
C: lower external scores / higher credit-income ratio,POC0603,26833,112500.0,649926.1206896554,5.777121072796937,0.29560205780947596,0.34015631459588996,0.3296550543128238,0.66663927,0.16489840178616946,False
C: lower external scores / higher credit-income ratio,POC0604,101924,99000.0,571934.9862068968,5.7771210727969375,0.29560205780947596,0.34015631459588996,0.3296550543128238,0.6060863,0.1333153220389513,False
C: lower external scores / higher credit-income ratio,POC0605,281182,405000.0,2339734.03448276,5.777121072796938,0.29560205780947596,0.34015631459588996,0.3296550543128238,0.6977956,0.18463924203946913,True
C: lower external scores / higher credit-income ratio,POC0606,208806,99000.0,571934.9862068968,5.7771210727969375,0.29560205780947596,0.34015631459588996,0.3296550543128238,0.4402972,0.0750855488917037,False
C: lower external scores / higher credit-income ratio,POC0607,190054,108000.0,623929.0758620693,5.7771210727969375,0.29560205780947596,0.34015631459588996,0.3296550543128238,0.45417574,0.078885598881488,False
C: lower external scores / higher credit-income ratio,POC0608,259619,112500.0,649926.1206896554,5.777121072796937,0.29560205780947596,0.34015631459588996,0.3296550543128238,0.5779361,0.12099647439919331,False
C: lower external scores / higher credit-income ratio,POC0609,292744,135000.0,779911.3448275866,5.7771210727969375,0.29560205780947596,0.34015631459588996,0.3296550543128238,0.61057377,0.1354021968429072,False
C: lower external scores / higher credit-income ratio,POC0610,225433,607500.0,3509601.0517241396,5.7771210727969375,0.29560205780947596,0.34015631459588996,0.3296550543128238,0.57055247,0.11796954955007868,False
C: lower external scores / higher credit-income ratio,POC0611,106133,112500.0,649926.1206896554,5.777121072796937,0.29560205780947596,0.34015631459588996,0.3296550543128238,0.5793949,0.12160403280046679,False
C: lower external scores / higher credit-income ratio,POC0612,229934,157500.0,909896.5689655177,5.7771210727969375,0.29560205780947596,0.34015631459588996,0.3296550543128238,0.46715567,0.08257902073418509,False
C: lower external scores / higher credit-income ratio,POC0613,204931,99000.0,571934.9862068968,5.7771210727969375,0.29560205780947596,0.34015631459588996,0.3296550543128238,0.5245807,0.1007680649845511,False
C: lower external scores / higher credit-income ratio,POC0614,212950,135000.0,779911.3448275866,5.7771210727969375,0.29560205780947596,0.34015631459588996,0.3296550543128238,0.73983026,0.2163925500184952,True
C: lower external scores / higher credit-income ratio,POC0615,162299,81000.0,467946.8068965519,5.7771210727969375,0.29560205780947596,0.34015631459588996,0.3296550543128238,0.6812247,0.1737927866043303,True
C: lower external scores / higher credit-income ratio,POC0616,180508,225000.0,1299852.2413793108,5.777121072796937,0.29560205780947596,0.34015631459588996,0.3296550543128238,0.52667266,0.10149465480183528,False
C: lower external scores / higher credit-income ratio,POC0617,305767,45000.0,259970.4482758622,5.7771210727969375,0.29560205780947596,0.34015631459588996,0.3296550543128238,0.28891253,0.04146580134774495,False
C: lower external scores / higher credit-income ratio,POC0618,56063,157500.0,909896.5689655177,5.7771210727969375,0.29560205780947596,0.34015631459588996,0.3296550543128238,0.5264678,0.10142328213188542,False
C: lower external scores / higher credit-income ratio,POC0619,50510,360000.0,2079763.5862068976,5.7771210727969375,0.29560205780947596,0.34015631459588996,0.3296550543128238,0.5203107,0.09930018217328372,False
C: lower external scores / higher credit-income ratio,POC0620,287354,225000.0,1299852.2413793108,5.777121072796937,0.29560205780947596,0.34015631459588996,0.3296550543128238,0.53796077,0.10550249525969312,False
C: lower external scores / higher credit-income ratio,POC0621,128424,99000.0,571934.9862068968,5.7771210727969375,0.29560205780947596,0.34015631459588996,0.3296550543128238,0.78371596,0.2580917191375652,True
C: lower external scores / higher credit-income ratio,POC0622,279243,90000.0,519940.8965517244,5.7771210727969375,0.29560205780947596,0.34015631459588996,0.3296550543128238,0.4440133,0.07608846782842135,False
C: lower external scores / higher credit-income ratio,POC0623,285761,81450.0,470546.51137931057,5.7771210727969375,0.29560205780947596,0.34015631459588996,0.3296550543128238,0.70109886,0.18690358936557006,True
C: lower external scores / higher credit-income ratio,POC0624,4692,450000.0,2599704.4827586217,5.777121072796937,0.29560205780947596,0.34015631459588996,0.3296550543128238,0.67426044,0.16947380650009058,False
C: lower external scores / higher credit-income ratio,POC0625,144922,112500.0,649926.1206896554,5.777121072796937,0.29560205780947596,0.34015631459588996,0.3296550543128238,0.57054126,0.11796501605707145,False
C: lower external scores / higher credit-income ratio,POC0626,70419,81000.0,467946.8068965519,5.7771210727969375,0.29560205780947596,0.34015631459588996,0.3296550543128238,0.6256022,0.14266183097825488,False
C: lower external scores / higher credit-income ratio,POC0627,112460,292500.0,1689807.9137931042,5.7771210727969375,0.29560205780947596,0.34015631459588996,0.3296550543128238,0.35573798,0.05476999369169947,False
C: lower external scores / higher credit-income ratio,POC0628,44983,112500.0,649926.1206896554,5.777121072796937,0.29560205780947596,0.34015631459588996,0.3296550543128238,0.4907049,0.08965186869339346,False
C: lower external scores / higher credit-income ratio,POC0629,123890,112500.0,649926.1206896554,5.777121072796937,0.29560205780947596,0.34015631459588996,0.3296550543128238,0.35918987,0.055515987018435964,False
C: lower external scores / higher credit-income ratio,POC0630,372,180000.0,1039881.7931034488,5.7771210727969375,0.29560205780947596,0.34015631459588996,0.3296550543128238,0.5286346,0.10218060993376772,False
C: lower external scores / higher credit-income ratio,POC0631,138704,112500.0,649926.1206896554,5.777121072796937,0.29560205780947596,0.34015631459588996,0.3296550543128238,0.45107841,0.07802449867130284,False
C: lower external scores / higher credit-income ratio,POC0632,152894,103500.0,597932.031034483,5.7771210727969375,0.29560205780947596,0.34015631459588996,0.3296550543128238,0.7300987,0.20843021400483,True
C: lower external scores / higher credit-income ratio,POC0633,22520,81000.0,467946.8068965519,5.7771210727969375,0.29560205780947596,0.34015631459588996,0.3296550543128238,0.2023314,0.02687366764689098,False
C: lower external scores / higher credit-income ratio,POC0634,36968,135000.0,779911.3448275866,5.7771210727969375,0.29560205780947596,0.34015631459588996,0.3296550543128238,0.3172844,0.046864285722812496,False
C: lower external scores / higher credit-income ratio,POC0635,90871,180000.0,1039881.7931034488,5.7771210727969375,0.29560205780947596,0.34015631459588996,0.3296550543128238,0.60442203,0.13255040971056756,False
C: lower external scores / higher credit-income ratio,POC0636,153653,157500.0,909896.5689655177,5.7771210727969375,0.29560205780947596,0.34015631459588996,0.3296550543128238,0.28217003,0.04023217630687567,False
C: lower external scores / higher credit-income ratio,POC0637,188807,112500.0,649926.1206896554,5.777121072796937,0.29560205780947596,0.34015631459588996,0.3296550543128238,0.49848503,0.0921015746048759,False
C: lower external scores / higher credit-income ratio,POC0638,259279,135000.0,779911.3448275866,5.7771210727969375,0.29560205780947596,0.34015631459588996,0.3296550543128238,0.543958,0.10769368263439444,False
C: lower external scores / higher credit-income ratio,POC0639,75254,270000.0,1559822.689655173,5.7771210727969375,0.29560205780947596,0.34015631459588996,0.3296550543128238,0.47831652,0.08586904630698149,False
C: lower external scores / higher credit-income ratio,POC0640,115899,144000.0,831905.434482759,5.7771210727969375,0.29560205780947596,0.34015631459588996,0.3296550543128238,0.7359292,0.21315194476104887,True
C: lower external scores / higher credit-income ratio,POC0641,68788,225000.0,1299852.2413793108,5.777121072796937,0.29560205780947596,0.34015631459588996,0.3296550543128238,0.52001566,0.0991995024290903,False
C: lower external scores / higher credit-income ratio,POC0642,222804,270000.0,1559822.689655173,5.7771210727969375,0.29560205780947596,0.34015631459588996,0.3296550543128238,0.51122963,0.09624457692787447,False
C: lower external scores / higher credit-income ratio,POC0643,235973,202500.0,1169867.01724138,5.777121072796938,0.29560205780947596,0.34015631459588996,0.3296550543128238,0.78804797,0.26281597105885557,True
C: lower external scores / higher credit-income ratio,POC0644,305096,225000.0,1299852.2413793108,5.777121072796937,0.29560205780947596,0.34015631459588996,0.3296550543128238,0.4060113,0.06630097757476941,False
C: lower external scores / higher credit-income ratio,POC0645,122081,202500.0,1169867.01724138,5.777121072796938,0.29560205780947596,0.34015631459588996,0.3296550543128238,0.49179465,0.08999148125895547,False
C: lower external scores / higher credit-income ratio,POC0646,122584,81000.0,467946.8068965519,5.7771210727969375,0.29560205780947596,0.34015631459588996,0.3296550543128238,0.57522863,0.11987725326403456,False
C: lower external scores / higher credit-income ratio,POC0647,139941,337500.0,1949778.3620689665,5.7771210727969375,0.29560205780947596,0.34015631459588996,0.3296550543128238,0.6688444,0.16620650016277178,False
C: lower external scores / higher credit-income ratio,POC0648,5639,126000.0,727917.2551724141,5.7771210727969375,0.29560205780947596,0.34015631459588996,0.3296550543128238,0.7340517,0.21161582348564478,True
C: lower external scores / higher credit-income ratio,POC0649,82516,171000.0,987887.7034482763,5.7771210727969375,0.29560205780947596,0.34015631459588996,0.3296550543128238,0.41877252,0.06947540550241744,False
C: lower external scores / higher credit-income ratio,POC0650,269078,81000.0,467946.8068965519,5.7771210727969375,0.29560205780947596,0.34015631459588996,0.3296550543128238,0.51825094,0.09859930663427684,False
C: lower external scores / higher credit-income ratio,POC0651,241319,112500.0,649926.1206896554,5.777121072796937,0.29560205780947596,0.34015631459588996,0.3296550543128238,0.6639242,0.16330504028841442,False
C: lower external scores / higher credit-income ratio,POC0652,217048,270000.0,1559822.689655173,5.7771210727969375,0.29560205780947596,0.34015631459588996,0.3296550543128238,0.4120093,0.06777952521364453,False
C: lower external scores / higher credit-income ratio,POC0653,108055,135000.0,779911.3448275866,5.7771210727969375,0.29560205780947596,0.34015631459588996,0.3296550543128238,0.7477844,0.2232121201375309,True
C: lower external scores / higher credit-income ratio,POC0654,191254,112500.0,649926.1206896554,5.777121072796937,0.29560205780947596,0.34015631459588996,0.3296550543128238,0.51971567,0.09909723254164785,False
C: lower external scores / higher credit-income ratio,POC0655,210348,180000.0,1039881.7931034488,5.7771210727969375,0.29560205780947596,0.34015631459588996,0.3296550543128238,0.47218436,0.08404795260237295,False
C: lower external scores / higher credit-income ratio,POC0656,274216,207000.0,1195864.062068966,5.7771210727969375,0.29560205780947596,0.34015631459588996,0.3296550543128238,0.60689497,0.13368874058294,False
C: lower external scores / higher credit-income ratio,POC0657,109684,180000.0,1039881.7931034488,5.7771210727969375,0.29560205780947596,0.34015631459588996,0.3296550543128238,0.35124585,0.05380855613332082,False
C: lower external scores / higher credit-income ratio,POC0658,120159,270000.0,1559822.689655173,5.7771210727969375,0.29560205780947596,0.34015631459588996,0.3296550543128238,0.3861554,0.06156932837785327,False
C: lower external scores / higher credit-income ratio,POC0659,91040,180000.0,1039881.7931034488,5.7771210727969375,0.29560205780947596,0.34015631459588996,0.3296550543128238,0.62916803,0.14444848357143722,False
C: lower external scores / higher credit-income ratio,POC0660,165729,270000.0,1559822.689655173,5.7771210727969375,0.29560205780947596,0.34015631459588996,0.3296550543128238,0.33200815,0.049806747757847096,False
C: lower external scores / higher credit-income ratio,POC0661,127775,81000.0,467946.8068965519,5.7771210727969375,0.29560205780947596,0.34015631459588996,0.3296550543128238,0.69829553,0.18497965076253847,True
C: lower external scores / higher credit-income ratio,POC0662,89528,67500.0,389955.6724137933,5.7771210727969375,0.29560205780947596,0.34015631459588996,0.3296550543128238,0.6674561,0.16538147177807397,False
C: lower external scores / higher credit-income ratio,POC0663,180150,225000.0,1299852.2413793108,5.777121072796937,0.29560205780947596,0.34015631459588996,0.3296550543128238,0.75893205,0.2332804256311245,True
C: lower external scores / higher credit-income ratio,POC0664,70842,108000.0,623929.0758620693,5.7771210727969375,0.29560205780947596,0.34015631459588996,0.3296550543128238,0.68642956,0.17711069204236002,True
C: lower external scores / higher credit-income ratio,POC0665,47668,157500.0,909896.5689655177,5.7771210727969375,0.29560205780947596,0.34015631459588996,0.3296550543128238,0.6755035,0.1702348473220654,True
C: lower external scores / higher credit-income ratio,POC0666,247508,67500.0,389955.6724137933,5.7771210727969375,0.29560205780947596,0.34015631459588996,0.3296550543128238,0.63581324,0.14784715146307498,False
C: lower external scores / higher credit-income ratio,POC0667,102323,36000.0,207976.35862068975,5.7771210727969375,0.29560205780947596,0.34015631459588996,0.3296550543128238,0.6018416,0.13137396399720155,False
C: lower external scores / higher credit-income ratio,POC0668,173796,225000.0,1299852.2413793108,5.777121072796937,0.29560205780947596,0.34015631459588996,0.3296550543128238,0.44437352,0.07618624417766329,False
C: lower external scores / higher credit-income ratio,POC0669,156684,121500.0,701920.210344828,5.777121072796938,0.29560205780947596,0.34015631459588996,0.3296550543128238,0.3997817,0.06478998194314109,False
C: lower external scores / higher credit-income ratio,POC0670,144905,270000.0,1559822.689655173,5.7771210727969375,0.29560205780947596,0.34015631459588996,0.3296550543128238,0.56613106,0.11619464963473992,False
C: lower external scores / higher credit-income ratio,POC0671,229123,180000.0,1039881.7931034488,5.7771210727969375,0.29560205780947596,0.34015631459588996,0.3296550543128238,0.5266256,0.10147824546000618,False
C: lower external scores / higher credit-income ratio,POC0672,218412,112500.0,649926.1206896554,5.777121072796937,0.29560205780947596,0.34015631459588996,0.3296550543128238,0.5766203,0.12045117573151172,False
C: lower external scores / higher credit-income ratio,POC0673,70382,459000.0,2651698.572413794,5.7771210727969375,0.29560205780947596,0.34015631459588996,0.3296550543128238,0.7186542,0.1995626910596533,True
C: lower external scores / higher credit-income ratio,POC0674,124028,270000.0,1559822.689655173,5.7771210727969375,0.29560205780947596,0.34015631459588996,0.3296550543128238,0.4865765,0.08837547194337794,False
C: lower external scores / higher credit-income ratio,POC0675,186554,225000.0,1299852.2413793108,5.777121072796937,0.29560205780947596,0.34015631459588996,0.3296550543128238,0.696863,0.18400631161019693,True
C: lower external scores / higher credit-income ratio,POC0676,176407,121500.0,701920.210344828,5.777121072796938,0.29560205780947596,0.34015631459588996,0.3296550543128238,0.5665988,0.11638110033904192,False
C: lower external scores / higher credit-income ratio,POC0677,139785,90000.0,519940.8965517244,5.7771210727969375,0.29560205780947596,0.34015631459588996,0.3296550543128238,0.76566136,0.23966859875295116,True
C: lower external scores / higher credit-income ratio,POC0678,70870,112500.0,649926.1206896554,5.777121072796937,0.29560205780947596,0.34015631459588996,0.3296550543128238,0.500504,0.09274695817080338,False
C: lower external scores / higher credit-income ratio,POC0679,258040,225000.0,1299852.2413793108,5.777121072796937,0.29560205780947596,0.34015631459588996,0.3296550543128238,0.6399469,0.15000805777669526,False
C: lower external scores / higher credit-income ratio,POC0680,36357,90000.0,519940.8965517244,5.7771210727969375,0.29560205780947596,0.34015631459588996,0.3296550543128238,0.503421,0.09368658005649556,False
C: lower external scores / higher credit-income ratio,POC0681,225837,202500.0,1169867.01724138,5.777121072796938,0.29560205780947596,0.34015631459588996,0.3296550543128238,0.85018975,0.3478517528008958,True
C: lower external scores / higher credit-income ratio,POC0682,63803,90000.0,519940.8965517244,5.7771210727969375,0.29560205780947596,0.34015631459588996,0.3296550543128238,0.54184103,0.10691517823099783,False
C: lower external scores / higher credit-income ratio,POC0683,33926,135000.0,779911.3448275866,5.7771210727969375,0.29560205780947596,0.34015631459588996,0.3296550543128238,0.51781416,0.09845127727319657,False
C: lower external scores / higher credit-income ratio,POC0684,260863,211500.0,1221861.1068965523,5.7771210727969375,0.29560205780947596,0.34015631459588996,0.3296550543128238,0.43810025,0.07449752595797086,False
C: lower external scores / higher credit-income ratio,POC0685,131737,180000.0,1039881.7931034488,5.7771210727969375,0.29560205780947596,0.34015631459588996,0.3296550543128238,0.7657375,0.23974226268613485,True
C: lower external scores / higher credit-income ratio,POC0686,58955,292500.0,1689807.9137931042,5.7771210727969375,0.29560205780947596,0.34015631459588996,0.3296550543128238,0.3973716,0.06421200663002992,False
C: lower external scores / higher credit-income ratio,POC0687,183690,112500.0,649926.1206896554,5.777121072796937,0.29560205780947596,0.34015631459588996,0.3296550543128238,0.6531542,0.15716533372717897,False
C: lower external scores / higher credit-income ratio,POC0688,156774,112500.0,649926.1206896554,5.777121072796937,0.29560205780947596,0.34015631459588996,0.3296550543128238,0.5478154,0.10912657127646008,False
C: lower external scores / higher credit-income ratio,POC0689,278903,157500.0,909896.5689655177,5.7771210727969375,0.29560205780947596,0.34015631459588996,0.3296550543128238,0.76510435,0.23913050656009602,True
C: lower external scores / higher credit-income ratio,POC0690,259414,157500.0,909896.5689655177,5.7771210727969375,0.29560205780947596,0.34015631459588996,0.3296550543128238,0.63597673,0.14793192943599276,False
C: lower external scores / higher credit-income ratio,POC0691,63171,225000.0,1299852.2413793108,5.777121072796937,0.29560205780947596,0.34015631459588996,0.3296550543128238,0.7377092,0.21462235416278055,True
C: lower external scores / higher credit-income ratio,POC0692,92840,180000.0,1039881.7931034488,5.7771210727969375,0.29560205780947596,0.34015631459588996,0.3296550543128238,0.30532604,0.04454680085469252,False
C: lower external scores / higher credit-income ratio,POC0693,42939,117450.0,678522.8700000003,5.7771210727969375,0.29560205780947596,0.34015631459588996,0.3296550543128238,0.6554748,0.15846442823512608,False
C: lower external scores / higher credit-income ratio,POC0694,265489,90000.0,519940.8965517244,5.7771210727969375,0.29560205780947596,0.34015631459588996,0.3296550543128238,0.42283106,0.07050804739614659,False
C: lower external scores / higher credit-income ratio,POC0695,32897,135000.0,779911.3448275866,5.7771210727969375,0.29560205780947596,0.34015631459588996,0.3296550543128238,0.7114048,0.1942032699436737,True
C: lower external scores / higher credit-income ratio,POC0696,171309,225000.0,1299852.2413793108,5.777121072796937,0.29560205780947596,0.34015631459588996,0.3296550543128238,0.54654044,0.10865090202778922,False
C: lower external scores / higher credit-income ratio,POC0697,220505,157500.0,909896.5689655177,5.7771210727969375,0.29560205780947596,0.34015631459588996,0.3296550543128238,0.6900348,0.179455760994675,True
C: lower external scores / higher credit-income ratio,POC0698,209627,175500.0,1013884.7482758625,5.7771210727969375,0.29560205780947596,0.34015631459588996,0.3296550543128238,0.7955038,0.2712488664232065,True
C: lower external scores / higher credit-income ratio,POC0699,239357,67500.0,389955.6724137933,5.7771210727969375,0.29560205780947596,0.34015631459588996,0.3296550543128238,0.61090183,0.13555617720526572,False
C: lower external scores / higher credit-income ratio,POC0700,180250,157500.0,909896.5689655177,5.7771210727969375,0.29560205780947596,0.34015631459588996,0.3296550543128238,0.560416,0.11394090234476101,False
C: lower external scores / higher credit-income ratio,POC0701,305932,90000.0,519940.8965517244,5.7771210727969375,0.29560205780947596,0.34015631459588996,0.3296550543128238,0.62370807,0.141723064804877,False
C: lower external scores / higher credit-income ratio,POC0702,102415,157500.0,909896.5689655177,5.7771210727969375,0.29560205780947596,0.34015631459588996,0.3296550543128238,0.70547473,0.18995870458779154,True
C: lower external scores / higher credit-income ratio,POC0703,202927,211500.0,1221861.1068965523,5.7771210727969375,0.29560205780947596,0.34015631459588996,0.3296550543128238,0.6160039,0.13797619230693886,False
C: lower external scores / higher credit-income ratio,POC0704,295675,450000.0,2599704.4827586217,5.777121072796937,0.29560205780947596,0.34015631459588996,0.3296550543128238,0.67204076,0.1681252721247692,False
C: lower external scores / higher credit-income ratio,POC0705,3772,139500.0,805908.3896551728,5.7771210727969375,0.29560205780947596,0.34015631459588996,0.3296550543128238,0.79383916,0.2693318755955044,True
C: lower external scores / higher credit-income ratio,POC0706,243150,180000.0,1039881.7931034488,5.7771210727969375,0.29560205780947596,0.34015631459588996,0.3296550543128238,0.8124416,0.29196611326891625,True
C: lower external scores / higher credit-income ratio,POC0707,248501,225000.0,1299852.2413793108,5.777121072796937,0.29560205780947596,0.34015631459588996,0.3296550543128238,0.5928518,0.12736348801002795,False
C: lower external scores / higher credit-income ratio,POC0708,282681,135000.0,779911.3448275866,5.7771210727969375,0.29560205780947596,0.34015631459588996,0.3296550543128238,0.5757951,0.12011052776887253,False
C: lower external scores / higher credit-income ratio,POC0709,257081,90000.0,519940.8965517244,5.7771210727969375,0.29560205780947596,0.34015631459588996,0.3296550543128238,0.5750101,0.11978739813793506,False
C: lower external scores / higher credit-income ratio,POC0710,102468,45000.0,259970.4482758622,5.7771210727969375,0.29560205780947596,0.34015631459588996,0.3296550543128238,0.8310276,0.3175863914937174,True
C: lower external scores / higher credit-income ratio,POC0711,214137,90000.0,519940.8965517244,5.7771210727969375,0.29560205780947596,0.34015631459588996,0.3296550543128238,0.40162772,0.06523515405676177,False
C: lower external scores / higher credit-income ratio,POC0712,200185,85500.0,493943.85172413813,5.7771210727969375,0.29560205780947596,0.34015631459588996,0.3296550543128238,0.5102943,0.09593485105601489,False
C: lower external scores / higher credit-income ratio,POC0713,273544,112500.0,649926.1206896554,5.777121072796937,0.29560205780947596,0.34015631459588996,0.3296550543128238,0.67703885,0.17118069946616798,True
C: lower external scores / higher credit-income ratio,POC0714,273140,112500.0,649926.1206896554,5.777121072796937,0.29560205780947596,0.34015631459588996,0.3296550543128238,0.63233393,0.14605629540202683,False
C: lower external scores / higher credit-income ratio,POC0715,6805,157500.0,909896.5689655177,5.7771210727969375,0.29560205780947596,0.34015631459588996,0.3296550543128238,0.43456566,0.07355900172371467,False
C: lower external scores / higher credit-income ratio,POC0716,306136,90000.0,519940.8965517244,5.7771210727969375,0.29560205780947596,0.34015631459588996,0.3296550543128238,0.5757873,0.12010730917111372,False
C: lower external scores / higher credit-income ratio,POC0717,57720,360000.0,2079763.5862068976,5.7771210727969375,0.29560205780947596,0.34015631459588996,0.3296550543128238,0.43971276,0.07492877173831518,False
C: lower external scores / higher credit-income ratio,POC0718,278139,112500.0,649926.1206896554,5.777121072796937,0.29560205780947596,0.34015631459588996,0.3296550543128238,0.6477202,0.15417270296147215,False
C: lower external scores / higher credit-income ratio,POC0719,28733,126000.0,727917.2551724141,5.7771210727969375,0.29560205780947596,0.34015631459588996,0.3296550543128238,0.66471946,0.16376978965330097,False
C: lower external scores / higher credit-income ratio,POC0720,238601,270000.0,1559822.689655173,5.7771210727969375,0.29560205780947596,0.34015631459588996,0.3296550543128238,0.4670925,0.08256071137605145,False
C: lower external scores / higher credit-income ratio,POC0721,241724,125730.0,726357.432482759,5.7771210727969375,0.29560205780947596,0.34015631459588996,0.3296550543128238,0.6546616,0.15800773794698403,False
C: lower external scores / higher credit-income ratio,POC0722,171743,157500.0,909896.5689655177,5.7771210727969375,0.29560205780947596,0.34015631459588996,0.3296550543128238,0.4152112,0.06857856176997838,False
C: lower external scores / higher credit-income ratio,POC0723,253011,67500.0,389955.6724137933,5.7771210727969375,0.29560205780947596,0.34015631459588996,0.3296550543128238,0.71155673,0.19431363803088478,True
C: lower external scores / higher credit-income ratio,POC0724,297783,110250.0,636927.5982758624,5.7771210727969375,0.29560205780947596,0.34015631459588996,0.3296550543128238,0.49324262,0.09044448757270279,False
C: lower external scores / higher credit-income ratio,POC0725,21579,67500.0,389955.6724137933,5.7771210727969375,0.29560205780947596,0.34015631459588996,0.3296550543128238,0.67509204,0.16998247550703563,True
C: lower external scores / higher credit-income ratio,POC0726,23964,134248.5,775569.8383413797,5.7771210727969375,0.29560205780947596,0.34015631459588996,0.3296550543128238,0.396436,0.06398862055002803,False
C: lower external scores / higher credit-income ratio,POC0727,131196,225000.0,1299852.2413793108,5.777121072796937,0.29560205780947596,0.34015631459588996,0.3296550543128238,0.62442,0.14207507928255939,False
C: lower external scores / higher credit-income ratio,POC0728,51277,234000.0,1351846.3310344834,5.7771210727969375,0.29560205780947596,0.34015631459588996,0.3296550543128238,0.5995433,0.13033573217607783,False
C: lower external scores / higher credit-income ratio,POC0729,172683,112500.0,649926.1206896554,5.777121072796937,0.29560205780947596,0.34015631459588996,0.3296550543128238,0.8032884,0.2804878385606669,True
C: lower external scores / higher credit-income ratio,POC0730,233597,76500.0,441949.7620689657,5.7771210727969375,0.29560205780947596,0.34015631459588996,0.3296550543128238,0.528978,0.10230111964049356,False
C: lower external scores / higher credit-income ratio,POC0731,222818,135000.0,779911.3448275866,5.7771210727969375,0.29560205780947596,0.34015631459588996,0.3296550543128238,0.44564536,0.0765322625351778,False
C: lower external scores / higher credit-income ratio,POC0732,281506,117000.0,675923.1655172417,5.7771210727969375,0.29560205780947596,0.34015631459588996,0.3296550543128238,0.71771324,0.19885610894140224,True
C: lower external scores / higher credit-income ratio,POC0733,77011,36000.0,207976.35862068975,5.7771210727969375,0.29560205780947596,0.34015631459588996,0.3296550543128238,0.6588974,0.16040405835962748,False
C: lower external scores / higher credit-income ratio,POC0734,296587,126000.0,727917.2551724141,5.7771210727969375,0.29560205780947596,0.34015631459588996,0.3296550543128238,0.5210828,0.09956411152868558,False
C: lower external scores / higher credit-income ratio,POC0735,111967,72000.0,415952.7172413795,5.7771210727969375,0.29560205780947596,0.34015631459588996,0.3296550543128238,0.4452292,0.07641890518686346,False
C: lower external scores / higher credit-income ratio,POC0736,246331,157500.0,909896.5689655177,5.7771210727969375,0.29560205780947596,0.34015631459588996,0.3296550543128238,0.75266534,0.2275444619769001,True
C: lower external scores / higher credit-income ratio,POC0737,83901,67500.0,389955.6724137933,5.7771210727969375,0.29560205780947596,0.34015631459588996,0.3296550543128238,0.71535194,0.19709750397102346,True
C: lower external scores / higher credit-income ratio,POC0738,43423,247500.0,1429837.465517242,5.7771210727969375,0.29560205780947596,0.34015631459588996,0.3296550543128238,0.33900285,0.051240574305412546,False
C: lower external scores / higher credit-income ratio,POC0739,4795,202500.0,1169867.01724138,5.777121072796938,0.29560205780947596,0.34015631459588996,0.3296550543128238,0.73902786,0.21572054089401888,True
C: lower external scores / higher credit-income ratio,POC0740,73450,118350.0,683722.2789655175,5.7771210727969375,0.29560205780947596,0.34015631459588996,0.3296550543128238,0.61357844,0.1368197850043489,False
C: lower external scores / higher credit-income ratio,POC0741,148307,180000.0,1039881.7931034488,5.7771210727969375,0.29560205780947596,0.34015631459588996,0.3296550543128238,0.34363192,0.05220266623290583,False
C: lower external scores / higher credit-income ratio,POC0742,10564,225000.0,1299852.2413793108,5.777121072796937,0.29560205780947596,0.34015631459588996,0.3296550543128238,0.48806834,0.08883486429715924,False
C: lower external scores / higher credit-income ratio,POC0743,295869,78750.0,454948.28448275884,5.7771210727969375,0.29560205780947596,0.34015631459588996,0.3296550543128238,0.6389453,0.14948110123549757,False
C: lower external scores / higher credit-income ratio,POC0744,192847,112500.0,649926.1206896554,5.777121072796937,0.29560205780947596,0.34015631459588996,0.3296550543128238,0.73494387,0.21234389317956434,True
C: lower external scores / higher credit-income ratio,POC0745,211192,360000.0,2079763.5862068976,5.7771210727969375,0.29560205780947596,0.34015631459588996,0.3296550543128238,0.5066325,0.09473102232851943,False
C: lower external scores / higher credit-income ratio,POC0746,156187,112500.0,649926.1206896554,5.777121072796937,0.29560205780947596,0.34015631459588996,0.3296550543128238,0.6458588,0.15316316900219495,False
C: lower external scores / higher credit-income ratio,POC0747,18847,90000.0,519940.8965517244,5.7771210727969375,0.29560205780947596,0.34015631459588996,0.3296550543128238,0.7074339,0.19134750829827335,True
C: lower external scores / higher credit-income ratio,POC0748,258327,90000.0,519940.8965517244,5.7771210727969375,0.29560205780947596,0.34015631459588996,0.3296550543128238,0.68544805,0.17647896670559607,True
C: lower external scores / higher credit-income ratio,POC0749,50386,270000.0,1559822.689655173,5.7771210727969375,0.29560205780947596,0.34015631459588996,0.3296550543128238,0.6968178,0.1839757207244537,True
C: lower external scores / higher credit-income ratio,POC0750,117743,180000.0,1039881.7931034488,5.7771210727969375,0.29560205780947596,0.34015631459588996,0.3296550543128238,0.4856928,0.08810432831235249,False
C: lower external scores / higher credit-income ratio,POC0751,82020,81000.0,467946.8068965519,5.7771210727969375,0.29560205780947596,0.34015631459588996,0.3296550543128238,0.5649641,0.11573079535284883,False
C: lower external scores / higher credit-income ratio,POC0752,41141,90000.0,519940.8965517244,5.7771210727969375,0.29560205780947596,0.34015631459588996,0.3296550543128238,0.35219833,0.054011536337780205,False
C: lower external scores / higher credit-income ratio,POC0753,158665,162000.0,935893.6137931038,5.7771210727969375,0.29560205780947596,0.34015631459588996,0.3296550543128238,0.5636853,0.11522464554984713,False
C: lower external scores / higher credit-income ratio,POC0754,249190,225000.0,1299852.2413793108,5.777121072796937,0.29560205780947596,0.34015631459588996,0.3296550543128238,0.5325108,0.10354887655683559,False
C: lower external scores / higher credit-income ratio,POC0755,117485,180000.0,1039881.7931034488,5.7771210727969375,0.29560205780947596,0.34015631459588996,0.3296550543128238,0.7491843,0.22444292005355337,True
C: lower external scores / higher credit-income ratio,POC0756,45546,63000.0,363958.62758620706,5.7771210727969375,0.29560205780947596,0.34015631459588996,0.3296550543128238,0.30706254,0.04487943080323269,False
C: lower external scores / higher credit-income ratio,POC0757,53302,180000.0,1039881.7931034488,5.7771210727969375,0.29560205780947596,0.34015631459588996,0.3296550543128238,0.7095936,0.19289385202158432,True
C: lower external scores / higher credit-income ratio,POC0758,41703,189000.0,1091875.8827586211,5.7771210727969375,0.29560205780947596,0.34015631459588996,0.3296550543128238,0.7042441,0.18909300158460773,True
C: lower external scores / higher credit-income ratio,POC0759,139285,135000.0,779911.3448275866,5.7771210727969375,0.29560205780947596,0.34015631459588996,0.3296550543128238,0.38201216,0.06061226133608721,False
C: lower external scores / higher credit-income ratio,POC0760,53694,94500.0,545937.9413793106,5.7771210727969375,0.29560205780947596,0.34015631459588996,0.3296550543128238,0.4751276,0.08491787999435625,False
C: lower external scores / higher credit-income ratio,POC0761,159555,270000.0,1559822.689655173,5.7771210727969375,0.29560205780947596,0.34015631459588996,0.3296550543128238,0.7117721,0.19447021663710504,True
C: lower external scores / higher credit-income ratio,POC0762,236729,58500.0,337961.58275862085,5.7771210727969375,0.29560205780947596,0.34015631459588996,0.3296550543128238,0.6819993,0.1742816125205159,True
C: lower external scores / higher credit-income ratio,POC0763,85262,90000.0,519940.8965517244,5.7771210727969375,0.29560205780947596,0.34015631459588996,0.3296550543128238,0.58227795,0.12281426205079295,False
C: lower external scores / higher credit-income ratio,POC0764,13420,157500.0,909896.5689655177,5.7771210727969375,0.29560205780947596,0.34015631459588996,0.3296550543128238,0.47425878,0.08466029289650885,False
C: lower external scores / higher credit-income ratio,POC0765,15174,103500.0,597932.031034483,5.7771210727969375,0.29560205780947596,0.34015631459588996,0.3296550543128238,0.42803448,0.07184879333595345,False
C: lower external scores / higher credit-income ratio,POC0766,55769,225000.0,1299852.2413793108,5.777121072796937,0.29560205780947596,0.34015631459588996,0.3296550543128238,0.16830267,0.021783052637177728,False
C: lower external scores / higher credit-income ratio,POC0767,64227,45000.0,259970.4482758622,5.7771210727969375,0.29560205780947596,0.34015631459588996,0.3296550543128238,0.3028533,0.04407537932086662,False
C: lower external scores / higher credit-income ratio,POC0768,121958,157500.0,909896.5689655177,5.7771210727969375,0.29560205780947596,0.34015631459588996,0.3296550543128238,0.700008,0.18615186280660603,True
C: lower external scores / higher credit-income ratio,POC0769,5378,36000.0,207976.35862068975,5.7771210727969375,0.29560205780947596,0.34015631459588996,0.3296550543128238,0.48044735,0.0865096858377142,False
C: lower external scores / higher credit-income ratio,POC0770,274173,90000.0,519940.8965517244,5.7771210727969375,0.29560205780947596,0.34015631459588996,0.3296550543128238,0.62766004,0.1436898002864175,False
C: lower external scores / higher credit-income ratio,POC0771,306424,180000.0,1039881.7931034488,5.7771210727969375,0.29560205780947596,0.34015631459588996,0.3296550543128238,0.31590858,0.0465944242782083,False
C: lower external scores / higher credit-income ratio,POC0772,27394,112500.0,649926.1206896554,5.777121072796937,0.29560205780947596,0.34015631459588996,0.3296550543128238,0.49049297,0.0895859553946266,False
C: lower external scores / higher credit-income ratio,POC0773,288487,112500.0,649926.1206896554,5.777121072796937,0.29560205780947596,0.34015631459588996,0.3296550543128238,0.54845285,0.10936517824860623,False
C: lower external scores / higher credit-income ratio,POC0774,155153,202500.0,1169867.01724138,5.777121072796938,0.29560205780947596,0.34015631459588996,0.3296550543128238,0.41066483,0.06744604679542912,False
C: lower external scores / higher credit-income ratio,POC0775,198799,157500.0,909896.5689655177,5.7771210727969375,0.29560205780947596,0.34015631459588996,0.3296550543128238,0.7587271,0.23308962006653042,True
C: lower external scores / higher credit-income ratio,POC0776,257062,90000.0,519940.8965517244,5.7771210727969375,0.29560205780947596,0.34015631459588996,0.3296550543128238,0.6903334,0.17965175809153908,True
C: lower external scores / higher credit-income ratio,POC0777,21435,180000.0,1039881.7931034488,5.7771210727969375,0.29560205780947596,0.34015631459588996,0.3296550543128238,0.5703558,0.11788999844581444,False
C: lower external scores / higher credit-income ratio,POC0778,224429,157500.0,909896.5689655177,5.7771210727969375,0.29560205780947596,0.34015631459588996,0.3296550543128238,0.7676209,0.24157534115369406,True
C: lower external scores / higher credit-income ratio,POC0779,83357,90000.0,519940.8965517244,5.7771210727969375,0.29560205780947596,0.34015631459588996,0.3296550543128238,0.7607559,0.234987855322624,True
C: lower external scores / higher credit-income ratio,POC0780,189909,202500.0,1169867.01724138,5.777121072796938,0.29560205780947596,0.34015631459588996,0.3296550543128238,0.6955862,0.18314431821381086,True
C: lower external scores / higher credit-income ratio,POC0781,275808,112500.0,649926.1206896554,5.777121072796937,0.29560205780947596,0.34015631459588996,0.3296550543128238,0.47469765,0.0847903243129128,False
C: lower external scores / higher credit-income ratio,POC0782,140407,81000.0,467946.8068965519,5.7771210727969375,0.29560205780947596,0.34015631459588996,0.3296550543128238,0.6451093,0.15275886624426604,False
C: lower external scores / higher credit-income ratio,POC0783,79657,112500.0,649926.1206896554,5.777121072796937,0.29560205780947596,0.34015631459588996,0.3296550543128238,0.7044126,0.18921123152109173,True
C: lower external scores / higher credit-income ratio,POC0784,106834,135000.0,779911.3448275866,5.7771210727969375,0.29560205780947596,0.34015631459588996,0.3296550543128238,0.6905418,0.17978868653586236,True
C: lower external scores / higher credit-income ratio,POC0785,273213,135000.0,779911.3448275866,5.7771210727969375,0.29560205780947596,0.34015631459588996,0.3296550543128238,0.55761176,0.11285135412802373,False
C: lower external scores / higher credit-income ratio,POC0786,156939,99000.0,571934.9862068968,5.7771210727969375,0.29560205780947596,0.34015631459588996,0.3296550543128238,0.77646536,0.25045637157502726,True
C: lower external scores / higher credit-income ratio,POC0787,50161,180000.0,1039881.7931034488,5.7771210727969375,0.29560205780947596,0.34015631459588996,0.3296550543128238,0.30317852,0.04413723392783944,False
C: lower external scores / higher credit-income ratio,POC0788,94024,180000.0,1039881.7931034488,5.7771210727969375,0.29560205780947596,0.34015631459588996,0.3296550543128238,0.66146314,0.16187688103808684,False
C: lower external scores / higher credit-income ratio,POC0789,20943,103500.0,597932.031034483,5.7771210727969375,0.29560205780947596,0.34015631459588996,0.3296550543128238,0.43762848,0.0743717237760289,False
C: lower external scores / higher credit-income ratio,POC0790,196856,148500.0,857902.4793103453,5.7771210727969375,0.29560205780947596,0.34015631459588996,0.3296550543128238,0.72544456,0.20476174680314307,True
C: lower external scores / higher credit-income ratio,POC0791,169146,135000.0,779911.3448275866,5.7771210727969375,0.29560205780947596,0.34015631459588996,0.3296550543128238,0.5902482,0.12622686715073736,False
C: lower external scores / higher credit-income ratio,POC0792,95011,135000.0,779911.3448275866,5.7771210727969375,0.29560205780947596,0.34015631459588996,0.3296550543128238,0.5737808,0.11928317775665928,False
C: lower external scores / higher credit-income ratio,POC0793,219352,162000.0,935893.6137931038,5.7771210727969375,0.29560205780947596,0.34015631459588996,0.3296550543128238,0.581069,0.12230523768854121,False
C: lower external scores / higher credit-income ratio,POC0794,287797,180000.0,1039881.7931034488,5.7771210727969375,0.29560205780947596,0.34015631459588996,0.3296550543128238,0.7938946,0.2693953887456384,True
C: lower external scores / higher credit-income ratio,POC0795,286554,112500.0,649926.1206896554,5.777121072796937,0.29560205780947596,0.34015631459588996,0.3296550543128238,0.635872,0.1478776192941674,False
C: lower external scores / higher credit-income ratio,POC0796,266702,112500.0,649926.1206896554,5.777121072796937,0.29560205780947596,0.34015631459588996,0.3296550543128238,0.7181642,0.1991943282189735,True
C: lower external scores / higher credit-income ratio,POC0797,24703,202500.0,1169867.01724138,5.777121072796938,0.29560205780947596,0.34015631459588996,0.3296550543128238,0.5730914,0.11900139035806802,False
C: lower external scores / higher credit-income ratio,POC0798,246684,135000.0,779911.3448275866,5.7771210727969375,0.29560205780947596,0.34015631459588996,0.3296550543128238,0.6869415,0.17744132358243167,True
C: lower external scores / higher credit-income ratio,POC0799,22765,157500.0,909896.5689655177,5.7771210727969375,0.29560205780947596,0.34015631459588996,0.3296550543128238,0.74451125,0.22037057981614638,True
C: lower external scores / higher credit-income ratio,POC0800,149948,135000.0,779911.3448275866,5.7771210727969375,0.29560205780947596,0.34015631459588996,0.3296550543128238,0.6386495,0.1493259114805342,False
C: lower external scores / higher credit-income ratio,POC0801,57342,112500.0,649926.1206896554,5.777121072796937,0.29560205780947596,0.34015631459588996,0.3296550543128238,0.62231916,0.14103915725572086,False
C: lower external scores / higher credit-income ratio,POC0802,197162,270000.0,1559822.689655173,5.7771210727969375,0.29560205780947596,0.34015631459588996,0.3296550543128238,0.51641625,0.09797890520204008,False
C: lower external scores / higher credit-income ratio,POC0803,236247,135000.0,779911.3448275866,5.7771210727969375,0.29560205780947596,0.34015631459588996,0.3296550543128238,0.7554728,0.23008946080728582,True
C: lower external scores / higher credit-income ratio,POC0804,275522,67500.0,389955.6724137933,5.7771210727969375,0.29560205780947596,0.34015631459588996,0.3296550543128238,0.6409693,0.15054820005440525,False
C: lower external scores / higher credit-income ratio,POC0805,134239,292500.0,1689807.9137931042,5.7771210727969375,0.29560205780947596,0.34015631459588996,0.3296550543128238,0.46997803,0.08340078407192854,False
C: lower external scores / higher credit-income ratio,POC0806,90949,157500.0,909896.5689655177,5.7771210727969375,0.29560205780947596,0.34015631459588996,0.3296550543128238,0.5906346,0.12639484410179558,False
C: lower external scores / higher credit-income ratio,POC0807,216433,112500.0,649926.1206896554,5.777121072796937,0.29560205780947596,0.34015631459588996,0.3296550543128238,0.20894119,0.027900480330765236,False
C: lower external scores / higher credit-income ratio,POC0808,266388,238500.0,1377843.3758620697,5.7771210727969375,0.29560205780947596,0.34015631459588996,0.3296550543128238,0.5353167,0.10455028519734653,False
C: lower external scores / higher credit-income ratio,POC0809,282235,135000.0,779911.3448275866,5.7771210727969375,0.29560205780947596,0.34015631459588996,0.3296550543128238,0.43686536,0.07416858096453284,False
C: lower external scores / higher credit-income ratio,POC0810,12730,112500.0,649926.1206896554,5.777121072796937,0.29560205780947596,0.34015631459588996,0.3296550543128238,0.7850533,0.2595368509646279,True
C: lower external scores / higher credit-income ratio,POC0811,305356,184500.0,1065878.837931035,5.777121072796938,0.29560205780947596,0.34015631459588996,0.3296550543128238,0.6922627,0.18092460193728316,True
C: lower external scores / higher credit-income ratio,POC0812,138657,135000.0,779911.3448275866,5.7771210727969375,0.29560205780947596,0.34015631459588996,0.3296550543128238,0.6837837,0.17541421807348898,True
C: lower external scores / higher credit-income ratio,POC0813,44682,198000.0,1143869.9724137937,5.7771210727969375,0.29560205780947596,0.34015631459588996,0.3296550543128238,0.3122564,0.04588217791629833,False
C: lower external scores / higher credit-income ratio,POC0814,295197,405000.0,2339734.03448276,5.777121072796938,0.29560205780947596,0.34015631459588996,0.3296550543128238,0.6573464,0.15952158928875199,False
C: lower external scores / higher credit-income ratio,POC0815,106758,315000.0,1819793.1379310354,5.7771210727969375,0.29560205780947596,0.34015631459588996,0.3296550543128238,0.5717426,0.11845206828890488,False
C: lower external scores / higher credit-income ratio,POC0816,115518,245046.6,1415663.876677242,5.7771210727969375,0.29560205780947596,0.34015631459588996,0.3296550543128238,0.56951994,0.11755257225434237,False
C: lower external scores / higher credit-income ratio,POC0817,63860,81000.0,467946.8068965519,5.7771210727969375,0.29560205780947596,0.34015631459588996,0.3296550543128238,0.5545538,0.11167519651941629,False
C: lower external scores / higher credit-income ratio,POC0818,124791,202500.0,1169867.01724138,5.777121072796938,0.29560205780947596,0.34015631459588996,0.3296550543128238,0.55599713,0.11222878702497048,False
C: lower external scores / higher credit-income ratio,POC0819,138326,112500.0,649926.1206896554,5.777121072796937,0.29560205780947596,0.34015631459588996,0.3296550543128238,0.74783957,0.22326046872262525,True
C: lower external scores / higher credit-income ratio,POC0820,24762,301500.0,1741802.0034482768,5.7771210727969375,0.29560205780947596,0.34015631459588996,0.3296550543128238,0.335883,0.05059810922424403,False
C: lower external scores / higher credit-income ratio,POC0821,31320,180000.0,1039881.7931034488,5.7771210727969375,0.29560205780947596,0.34015631459588996,0.3296550543128238,0.7224819,0.2024714728308253,True
C: lower external scores / higher credit-income ratio,POC0822,218418,202500.0,1169867.01724138,5.777121072796938,0.29560205780947596,0.34015631459588996,0.3296550543128238,0.5231072,0.10025921781437541,False
C: lower external scores / higher credit-income ratio,POC0823,266978,76500.0,441949.7620689657,5.7771210727969375,0.29560205780947596,0.34015631459588996,0.3296550543128238,0.55835587,0.11313943632049676,False
C: lower external scores / higher credit-income ratio,POC0824,128869,76500.0,441949.7620689657,5.7771210727969375,0.29560205780947596,0.34015631459588996,0.3296550543128238,0.55554837,0.11205636827100597,False
C: lower external scores / higher credit-income ratio,POC0825,122007,202500.0,1169867.01724138,5.777121072796938,0.29560205780947596,0.34015631459588996,0.3296550543128238,0.4853308,0.08799346312569124,False
C: lower external scores / higher credit-income ratio,POC0826,36461,225000.0,1299852.2413793108,5.777121072796937,0.29560205780947596,0.34015631459588996,0.3296550543128238,0.40607083,0.06631553312874541,False
C: lower external scores / higher credit-income ratio,POC0827,32558,45000.0,259970.4482758622,5.7771210727969375,0.29560205780947596,0.34015631459588996,0.3296550543128238,0.5043463,0.09398642997395847,False
C: lower external scores / higher credit-income ratio,POC0828,151640,247500.0,1429837.465517242,5.7771210727969375,0.29560205780947596,0.34015631459588996,0.3296550543128238,0.39099735,0.06270075869155423,False
C: lower external scores / higher credit-income ratio,POC0829,83970,157500.0,909896.5689655177,5.7771210727969375,0.29560205780947596,0.34015631459588996,0.3296550543128238,0.6392956,0.14966515179856618,False
C: lower external scores / higher credit-income ratio,POC0830,270290,202500.0,1169867.01724138,5.777121072796938,0.29560205780947596,0.34015631459588996,0.3296550543128238,0.60269594,0.13176218511410148,False
C: lower external scores / higher credit-income ratio,POC0831,1147,202500.0,1169867.01724138,5.777121072796938,0.29560205780947596,0.34015631459588996,0.3296550543128238,0.6163887,0.13816066765757962,False
C: lower external scores / higher credit-income ratio,POC0832,109840,135000.0,779911.3448275866,5.7771210727969375,0.29560205780947596,0.34015631459588996,0.3296550543128238,0.43428868,0.07348584440345397,False
C: lower external scores / higher credit-income ratio,POC0833,8125,171000.0,987887.7034482763,5.7771210727969375,0.29560205780947596,0.34015631459588996,0.3296550543128238,0.476891,0.08544273869485373,False
C: lower external scores / higher credit-income ratio,POC0834,204576,112500.0,649926.1206896554,5.777121072796937,0.29560205780947596,0.34015631459588996,0.3296550543128238,0.482668,0.0871817030966073,False
C: lower external scores / higher credit-income ratio,POC0835,246601,234000.0,1351846.3310344834,5.7771210727969375,0.29560205780947596,0.34015631459588996,0.3296550543128238,0.41500396,0.06852663560952958,False
C: lower external scores / higher credit-income ratio,POC0836,86326,135000.0,779911.3448275866,5.7771210727969375,0.29560205780947596,0.34015631459588996,0.3296550543128238,0.3824103,0.06070378815770073,False
C: lower external scores / higher credit-income ratio,POC0837,25593,67500.0,389955.6724137933,5.7771210727969375,0.29560205780947596,0.34015631459588996,0.3296550543128238,0.7124007,0.1949282014623314,True
C: lower external scores / higher credit-income ratio,POC0838,121095,225000.0,1299852.2413793108,5.777121072796937,0.29560205780947596,0.34015631459588996,0.3296550543128238,0.49543265,0.09113348401130222,False
C: lower external scores / higher credit-income ratio,POC0839,268312,171000.0,987887.7034482763,5.7771210727969375,0.29560205780947596,0.34015631459588996,0.3296550543128238,0.7740777,0.24801335341581598,True
C: lower external scores / higher credit-income ratio,POC0840,96438,112500.0,649926.1206896554,5.777121072796937,0.29560205780947596,0.34015631459588996,0.3296550543128238,0.73269737,0.2105170338271235,True
C: lower external scores / higher credit-income ratio,POC0841,299908,112500.0,649926.1206896554,5.777121072796937,0.29560205780947596,0.34015631459588996,0.3296550543128238,0.8057678,0.2835291114629017,True
C: lower external scores / higher credit-income ratio,POC0842,149893,198000.0,1143869.9724137937,5.7771210727969375,0.29560205780947596,0.34015631459588996,0.3296550543128238,0.42573044,0.07125276588505934,False
C: lower external scores / higher credit-income ratio,POC0843,22985,135000.0,779911.3448275866,5.7771210727969375,0.29560205780947596,0.34015631459588996,0.3296550543128238,0.49170348,0.08996302690930996,False
C: lower external scores / higher credit-income ratio,POC0844,278535,94500.0,545937.9413793106,5.7771210727969375,0.29560205780947596,0.34015631459588996,0.3296550543128238,0.4695557,0.08327738423675465,False
C: lower external scores / higher credit-income ratio,POC0845,32389,99000.0,571934.9862068968,5.7771210727969375,0.29560205780947596,0.34015631459588996,0.3296550543128238,0.68432546,0.1757599078162079,True
C: lower external scores / higher credit-income ratio,POC0846,182503,211500.0,1221861.1068965523,5.7771210727969375,0.29560205780947596,0.34015631459588996,0.3296550543128238,0.8379804,0.32807199475135923,True
C: lower external scores / higher credit-income ratio,POC0847,18786,360000.0,2079763.5862068976,5.7771210727969375,0.29560205780947596,0.34015631459588996,0.3296550543128238,0.36077702,0.05586111576656747,False
C: lower external scores / higher credit-income ratio,POC0848,196887,135000.0,779911.3448275866,5.7771210727969375,0.29560205780947596,0.34015631459588996,0.3296550543128238,0.6152917,0.1376355158836759,False
C: lower external scores / higher credit-income ratio,POC0849,192481,225000.0,1299852.2413793108,5.777121072796937,0.29560205780947596,0.34015631459588996,0.3296550543128238,0.69610196,0.1834918965415768,True
C: lower external scores / higher credit-income ratio,POC0850,40156,225000.0,1299852.2413793108,5.777121072796937,0.29560205780947596,0.34015631459588996,0.3296550543128238,0.72663885,0.20569479079419112,True
C: lower external scores / higher credit-income ratio,POC0851,303818,126000.0,727917.2551724141,5.7771210727969375,0.29560205780947596,0.34015631459588996,0.3296550543128238,0.6502515,0.15555823728059326,False
C: lower external scores / higher credit-income ratio,POC0852,130068,81000.0,467946.8068965519,5.7771210727969375,0.29560205780947596,0.34015631459588996,0.3296550543128238,0.49340537,0.09049553068953377,False
C: lower external scores / higher credit-income ratio,POC0853,68857,225000.0,1299852.2413793108,5.777121072796937,0.29560205780947596,0.34015631459588996,0.3296550543128238,0.7239209,0.20357957792618606,True
C: lower external scores / higher credit-income ratio,POC0854,131049,112500.0,649926.1206896554,5.777121072796937,0.29560205780947596,0.34015631459588996,0.3296550543128238,0.2713009,0.03828113941733557,False
C: lower external scores / higher credit-income ratio,POC0855,277981,180000.0,1039881.7931034488,5.7771210727969375,0.29560205780947596,0.34015631459588996,0.3296550543128238,0.43351075,0.07328067594424702,False
C: lower external scores / higher credit-income ratio,POC0856,63973,67500.0,389955.6724137933,5.7771210727969375,0.29560205780947596,0.34015631459588996,0.3296550543128238,0.6897514,0.17926999041885902,True
C: lower external scores / higher credit-income ratio,POC0857,199102,171000.0,987887.7034482763,5.7771210727969375,0.29560205780947596,0.34015631459588996,0.3296550543128238,0.69219005,0.18087645855678397,True
C: lower external scores / higher credit-income ratio,POC0858,93189,247500.0,1429837.465517242,5.7771210727969375,0.29560205780947596,0.34015631459588996,0.3296550543128238,0.75542724,0.23004786348521164,True
C: lower external scores / higher credit-income ratio,POC0859,88701,157500.0,909896.5689655177,5.7771210727969375,0.29560205780947596,0.34015631459588996,0.3296550543128238,0.839349,0.33019974070463154,True
C: lower external scores / higher credit-income ratio,POC0860,56398,135000.0,779911.3448275866,5.7771210727969375,0.29560205780947596,0.34015631459588996,0.3296550543128238,0.6402749,0.15018109801416557,False
C: lower external scores / higher credit-income ratio,POC0861,237176,135000.0,779911.3448275866,5.7771210727969375,0.29560205780947596,0.34015631459588996,0.3296550543128238,0.63551223,0.14769121845457672,False
C: lower external scores / higher credit-income ratio,POC0862,139701,45000.0,259970.4482758622,5.7771210727969375,0.29560205780947596,0.34015631459588996,0.3296550543128238,0.4467614,0.07683691819833366,False
C: lower external scores / higher credit-income ratio,POC0863,132018,81000.0,467946.8068965519,5.7771210727969375,0.29560205780947596,0.34015631459588996,0.3296550543128238,0.5886445,0.12553216809401505,False
C: lower external scores / higher credit-income ratio,POC0864,43600,270000.0,1559822.689655173,5.7771210727969375,0.29560205780947596,0.34015631459588996,0.3296550543128238,0.3615506,0.056029820980660776,False
C: lower external scores / higher credit-income ratio,POC0865,56612,315000.0,1819793.1379310354,5.7771210727969375,0.29560205780947596,0.34015631459588996,0.3296550543128238,0.6535001,0.1573581544623874,False
C: lower external scores / higher credit-income ratio,POC0866,288672,135000.0,779911.3448275866,5.7771210727969375,0.29560205780947596,0.34015631459588996,0.3296550543128238,0.7332042,0.2109273154949285,True
C: lower external scores / higher credit-income ratio,POC0867,117788,67500.0,389955.6724137933,5.7771210727969375,0.29560205780947596,0.34015631459588996,0.3296550543128238,0.66001904,0.16104591672809457,False
C: lower external scores / higher credit-income ratio,POC0868,230412,450000.0,2599704.4827586217,5.777121072796937,0.29560205780947596,0.34015631459588996,0.3296550543128238,0.33888102,0.05121539631584078,False
C: lower external scores / higher credit-income ratio,POC0869,146770,157500.0,909896.5689655177,5.7771210727969375,0.29560205780947596,0.34015631459588996,0.3296550543128238,0.73840773,0.2152031338899008,True
C: lower external scores / higher credit-income ratio,POC0870,194887,135000.0,779911.3448275866,5.7771210727969375,0.29560205780947596,0.34015631459588996,0.3296550543128238,0.6353364,0.14760021719263472,False
C: lower external scores / higher credit-income ratio,POC0871,220695,122400.0,707119.6193103452,5.7771210727969375,0.29560205780947596,0.34015631459588996,0.3296550543128238,0.79279226,0.2681365004401819,True
C: lower external scores / higher credit-income ratio,POC0872,9349,126000.0,727917.2551724141,5.7771210727969375,0.29560205780947596,0.34015631459588996,0.3296550543128238,0.7802944,0.2544472335063521,True
C: lower external scores / higher credit-income ratio,POC0873,275169,54000.0,311964.53793103463,5.7771210727969375,0.29560205780947596,0.34015631459588996,0.3296550543128238,0.6057231,0.13314796529763737,False
C: lower external scores / higher credit-income ratio,POC0874,305450,279000.0,1611816.7793103456,5.7771210727969375,0.29560205780947596,0.34015631459588996,0.3296550543128238,0.48351276,0.0874385220055312,False
C: lower external scores / higher credit-income ratio,POC0875,223172,225000.0,1299852.2413793108,5.777121072796937,0.29560205780947596,0.34015631459588996,0.3296550543128238,0.6836779,0.17534680763065477,True
C: lower external scores / higher credit-income ratio,POC0876,291575,180000.0,1039881.7931034488,5.7771210727969375,0.29560205780947596,0.34015631459588996,0.3296550543128238,0.6832213,0.17505623297901898,True
C: lower external scores / higher credit-income ratio,POC0877,199474,90000.0,519940.8965517244,5.7771210727969375,0.29560205780947596,0.34015631459588996,0.3296550543128238,0.8273453,0.3122426429845882,True
C: lower external scores / higher credit-income ratio,POC0878,129836,202500.0,1169867.01724138,5.777121072796938,0.29560205780947596,0.34015631459588996,0.3296550543128238,0.58760256,0.12508301005802652,False
C: lower external scores / higher credit-income ratio,POC0879,50055,112500.0,649926.1206896554,5.777121072796937,0.29560205780947596,0.34015631459588996,0.3296550543128238,0.7674149,0.24137388837241197,True
C: lower external scores / higher credit-income ratio,POC0880,298358,270000.0,1559822.689655173,5.7771210727969375,0.29560205780947596,0.34015631459588996,0.3296550543128238,0.59043,0.12630587613154484,False
C: lower external scores / higher credit-income ratio,POC0881,15930,225000.0,1299852.2413793108,5.777121072796937,0.29560205780947596,0.34015631459588996,0.3296550543128238,0.25157815,0.03485396853379653,False
C: lower external scores / higher credit-income ratio,POC0882,87121,135000.0,779911.3448275866,5.7771210727969375,0.29560205780947596,0.34015631459588996,0.3296550543128238,0.62013894,0.1399731388924708,False
C: lower external scores / higher credit-income ratio,POC0883,237610,270000.0,1559822.689655173,5.7771210727969375,0.29560205780947596,0.34015631459588996,0.3296550543128238,0.56401974,0.11535679708719573,False
C: lower external scores / higher credit-income ratio,POC0884,257715,189000.0,1091875.8827586211,5.7771210727969375,0.29560205780947596,0.34015631459588996,0.3296550543128238,0.45503074,0.07912464876826802,False
C: lower external scores / higher credit-income ratio,POC0885,132007,121500.0,701920.210344828,5.777121072796938,0.29560205780947596,0.34015631459588996,0.3296550543128238,0.5084669,0.09533234571798943,False
C: lower external scores / higher credit-income ratio,POC0886,147454,90000.0,519940.8965517244,5.7771210727969375,0.29560205780947596,0.34015631459588996,0.3296550543128238,0.254679,0.03538345789119939,False
C: lower external scores / higher credit-income ratio,POC0887,132068,157500.0,909896.5689655177,5.7771210727969375,0.29560205780947596,0.34015631459588996,0.3296550543128238,0.81637245,0.29711440326784017,True
C: lower external scores / higher credit-income ratio,POC0888,175858,112500.0,649926.1206896554,5.777121072796937,0.29560205780947596,0.34015631459588996,0.3296550543128238,0.49593097,0.09129090981204405,False
C: lower external scores / higher credit-income ratio,POC0889,74062,198000.0,1143869.9724137937,5.7771210727969375,0.29560205780947596,0.34015631459588996,0.3296550543128238,0.41139463,0.06762691522581327,False
C: lower external scores / higher credit-income ratio,POC0890,33816,135000.0,779911.3448275866,5.7771210727969375,0.29560205780947596,0.34015631459588996,0.3296550543128238,0.7697828,0.24370405907695825,True
C: lower external scores / higher credit-income ratio,POC0891,111512,67500.0,389955.6724137933,5.7771210727969375,0.29560205780947596,0.34015631459588996,0.3296550543128238,0.6854,0.17644811892484466,True
C: lower external scores / higher credit-income ratio,POC0892,272856,135000.0,779911.3448275866,5.7771210727969375,0.29560205780947596,0.34015631459588996,0.3296550543128238,0.7774031,0.251425358415526,True
C: lower external scores / higher credit-income ratio,POC0893,262812,225000.0,1299852.2413793108,5.777121072796937,0.29560205780947596,0.34015631459588996,0.3296550543128238,0.70577294,0.19016924771356852,True
C: lower external scores / higher credit-income ratio,POC0894,121365,59134.5,341627.1660793105,5.7771210727969375,0.29560205780947596,0.34015631459588996,0.3296550543128238,0.46739456,0.08264831418014539,False
C: lower external scores / higher credit-income ratio,POC0895,227622,112500.0,649926.1206896554,5.777121072796937,0.29560205780947596,0.34015631459588996,0.3296550543128238,0.79737806,0.2734315175837591,True
C: lower external scores / higher credit-income ratio,POC0896,174709,135000.0,779911.3448275866,5.7771210727969375,0.29560205780947596,0.34015631459588996,0.3296550543128238,0.44136295,0.0753721110571901,False
C: lower external scores / higher credit-income ratio,POC0897,58040,225000.0,1299852.2413793108,5.777121072796937,0.29560205780947596,0.34015631459588996,0.3296550543128238,0.4859449,0.08818160506204209,False
C: lower external scores / higher credit-income ratio,POC0898,216675,216000.0,1247858.1517241385,5.7771210727969375,0.29560205780947596,0.34015631459588996,0.3296550543128238,0.63662523,0.14826875460440822,False
C: lower external scores / higher credit-income ratio,POC0899,258011,225000.0,1299852.2413793108,5.777121072796937,0.29560205780947596,0.34015631459588996,0.3296550543128238,0.44735873,0.07700037249348655,False
C: lower external scores / higher credit-income ratio,POC0900,208258,202500.0,1169867.01724138,5.777121072796938,0.29560205780947596,0.34015631459588996,0.3296550543128238,0.46687186,0.08249676322896451,False
