scenario,scenario_case_id,__base_index,model,raw_score,internally_calibrated_probability,above_illustrative_cost_threshold
A: higher external scores / lower credit-income ratio,POC0001,14343,Logistic regression,0.12555736662536185,0.013397230561524125,False
A: higher external scores / lower credit-income ratio,POC0002,94529,Logistic regression,0.10704153362180356,0.011276472646881258,False
A: higher external scores / lower credit-income ratio,POC0003,26833,Logistic regression,0.3247731318089255,0.04186040933408313,False
A: higher external scores / lower credit-income ratio,POC0004,101924,Logistic regression,0.13439164897115433,0.01443332067076509,False
A: higher external scores / lower credit-income ratio,POC0005,281182,Logistic regression,0.38582564332845654,0.053528129421834,False
A: higher external scores / lower credit-income ratio,POC0006,208806,Logistic regression,0.032491944784342815,0.0033226972923026264,False
A: higher external scores / lower credit-income ratio,POC0007,190054,Logistic regression,0.1275402136510937,0.013628378032800733,False
A: higher external scores / lower credit-income ratio,POC0008,259619,Logistic regression,0.07585949782004621,0.007847201061202493,False
A: higher external scores / lower credit-income ratio,POC0009,292744,Logistic regression,0.25303563212549796,0.030191988394072763,False
A: higher external scores / lower credit-income ratio,POC0010,225433,Logistic regression,0.026167184181632597,0.0026801157602031737,False
A: higher external scores / lower credit-income ratio,POC0011,106133,Logistic regression,0.13152616807469739,0.014095480501079722,False
A: higher external scores / lower credit-income ratio,POC0012,229934,Logistic regression,0.15049226860445208,0.016364351843422068,False
A: higher external scores / lower credit-income ratio,POC0013,204931,Logistic regression,0.058761594638749054,0.006033873454427532,False
A: higher external scores / lower credit-income ratio,POC0014,212950,Logistic regression,0.10184901098755449,0.010693508587698144,False
A: higher external scores / lower credit-income ratio,POC0015,162299,Logistic regression,0.1605905187503115,0.017604978540981527,False
A: higher external scores / lower credit-income ratio,POC0016,180508,Logistic regression,0.08922127723357644,0.009296120876506482,False
A: higher external scores / lower credit-income ratio,POC0017,305767,Logistic regression,0.05180459040932022,0.005307895841216911,False
A: higher external scores / lower credit-income ratio,POC0018,56063,Logistic regression,0.1593796462515794,0.017454977571769545,False
A: higher external scores / lower credit-income ratio,POC0019,50510,Logistic regression,0.2577670017494559,0.030904192836750808,False
A: higher external scores / lower credit-income ratio,POC0020,287354,Logistic regression,0.003784781538100547,0.0004054196756091362,False
A: higher external scores / lower credit-income ratio,POC0021,128424,Logistic regression,0.22720096352975974,0.02642946787596013,False
A: higher external scores / lower credit-income ratio,POC0022,279243,Logistic regression,0.11654287211144312,0.012356359619715459,False
A: higher external scores / lower credit-income ratio,POC0023,285761,Logistic regression,0.06588589859423533,0.006784198121905033,False
A: higher external scores / lower credit-income ratio,POC0024,4692,Logistic regression,0.23636403363757313,0.02774016247799183,False
A: higher external scores / lower credit-income ratio,POC0025,144922,Logistic regression,0.11476871317361738,0.01215339621863002,False
A: higher external scores / lower credit-income ratio,POC0026,70419,Logistic regression,0.0541460381803864,0.005551518875887428,False
A: higher external scores / lower credit-income ratio,POC0027,112460,Logistic regression,0.12193237030934535,0.012976714057733143,False
A: higher external scores / lower credit-income ratio,POC0028,44983,Logistic regression,0.03652188524238229,0.0037337663705458075,False
A: higher external scores / lower credit-income ratio,POC0029,123890,Logistic regression,0.05377426551952376,0.005512789362331199,False
A: higher external scores / lower credit-income ratio,POC0030,372,Logistic regression,0.09330745912538062,0.009745218056128735,False
A: higher external scores / lower credit-income ratio,POC0031,138704,Logistic regression,0.05483857401269771,0.0056237121705068095,False
A: higher external scores / lower credit-income ratio,POC0032,152894,Logistic regression,0.11114083533036105,0.011740264965285347,False
A: higher external scores / lower credit-income ratio,POC0033,22520,Logistic regression,0.1672964248953659,0.018441936395196378,False
A: higher external scores / lower credit-income ratio,POC0034,36968,Logistic regression,0.08534395590426394,0.008872625220125104,False
A: higher external scores / lower credit-income ratio,POC0035,90871,Logistic regression,0.07077078350165371,0.00730294249041807,False
A: higher external scores / lower credit-income ratio,POC0036,153653,Logistic regression,0.04736019452880133,0.004847360094691134,False
A: higher external scores / lower credit-income ratio,POC0037,188807,Logistic regression,0.04508722867938536,0.004612750458216331,False
A: higher external scores / lower credit-income ratio,POC0038,259279,Logistic regression,0.031280939833290125,0.0031994389966204717,False
A: higher external scores / lower credit-income ratio,POC0039,75254,Logistic regression,0.13255824244301895,0.014216963831990122,False
A: higher external scores / lower credit-income ratio,POC0040,115899,Logistic regression,0.17757395494416348,0.019745657635961807,False
A: higher external scores / lower credit-income ratio,POC0041,68788,Logistic regression,0.05406915088084169,0.005543507643476619,False
A: higher external scores / lower credit-income ratio,POC0042,222804,Logistic regression,0.1645673379018135,0.018100037458882254,False
A: higher external scores / lower credit-income ratio,POC0043,235973,Logistic regression,0.1151909456783227,0.012201643936217798,False
A: higher external scores / lower credit-income ratio,POC0044,305096,Logistic regression,0.04377589337359199,0.00447766877719246,False
A: higher external scores / lower credit-income ratio,POC0045,122081,Logistic regression,0.28920505483442205,0.03583296646237037,False
A: higher external scores / lower credit-income ratio,POC0046,122584,Logistic regression,0.10452949947624054,0.010993823234469555,False
A: higher external scores / lower credit-income ratio,POC0047,139941,Logistic regression,0.05483819258231005,0.005623672391018309,False
A: higher external scores / lower credit-income ratio,POC0048,5639,Logistic regression,0.0711840418709174,0.0073469929234514205,False
A: higher external scores / lower credit-income ratio,POC0049,82516,Logistic regression,0.03607748998938862,0.003688364828865745,False
A: higher external scores / lower credit-income ratio,POC0050,269078,Logistic regression,0.03894825639837862,0.003981990680017956,False
A: higher external scores / lower credit-income ratio,POC0051,241319,Logistic regression,0.13036116902150355,0.013958617561136734,False
A: higher external scores / lower credit-income ratio,POC0052,217048,Logistic regression,0.0917744612161971,0.009576392491880399,False
A: higher external scores / lower credit-income ratio,POC0053,108055,Logistic regression,0.06996448895296713,0.007217072028388143,False
A: higher external scores / lower credit-income ratio,POC0054,191254,Logistic regression,0.19579409187012614,0.022122150466739886,False
A: higher external scores / lower credit-income ratio,POC0055,210348,Logistic regression,0.10978764510003741,0.011586813914010775,False
A: higher external scores / lower credit-income ratio,POC0056,274216,Logistic regression,0.005389596487869757,0.0005713508229740914,False
A: higher external scores / lower credit-income ratio,POC0057,109684,Logistic regression,0.05868077057206606,0.006025402066345312,False
A: higher external scores / lower credit-income ratio,POC0058,120159,Logistic regression,0.11872976580564353,0.012607387752610059,False
A: higher external scores / lower credit-income ratio,POC0059,91040,Logistic regression,0.03840074269753589,0.003925928049044391,False
A: higher external scores / lower credit-income ratio,POC0060,165729,Logistic regression,0.057680326197923515,0.005920616811280813,False
A: higher external scores / lower credit-income ratio,POC0061,127775,Logistic regression,0.11518635026968733,0.01220111864094778,False
A: higher external scores / lower credit-income ratio,POC0062,89528,Logistic regression,0.16719415738583285,0.018429092312849758,False
A: higher external scores / lower credit-income ratio,POC0063,180150,Logistic regression,0.20152430785910733,0.02288753831851118,False
A: higher external scores / lower credit-income ratio,POC0064,70842,Logistic regression,0.09500216364835883,0.009932331243621301,False
A: higher external scores / lower credit-income ratio,POC0065,47668,Logistic regression,0.04199907126919548,0.004294943166634652,False
A: higher external scores / lower credit-income ratio,POC0066,247508,Logistic regression,0.10617920559493939,0.0111793124588062,False
A: higher external scores / lower credit-income ratio,POC0067,102323,Logistic regression,0.11335612305484512,0.01199223341861537,False
A: higher external scores / lower credit-income ratio,POC0068,173796,Logistic regression,0.16352542869239434,0.01796997408478478,False
A: higher external scores / lower credit-income ratio,POC0069,156684,Logistic regression,0.21672920400599613,0.02496221572701441,False
A: higher external scores / lower credit-income ratio,POC0070,144905,Logistic regression,0.05757461035068331,0.005909552237967005,False
A: higher external scores / lower credit-income ratio,POC0071,229123,Logistic regression,0.020613271132913957,0.002117668258945878,False
A: higher external scores / lower credit-income ratio,POC0072,218412,Logistic regression,0.07357730561762695,0.0076026138987439675,False
A: higher external scores / lower credit-income ratio,POC0073,70382,Logistic regression,0.2417788811626823,0.02852683568914278,False
A: higher external scores / lower credit-income ratio,POC0074,124028,Logistic regression,0.007162214124864804,0.0007532573345418283,False
A: higher external scores / lower credit-income ratio,POC0075,186554,Logistic regression,0.018260649418818647,0.001879661438685974,False
A: higher external scores / lower credit-income ratio,POC0076,176407,Logistic regression,0.2600379518851286,0.031248683084311304,False
A: higher external scores / lower credit-income ratio,POC0077,139785,Logistic regression,0.16118917372420366,0.017679265338196283,False
A: higher external scores / lower credit-income ratio,POC0078,70870,Logistic regression,0.04905105835162268,0.005022284439614863,False
A: higher external scores / lower credit-income ratio,POC0079,258040,Logistic regression,0.10894916377890373,0.011491905156140556,False
A: higher external scores / lower credit-income ratio,POC0080,36357,Logistic regression,0.12241735345553184,0.013032820995862136,False
A: higher external scores / lower credit-income ratio,POC0081,225837,Logistic regression,0.21719420221974833,0.02502669173515793,False
A: higher external scores / lower credit-income ratio,POC0082,63803,Logistic regression,0.08818163785234553,0.009182317077574892,False
A: higher external scores / lower credit-income ratio,POC0083,33926,Logistic regression,0.04203900187443985,0.004299045772931717,False
A: higher external scores / lower credit-income ratio,POC0084,260863,Logistic regression,0.06809046836206757,0.007017868050841667,False
A: higher external scores / lower credit-income ratio,POC0085,131737,Logistic regression,0.08123540193031316,0.008426622221763071,False
A: higher external scores / lower credit-income ratio,POC0086,58955,Logistic regression,0.3366380950760903,0.043988904472972004,False
A: higher external scores / lower credit-income ratio,POC0087,183690,Logistic regression,0.08449617705035392,0.008780365338805482,False
A: higher external scores / lower credit-income ratio,POC0088,156774,Logistic regression,0.1749897921780808,0.019415418293631637,False
A: higher external scores / lower credit-income ratio,POC0089,278903,Logistic regression,0.17614533475170824,0.01956288484212605,False
A: higher external scores / lower credit-income ratio,POC0090,259414,Logistic regression,0.2394750944075661,0.02819102196063129,False
A: higher external scores / lower credit-income ratio,POC0091,63171,Logistic regression,0.14908813766770562,0.016193681012424407,False
A: higher external scores / lower credit-income ratio,POC0092,92840,Logistic regression,0.08487877293169846,0.008821986612434095,False
A: higher external scores / lower credit-income ratio,POC0093,42939,Logistic regression,0.10299278932509234,0.010821492679430694,False
A: higher external scores / lower credit-income ratio,POC0094,265489,Logistic regression,0.013469777335972218,0.0013947634207464104,False
A: higher external scores / lower credit-income ratio,POC0095,32897,Logistic regression,0.08596853712159042,0.00894067257499658,False
A: higher external scores / lower credit-income ratio,POC0096,171309,Logistic regression,0.22853239303919984,0.026618340626342066,False
A: higher external scores / lower credit-income ratio,POC0097,220505,Logistic regression,0.3327368101980121,0.04328215883223705,False
A: higher external scores / lower credit-income ratio,POC0098,209627,Logistic regression,0.035944696604022656,0.0036748015974503436,False
A: higher external scores / lower credit-income ratio,POC0099,239357,Logistic regression,0.13376569983520528,0.014359374178686234,False
A: higher external scores / lower credit-income ratio,POC0100,180250,Logistic regression,0.06692287122441262,0.006894020837667125,False
A: higher external scores / lower credit-income ratio,POC0101,305932,Logistic regression,0.05815754850119413,0.005970583411827829,False
A: higher external scores / lower credit-income ratio,POC0102,102415,Logistic regression,0.07167947498033392,0.007399837024983191,False
A: higher external scores / lower credit-income ratio,POC0103,202927,Logistic regression,0.01633944815342358,0.0016852932466077763,False
A: higher external scores / lower credit-income ratio,POC0104,295675,Logistic regression,0.5995344968634015,0.11577222780316013,False
A: higher external scores / lower credit-income ratio,POC0105,3772,Logistic regression,0.2610106739612923,0.03139677017387701,False
A: higher external scores / lower credit-income ratio,POC0106,243150,Logistic regression,0.3123139503618578,0.03969066728255229,False
A: higher external scores / lower credit-income ratio,POC0107,248501,Logistic regression,0.21775886951445694,0.025105071375929943,False
A: higher external scores / lower credit-income ratio,POC0108,282681,Logistic regression,0.13573718992120162,0.014592556066215482,False
A: higher external scores / lower credit-income ratio,POC0109,257081,Logistic regression,0.12308315145923986,0.013109923017530395,False
A: higher external scores / lower credit-income ratio,POC0110,102468,Logistic regression,0.2617415870679082,0.03150825476224445,False
A: higher external scores / lower credit-income ratio,POC0111,214137,Logistic regression,0.1651437122290986,0.018172097758101528,False
A: higher external scores / lower credit-income ratio,POC0112,200185,Logistic regression,0.13420447835127935,0.01441120062356043,False
A: higher external scores / lower credit-income ratio,POC0113,273544,Logistic regression,0.17947736038575082,0.019989962250035343,False
A: higher external scores / lower credit-income ratio,POC0114,273140,Logistic regression,0.16687670232149945,0.01838923812417977,False
A: higher external scores / lower credit-income ratio,POC0115,6805,Logistic regression,0.17224372567589463,0.0190662917964445,False
A: higher external scores / lower credit-income ratio,POC0116,306136,Logistic regression,0.13609258901418772,0.014634679064572767,False
A: higher external scores / lower credit-income ratio,POC0117,57720,Logistic regression,0.17790293429121543,0.019787817961879794,False
A: higher external scores / lower credit-income ratio,POC0118,278139,Logistic regression,0.0733885005386972,0.007582415735227061,False
A: higher external scores / lower credit-income ratio,POC0119,28733,Logistic regression,0.054219053662597556,0.005559127401049086,False
A: higher external scores / lower credit-income ratio,POC0120,238601,Logistic regression,0.2725478091413888,0.03317790826735292,False
A: higher external scores / lower credit-income ratio,POC0121,241724,Logistic regression,0.03974427449469245,0.004063552906788939,False
A: higher external scores / lower credit-income ratio,POC0122,171743,Logistic regression,0.12275447171071593,0.013071849479273097,False
A: higher external scores / lower credit-income ratio,POC0123,253011,Logistic regression,0.13507716070254483,0.014514398376525458,False
A: higher external scores / lower credit-income ratio,POC0124,297783,Logistic regression,0.10984418595232634,0.01159321864234736,False
A: higher external scores / lower credit-income ratio,POC0125,21579,Logistic regression,0.06296750518442634,0.006475961678239787,False
A: higher external scores / lower credit-income ratio,POC0126,23964,Logistic regression,0.10221664844444235,0.01073461954974105,False
A: higher external scores / lower credit-income ratio,POC0127,131196,Logistic regression,0.08527096104164594,0.008864676792294334,False
A: higher external scores / lower credit-income ratio,POC0128,51277,Logistic regression,0.0587684587355876,0.006034592940237172,False
A: higher external scores / lower credit-income ratio,POC0129,172683,Logistic regression,0.16273751845751463,0.017871788092045898,False
A: higher external scores / lower credit-income ratio,POC0130,233597,Logistic regression,0.07900931303460948,0.008186127414956742,False
A: higher external scores / lower credit-income ratio,POC0131,222818,Logistic regression,0.17321728861250488,0.01918985618038899,False
A: higher external scores / lower credit-income ratio,POC0132,281506,Logistic regression,0.13519163802447787,0.014527947656554144,False
A: higher external scores / lower credit-income ratio,POC0133,77011,Logistic regression,0.29463550006625056,0.03672078059487438,False
A: higher external scores / lower credit-income ratio,POC0134,296587,Logistic regression,0.14342793925381744,0.01551013174861181,False
A: higher external scores / lower credit-income ratio,POC0135,111967,Logistic regression,0.058583888698312096,0.006015248797864453,False
A: higher external scores / lower credit-income ratio,POC0136,246331,Logistic regression,0.11095132899501194,0.011718754034421528,False
A: higher external scores / lower credit-income ratio,POC0137,83901,Logistic regression,0.12177244113124269,0.01295822243469493,False
A: higher external scores / lower credit-income ratio,POC0138,43423,Logistic regression,0.25232753591978907,0.030086035314024727,False
A: higher external scores / lower credit-income ratio,POC0139,4795,Logistic regression,0.037689603371162464,0.0038531553905780795,False
A: higher external scores / lower credit-income ratio,POC0140,73450,Logistic regression,0.17638003510555417,0.019592876859762586,False
A: higher external scores / lower credit-income ratio,POC0141,148307,Logistic regression,0.1696354780377423,0.018736390664248665,False
A: higher external scores / lower credit-income ratio,POC0142,10564,Logistic regression,0.02581739459318794,0.0026446527843871593,False
A: higher external scores / lower credit-income ratio,POC0143,295869,Logistic regression,0.21857466337786172,0.02521847148496322,False
A: higher external scores / lower credit-income ratio,POC0144,192847,Logistic regression,0.21191386342276008,0.02429815977270319,False
A: higher external scores / lower credit-income ratio,POC0145,211192,Logistic regression,0.23920004724095928,0.02815104045082876,False
A: higher external scores / lower credit-income ratio,POC0146,156187,Logistic regression,0.10282076428944802,0.010802228446260094,False
A: higher external scores / lower credit-income ratio,POC0147,18847,Logistic regression,0.1298370626258788,0.013897137952510904,False
A: higher external scores / lower credit-income ratio,POC0148,258327,Logistic regression,0.09111259123743654,0.009503628665318507,False
A: higher external scores / lower credit-income ratio,POC0149,50386,Logistic regression,0.11811148689959872,0.012536321641920582,False
A: higher external scores / lower credit-income ratio,POC0150,117743,Logistic regression,0.014953449003485556,0.0015450190165401838,False
A: higher external scores / lower credit-income ratio,POC0151,82020,Logistic regression,0.14275238953189973,0.015429020332356568,False
A: higher external scores / lower credit-income ratio,POC0152,41141,Logistic regression,0.08632184696554786,0.008979194296831446,False
A: higher external scores / lower credit-income ratio,POC0153,158665,Logistic regression,0.007353594647507974,0.0007728337187178937,False
A: higher external scores / lower credit-income ratio,POC0154,249190,Logistic regression,0.025780956918683328,0.0026409589737765543,False
A: higher external scores / lower credit-income ratio,POC0155,117485,Logistic regression,0.11174887225402441,0.01180932979606643,False
A: higher external scores / lower credit-income ratio,POC0156,45546,Logistic regression,0.04439213180925999,0.004541123717242149,False
A: higher external scores / lower credit-income ratio,POC0157,53302,Logistic regression,0.21067938674352016,0.02412897869255138,False
A: higher external scores / lower credit-income ratio,POC0158,41703,Logistic regression,0.06538300052859247,0.006730994541114534,False
A: higher external scores / lower credit-income ratio,POC0159,139285,Logistic regression,0.12586007784102735,0.01343246680098044,False
A: higher external scores / lower credit-income ratio,POC0160,53694,Logistic regression,0.1186507946819681,0.012598306464714921,False
A: higher external scores / lower credit-income ratio,POC0161,159555,Logistic regression,0.111621986248828,0.011794911408915322,False
A: higher external scores / lower credit-income ratio,POC0162,236729,Logistic regression,0.15665684238277686,0.017118923216193765,False
A: higher external scores / lower credit-income ratio,POC0163,85262,Logistic regression,0.19265384087113657,0.021706422969862485,False
A: higher external scores / lower credit-income ratio,POC0164,13420,Logistic regression,0.16010791177054032,0.017545153008899417,False
A: higher external scores / lower credit-income ratio,POC0165,15174,Logistic regression,0.07460392078377087,0.00771253730954896,False
A: higher external scores / lower credit-income ratio,POC0166,55769,Logistic regression,0.026267029254313557,0.0026902396485419923,False
A: higher external scores / lower credit-income ratio,POC0167,64227,Logistic regression,0.05030635082802976,0.005152373176772595,False
A: higher external scores / lower credit-income ratio,POC0168,121958,Logistic regression,0.06116279010475331,0.006285961784393496,False
A: higher external scores / lower credit-income ratio,POC0169,5378,Logistic regression,0.08126753676288087,0.008430099806277083,False
A: higher external scores / lower credit-income ratio,POC0170,274173,Logistic regression,0.2446538426280874,0.028948253090624463,False
A: higher external scores / lower credit-income ratio,POC0171,306424,Logistic regression,0.10051353796640464,0.010544377336655293,False
A: higher external scores / lower credit-income ratio,POC0172,27394,Logistic regression,0.1354203526265212,0.014555026108942987,False
A: higher external scores / lower credit-income ratio,POC0173,288487,Logistic regression,0.0645080244055861,0.006638515291568975,False
A: higher external scores / lower credit-income ratio,POC0174,155153,Logistic regression,0.030408238338962747,0.0031106844497455345,False
A: higher external scores / lower credit-income ratio,POC0175,198799,Logistic regression,0.16982172811188367,0.018759893613270275,False
A: higher external scores / lower credit-income ratio,POC0176,257062,Logistic regression,0.05957729504050283,0.006119419568800576,False
A: higher external scores / lower credit-income ratio,POC0177,21435,Logistic regression,0.01503277378983575,0.0015530492456894468,False
A: higher external scores / lower credit-income ratio,POC0178,224429,Logistic regression,0.15748769700068774,0.017221287487124048,False
A: higher external scores / lower credit-income ratio,POC0179,83357,Logistic regression,0.21129342386330277,0.024213076876798714,False
A: higher external scores / lower credit-income ratio,POC0180,189909,Logistic regression,0.1793736434516272,0.0199766267177861,False
A: higher external scores / lower credit-income ratio,POC0181,275808,Logistic regression,0.1924027471848005,0.021673293883053932,False
A: higher external scores / lower credit-income ratio,POC0182,140407,Logistic regression,0.1177133566117367,0.012490599689769753,False
A: higher external scores / lower credit-income ratio,POC0183,79657,Logistic regression,0.22547856478699832,0.02618591794165999,False
A: higher external scores / lower credit-income ratio,POC0184,106834,Logistic regression,0.09905384879041654,0.010381745577064021,False
A: higher external scores / lower credit-income ratio,POC0185,273213,Logistic regression,0.04620603972305839,0.004728155757895713,False
A: higher external scores / lower credit-income ratio,POC0186,156939,Logistic regression,0.1462462948784254,0.01584960316938511,False
A: higher external scores / lower credit-income ratio,POC0187,50161,Logistic regression,0.0035868827599082487,0.00038484419857759514,False
A: higher external scores / lower credit-income ratio,POC0188,94024,Logistic regression,0.11267026219102678,0.0119141223478266,False
A: higher external scores / lower credit-income ratio,POC0189,20943,Logistic regression,0.15393661819804288,0.016784890150240334,False
A: higher external scores / lower credit-income ratio,POC0190,196856,Logistic regression,0.07176937549905173,0.007409430066222202,False
A: higher external scores / lower credit-income ratio,POC0191,169146,Logistic regression,0.022062824578819844,0.0022643591843579214,False
A: higher external scores / lower credit-income ratio,POC0192,95011,Logistic regression,0.1282281935584394,0.013708766307792577,False
A: higher external scores / lower credit-income ratio,POC0193,219352,Logistic regression,0.15324094203648625,0.01669973497745992,False
A: higher external scores / lower credit-income ratio,POC0194,287797,Logistic regression,0.2520359984769438,0.030042460034003026,False
A: higher external scores / lower credit-income ratio,POC0195,286554,Logistic regression,0.03233359341594658,0.0033065733334683273,False
A: higher external scores / lower credit-income ratio,POC0196,266702,Logistic regression,0.1835556073355837,0.020516474969771856,False
A: higher external scores / lower credit-income ratio,POC0197,24703,Logistic regression,0.08884956542068234,0.009255410342524256,False
A: higher external scores / lower credit-income ratio,POC0198,246684,Logistic regression,0.07781742164185793,0.008057691085964975,False
A: higher external scores / lower credit-income ratio,POC0199,22765,Logistic regression,0.1606447524578212,0.017611704924964496,False
A: higher external scores / lower credit-income ratio,POC0200,149948,Logistic regression,0.13984242106253844,0.015080762218928144,False
A: higher external scores / lower credit-income ratio,POC0201,57342,Logistic regression,0.059990057263910095,0.0061627428417592375,False
A: higher external scores / lower credit-income ratio,POC0202,197162,Logistic regression,0.018997723159100026,0.0019542243805564657,False
A: higher external scores / lower credit-income ratio,POC0203,236247,Logistic regression,0.12645655966040023,0.013501953196693567,False
A: higher external scores / lower credit-income ratio,POC0204,275522,Logistic regression,0.14731938402368058,0.015979317303044714,False
A: higher external scores / lower credit-income ratio,POC0205,134239,Logistic regression,0.03175872976477259,0.00324805543624299,False
A: higher external scores / lower credit-income ratio,POC0206,90949,Logistic regression,0.15559871026377708,0.01698878735939825,False
A: higher external scores / lower credit-income ratio,POC0207,216433,Logistic regression,0.07039056477822812,0.007262436843739964,False
A: higher external scores / lower credit-income ratio,POC0208,266388,Logistic regression,0.070285696087802,0.007251268789478398,False
A: higher external scores / lower credit-income ratio,POC0209,282235,Logistic regression,0.18233830899965367,0.020358878420124255,False
A: higher external scores / lower credit-income ratio,POC0210,12730,Logistic regression,0.16111718069675243,0.017670327326670645,False
A: higher external scores / lower credit-income ratio,POC0211,305356,Logistic regression,0.0356709972744505,0.0036468516789523848,False
A: higher external scores / lower credit-income ratio,POC0212,138657,Logistic regression,0.11291661260183408,0.011942168186056212,False
A: higher external scores / lower credit-income ratio,POC0213,44682,Logistic regression,0.04596039462722513,0.004702805040222587,False
A: higher external scores / lower credit-income ratio,POC0214,295197,Logistic regression,0.37795221629485765,0.051917930142043135,False
A: higher external scores / lower credit-income ratio,POC0215,106758,Logistic regression,0.11807819451937787,0.012532497093266221,False
A: higher external scores / lower credit-income ratio,POC0216,115518,Logistic regression,0.006863521335280134,0.0007226821673618546,False
A: higher external scores / lower credit-income ratio,POC0217,63860,Logistic regression,0.07863716814552078,0.00814600114938524,False
A: higher external scores / lower credit-income ratio,POC0218,124791,Logistic regression,0.20334424928636383,0.02313248666699515,False
A: higher external scores / lower credit-income ratio,POC0219,138326,Logistic regression,0.1305736646626611,0.013983560308356752,False
A: higher external scores / lower credit-income ratio,POC0220,24762,Logistic regression,0.1908773051332726,0.02147238385875258,False
A: higher external scores / lower credit-income ratio,POC0221,31320,Logistic regression,0.07131418347080587,0.007360870503818528,False
A: higher external scores / lower credit-income ratio,POC0222,218418,Logistic regression,0.09078890256220838,0.00946807102178928,False
A: higher external scores / lower credit-income ratio,POC0223,266978,Logistic regression,0.13770561690848607,0.014826197717887596,False
A: higher external scores / lower credit-income ratio,POC0224,128869,Logistic regression,0.030212357035908757,0.003090770968310055,False
A: higher external scores / lower credit-income ratio,POC0225,122007,Logistic regression,0.023404024400807025,0.0024001403735632604,False
A: higher external scores / lower credit-income ratio,POC0226,36461,Logistic regression,0.25724420014284904,0.030825131309263336,False
A: higher external scores / lower credit-income ratio,POC0227,32558,Logistic regression,0.07590992250538468,0.007852614422282534,False
A: higher external scores / lower credit-income ratio,POC0228,151640,Logistic regression,0.01913987084005499,0.0019686043165505268,False
A: higher external scores / lower credit-income ratio,POC0229,83970,Logistic regression,0.03210225200738556,0.003283020891763742,False
A: higher external scores / lower credit-income ratio,POC0230,270290,Logistic regression,0.018352294384914807,0.0018889323104367246,False
A: higher external scores / lower credit-income ratio,POC0231,1147,Logistic regression,0.2611026183480576,0.031410784308405076,False
A: higher external scores / lower credit-income ratio,POC0232,109840,Logistic regression,0.2486828411933086,0.029543264043377,False
A: higher external scores / lower credit-income ratio,POC0233,8125,Logistic regression,0.13055252281033136,0.013981078257041271,False
A: higher external scores / lower credit-income ratio,POC0234,204576,Logistic regression,0.09474496442758222,0.00990390118571233,False
A: higher external scores / lower credit-income ratio,POC0235,246601,Logistic regression,0.11756449966664702,0.012473512717093464,False
A: higher external scores / lower credit-income ratio,POC0236,86326,Logistic regression,0.016464104765045517,0.0016979066252786363,False
A: higher external scores / lower credit-income ratio,POC0237,25593,Logistic regression,0.19065608512942767,0.02144329839850911,False
A: higher external scores / lower credit-income ratio,POC0238,121095,Logistic regression,0.10459907204075755,0.01100163560526308,False
A: higher external scores / lower credit-income ratio,POC0239,268312,Logistic regression,0.1181887007375753,0.012545192622653273,False
A: higher external scores / lower credit-income ratio,POC0240,96438,Logistic regression,0.05599629113564815,0.005744539493916098,False
A: higher external scores / lower credit-income ratio,POC0241,299908,Logistic regression,0.14715989599721616,0.015960022380167072,False
A: higher external scores / lower credit-income ratio,POC0242,149893,Logistic regression,0.13021192811277152,0.013941105256535647,False
A: higher external scores / lower credit-income ratio,POC0243,22985,Logistic regression,0.2090577982959873,0.02390739547970586,False
A: higher external scores / lower credit-income ratio,POC0244,278535,Logistic regression,0.03684562190806849,0.003766852560551883,False
A: higher external scores / lower credit-income ratio,POC0245,32389,Logistic regression,0.06455593470355087,0.006643576216873415,False
A: higher external scores / lower credit-income ratio,POC0246,182503,Logistic regression,0.16972299528729387,0.01874743344650741,False
A: higher external scores / lower credit-income ratio,POC0247,18786,Logistic regression,0.08830249811679798,0.009195537528698311,False
A: higher external scores / lower credit-income ratio,POC0248,196887,Logistic regression,0.0628544070894817,0.006464041141824823,False
A: higher external scores / lower credit-income ratio,POC0249,192481,Logistic regression,0.22462158045146294,0.026065067139057093,False
A: higher external scores / lower credit-income ratio,POC0250,40156,Logistic regression,0.034935971525349774,0.003571825401201678,False
A: higher external scores / lower credit-income ratio,POC0251,303818,Logistic regression,0.08958069770054743,0.009335507755344799,False
A: higher external scores / lower credit-income ratio,POC0252,130068,Logistic regression,0.11769704468643304,0.012488727065948025,False
A: higher external scores / lower credit-income ratio,POC0253,68857,Logistic regression,0.2819367046257926,0.034661989545399695,False
A: higher external scores / lower credit-income ratio,POC0254,131049,Logistic regression,0.015242725438846421,0.0015743018416947815,False
A: higher external scores / lower credit-income ratio,POC0255,277981,Logistic regression,0.22384623714500684,0.025955916361431627,False
A: higher external scores / lower credit-income ratio,POC0256,63973,Logistic regression,0.1294008310311542,0.013846009741522723,False
A: higher external scores / lower credit-income ratio,POC0257,199102,Logistic regression,0.05455565770086684,0.00559421200099567,False
A: higher external scores / lower credit-income ratio,POC0258,93189,Logistic regression,0.251163174644874,0.02991216758645076,False
A: higher external scores / lower credit-income ratio,POC0259,88701,Logistic regression,0.2267741485365288,0.02636903324773967,False
A: higher external scores / lower credit-income ratio,POC0260,56398,Logistic regression,0.09000427897570876,0.00938195413498378,False
A: higher external scores / lower credit-income ratio,POC0261,237176,Logistic regression,0.08277917522837931,0.008593878579543298,False
A: higher external scores / lower credit-income ratio,POC0262,139701,Logistic regression,0.04088803704360127,0.004180860318786082,False
A: higher external scores / lower credit-income ratio,POC0263,132018,Logistic regression,0.12248492878480936,0.013040642423837968,False
A: higher external scores / lower credit-income ratio,POC0264,43600,Logistic regression,0.22014923049596188,0.025437890228758385,False
A: higher external scores / lower credit-income ratio,POC0265,56612,Logistic regression,0.09459481128611442,0.00988730909056374,False
A: higher external scores / lower credit-income ratio,POC0266,288672,Logistic regression,0.09458465476196842,0.009886186926551936,False
A: higher external scores / lower credit-income ratio,POC0267,117788,Logistic regression,0.09598589252327513,0.01004117779579292,False
A: higher external scores / lower credit-income ratio,POC0268,230412,Logistic regression,0.10334148119967694,0.010860557659215059,False
A: higher external scores / lower credit-income ratio,POC0269,146770,Logistic regression,0.33520015935427555,0.04372761673708151,False
A: higher external scores / lower credit-income ratio,POC0270,194887,Logistic regression,0.1733862314752692,0.019211321971757477,False
A: higher external scores / lower credit-income ratio,POC0271,220695,Logistic regression,0.1123360441968064,0.011876091855506967,False
A: higher external scores / lower credit-income ratio,POC0272,9349,Logistic regression,0.08563308633979795,0.008904117481253755,False
A: higher external scores / lower credit-income ratio,POC0273,275169,Logistic regression,0.12394613334845199,0.013209992493294399,False
A: higher external scores / lower credit-income ratio,POC0274,305450,Logistic regression,0.19966216384070523,0.0226378412937693,False
A: higher external scores / lower credit-income ratio,POC0275,223172,Logistic regression,0.11086926226550897,0.011709440738217827,False
A: higher external scores / lower credit-income ratio,POC0276,291575,Logistic regression,0.2599462106255198,0.03123473287523381,False
A: higher external scores / lower credit-income ratio,POC0277,199474,Logistic regression,0.1437786373659941,0.01555227843080828,False
A: higher external scores / lower credit-income ratio,POC0278,129836,Logistic regression,0.018952775729550023,0.001949677431865846,False
A: higher external scores / lower credit-income ratio,POC0279,50055,Logistic regression,0.1122741104986378,0.011869046809056868,False
A: higher external scores / lower credit-income ratio,POC0280,298358,Logistic regression,0.22607405228231292,0.026270021027778125,False
A: higher external scores / lower credit-income ratio,POC0281,15930,Logistic regression,0.01326040690174694,0.0013735489088269194,False
A: higher external scores / lower credit-income ratio,POC0282,87121,Logistic regression,0.02767015199034345,0.002832571324771978,False
A: higher external scores / lower credit-income ratio,POC0283,237610,Logistic regression,0.08677972324811968,0.009029148315830992,False
A: higher external scores / lower credit-income ratio,POC0284,257715,Logistic regression,0.03608678824131306,0.0036893145937135,False
A: higher external scores / lower credit-income ratio,POC0285,132007,Logistic regression,0.2006367864007834,0.022768412432094237,False
A: higher external scores / lower credit-income ratio,POC0286,147454,Logistic regression,0.0018043112118619287,0.00019777280363546905,False
A: higher external scores / lower credit-income ratio,POC0287,132068,Logistic regression,0.17817046828259328,0.01982212363733715,False
A: higher external scores / lower credit-income ratio,POC0288,175858,Logistic regression,0.0029411628384957973,0.000317482779548895,False
A: higher external scores / lower credit-income ratio,POC0289,74062,Logistic regression,0.0724095202822015,0.0074777741095012114,False
A: higher external scores / lower credit-income ratio,POC0290,33816,Logistic regression,0.28782440600943204,0.03560902364001531,False
A: higher external scores / lower credit-income ratio,POC0291,111512,Logistic regression,0.09096130378607795,0.009487007275962163,False
A: higher external scores / lower credit-income ratio,POC0292,272856,Logistic regression,0.21483813304198512,0.02470064123633773,False
A: higher external scores / lower credit-income ratio,POC0293,262812,Logistic regression,0.30491059304209617,0.03843180731699925,False
A: higher external scores / lower credit-income ratio,POC0294,121365,Logistic regression,0.04034423818850187,0.004125069825796596,False
A: higher external scores / lower credit-income ratio,POC0295,227622,Logistic regression,0.22628743151901526,0.026300183071707197,False
A: higher external scores / lower credit-income ratio,POC0296,174709,Logistic regression,0.1904703075277833,0.021418882688921753,False
A: higher external scores / lower credit-income ratio,POC0297,58040,Logistic regression,0.22710417051753537,0.026415757759939405,False
A: higher external scores / lower credit-income ratio,POC0298,216675,Logistic regression,0.2478196566768405,0.02941534843818724,False
A: higher external scores / lower credit-income ratio,POC0299,258011,Logistic regression,0.029807089966268054,0.003049580005311495,False
A: higher external scores / lower credit-income ratio,POC0300,208258,Logistic regression,0.16575707929401598,0.01824886968719168,False
B: EXT_SOURCE_1 missing / moderate other scores,POC0301,14343,Logistic regression,0.4479669241017472,0.0675422230058004,False
B: EXT_SOURCE_1 missing / moderate other scores,POC0302,94529,Logistic regression,0.31277557603267997,0.0397699010731624,False
B: EXT_SOURCE_1 missing / moderate other scores,POC0303,26833,Logistic regression,0.6344206761437549,0.13120854898268577,False
B: EXT_SOURCE_1 missing / moderate other scores,POC0304,101924,Logistic regression,0.34466695063324904,0.04546517188326404,False
B: EXT_SOURCE_1 missing / moderate other scores,POC0305,281182,Logistic regression,0.8426510069684676,0.30979977760960403,True
B: EXT_SOURCE_1 missing / moderate other scores,POC0306,208806,Logistic regression,0.10004628356215586,0.01049227603252314,False
B: EXT_SOURCE_1 missing / moderate other scores,POC0307,190054,Logistic regression,0.3368661492799985,0.04403043005677984,False
B: EXT_SOURCE_1 missing / moderate other scores,POC0308,259619,Logistic regression,0.2200073816136436,0.0254180938396709,False
B: EXT_SOURCE_1 missing / moderate other scores,POC0309,292744,Logistic regression,0.5719718976161157,0.1049943289089896,False
B: EXT_SOURCE_1 missing / moderate other scores,POC0310,225433,Logistic regression,0.2418063315993893,0.028530847076297258,False
B: EXT_SOURCE_1 missing / moderate other scores,POC0311,106133,Logistic regression,0.3535426018989008,0.047132225777728375,False
B: EXT_SOURCE_1 missing / moderate other scores,POC0312,229934,Logistic regression,0.40748042483024505,0.058137339847291226,False
B: EXT_SOURCE_1 missing / moderate other scores,POC0313,204931,Logistic regression,0.1683897955323672,0.018579412791157483,False
B: EXT_SOURCE_1 missing / moderate other scores,POC0314,212950,Logistic regression,0.30642164499650326,0.03868694679577184,False
B: EXT_SOURCE_1 missing / moderate other scores,POC0315,162299,Logistic regression,0.38729721505694603,0.05383285416737488,False
B: EXT_SOURCE_1 missing / moderate other scores,POC0316,180508,Logistic regression,0.32608302423470187,0.04209235981791581,False
B: EXT_SOURCE_1 missing / moderate other scores,POC0317,305767,Logistic regression,0.12666145878200732,0.013525839409317592,False
B: EXT_SOURCE_1 missing / moderate other scores,POC0318,56063,Logistic regression,0.43344375758446274,0.06404205298815838,False
B: EXT_SOURCE_1 missing / moderate other scores,POC0319,50510,Logistic regression,0.7182206279954596,0.1796503616199435,True
B: EXT_SOURCE_1 missing / moderate other scores,POC0320,287354,Logistic regression,0.017737987486213195,0.0018267879007888969,False
B: EXT_SOURCE_1 missing / moderate other scores,POC0321,128424,Logistic regression,0.496384116987498,0.08038457698120692,False
B: EXT_SOURCE_1 missing / moderate other scores,POC0322,279243,Logistic regression,0.30491290766256074,0.038432197439502096,False
B: EXT_SOURCE_1 missing / moderate other scores,POC0323,285761,Logistic regression,0.17416197378248716,0.01930997720517024,False
B: EXT_SOURCE_1 missing / moderate other scores,POC0324,4692,Logistic regression,0.748017352150123,0.20239537699377436,True
B: EXT_SOURCE_1 missing / moderate other scores,POC0325,144922,Logistic regression,0.2950877331511687,0.036795222806346055,False
B: EXT_SOURCE_1 missing / moderate other scores,POC0326,70419,Logistic regression,0.14825020640796935,0.01609204127327378,False
B: EXT_SOURCE_1 missing / moderate other scores,POC0327,112460,Logistic regression,0.4546589502153502,0.06920616421389199,False
B: EXT_SOURCE_1 missing / moderate other scores,POC0328,44983,Logistic regression,0.10904738842596534,0.011503016442249735,False
B: EXT_SOURCE_1 missing / moderate other scores,POC0329,123890,Logistic regression,0.1713665242910261,0.018955155620868174,False
B: EXT_SOURCE_1 missing / moderate other scores,POC0330,372,Logistic regression,0.30609988579811753,0.03863254143137721,False
B: EXT_SOURCE_1 missing / moderate other scores,POC0331,138704,Logistic regression,0.15826668691032783,0.017317406517336077,False
B: EXT_SOURCE_1 missing / moderate other scores,POC0332,152894,Logistic regression,0.29548174118484677,0.03686014467988853,False
B: EXT_SOURCE_1 missing / moderate other scores,POC0333,22520,Logistic regression,0.3718755304418491,0.050697942740039026,False
B: EXT_SOURCE_1 missing / moderate other scores,POC0334,36968,Logistic regression,0.26811755439628415,0.03248850355597983,False
B: EXT_SOURCE_1 missing / moderate other scores,POC0335,90871,Logistic regression,0.2393368457395061,0.028170922854692023,False
B: EXT_SOURCE_1 missing / moderate other scores,POC0336,153653,Logistic regression,0.16740963556636237,0.0184561577825899,False
B: EXT_SOURCE_1 missing / moderate other scores,POC0337,188807,Logistic regression,0.13464644379205712,0.01446344449982967,False
B: EXT_SOURCE_1 missing / moderate other scores,POC0338,259279,Logistic regression,0.10450280701746176,0.010990826150403962,False
B: EXT_SOURCE_1 missing / moderate other scores,POC0339,75254,Logistic regression,0.4677555634671995,0.07256098561260575,False
B: EXT_SOURCE_1 missing / moderate other scores,POC0340,115899,Logistic regression,0.4439649625160162,0.06656281284596977,False
B: EXT_SOURCE_1 missing / moderate other scores,POC0341,68788,Logistic regression,0.21585858322120174,0.02484166357699238,False
B: EXT_SOURCE_1 missing / moderate other scores,POC0342,222804,Logistic regression,0.5171276955770031,0.0865187867513573,False
B: EXT_SOURCE_1 missing / moderate other scores,POC0343,235973,Logistic regression,0.36983826969840156,0.05029327151904425,False
B: EXT_SOURCE_1 missing / moderate other scores,POC0344,305096,Logistic regression,0.18357345872494957,0.02051878888556726,False
B: EXT_SOURCE_1 missing / moderate other scores,POC0345,122081,Logistic regression,0.6576764391070717,0.1428299523297203,False
B: EXT_SOURCE_1 missing / moderate other scores,POC0346,122584,Logistic regression,0.2770570533105796,0.03388672154565639,False
B: EXT_SOURCE_1 missing / moderate other scores,POC0347,139941,Logistic regression,0.2801278303349816,0.03437359231901,False
B: EXT_SOURCE_1 missing / moderate other scores,POC0348,5639,Logistic regression,0.21713790016561507,0.02501888166203689,False
B: EXT_SOURCE_1 missing / moderate other scores,POC0349,82516,Logistic regression,0.13764905123807336,0.014819472155522206,False
B: EXT_SOURCE_1 missing / moderate other scores,POC0350,269078,Logistic regression,0.10668459918042081,0.011236239267754479,False
B: EXT_SOURCE_1 missing / moderate other scores,POC0351,241319,Logistic regression,0.335155084689889,0.04371944126497213,False
B: EXT_SOURCE_1 missing / moderate other scores,POC0352,217048,Logistic regression,0.3699327319593028,0.0503119873788237,False
B: EXT_SOURCE_1 missing / moderate other scores,POC0353,108055,Logistic regression,0.21442639879623154,0.02464382529542502,False
B: EXT_SOURCE_1 missing / moderate other scores,POC0354,191254,Logistic regression,0.4713941280322863,0.07351702540765497,False
B: EXT_SOURCE_1 missing / moderate other scores,POC0355,210348,Logistic regression,0.3452794714338942,0.04557902022661622,False
B: EXT_SOURCE_1 missing / moderate other scores,POC0356,274216,Logistic regression,0.02396144924559115,0.0024565930054280733,False
B: EXT_SOURCE_1 missing / moderate other scores,POC0357,109684,Logistic regression,0.21977174590383886,0.025385221515547812,False
B: EXT_SOURCE_1 missing / moderate other scores,POC0358,120159,Logistic regression,0.43901902148483357,0.06536818815890881,False
B: EXT_SOURCE_1 missing / moderate other scores,POC0359,91040,Logistic regression,0.14341924119990224,0.015509086763648063,False
B: EXT_SOURCE_1 missing / moderate other scores,POC0360,165729,Logistic regression,0.2572887262189609,0.030831861285008914,False
B: EXT_SOURCE_1 missing / moderate other scores,POC0361,127775,Logistic regression,0.29634534509941346,0.03700265252396412,False
B: EXT_SOURCE_1 missing / moderate other scores,POC0362,89528,Logistic regression,0.37951310260119003,0.052234474245951505,False
B: EXT_SOURCE_1 missing / moderate other scores,POC0363,180150,Logistic regression,0.5507945632421106,0.09743342990933627,False
B: EXT_SOURCE_1 missing / moderate other scores,POC0364,70842,Logistic regression,0.264043226701415,0.03186050448435717,False
B: EXT_SOURCE_1 missing / moderate other scores,POC0365,47668,Logistic regression,0.1424742312233971,0.015395651550354808,False
B: EXT_SOURCE_1 missing / moderate other scores,POC0366,247508,Logistic regression,0.2540221332310857,0.0303398739347853,False
B: EXT_SOURCE_1 missing / moderate other scores,POC0367,102323,Logistic regression,0.24538771715251065,0.029056246158666456,False
B: EXT_SOURCE_1 missing / moderate other scores,POC0368,173796,Logistic regression,0.49352807465115606,0.07957193565908378,False
B: EXT_SOURCE_1 missing / moderate other scores,POC0369,156684,Logistic regression,0.5083371377908504,0.08386824067910553,False
B: EXT_SOURCE_1 missing / moderate other scores,POC0370,144905,Logistic regression,0.2530040237147776,0.030187255292360122,False
B: EXT_SOURCE_1 missing / moderate other scores,POC0371,229123,Logistic regression,0.08360143916999291,0.008683125147292676,False
B: EXT_SOURCE_1 missing / moderate other scores,POC0372,218412,Logistic regression,0.2136778346505822,0.02454065324312441,False
B: EXT_SOURCE_1 missing / moderate other scores,POC0373,70382,Logistic regression,0.762124481866536,0.21456261515025454,True
B: EXT_SOURCE_1 missing / moderate other scores,POC0374,124028,Logistic regression,0.037159984449590795,0.0037989902511209777,False
B: EXT_SOURCE_1 missing / moderate other scores,POC0375,186554,Logistic regression,0.08075704977060022,0.008374875604730717,False
B: EXT_SOURCE_1 missing / moderate other scores,POC0376,176407,Logistic regression,0.5674421973222908,0.10332767273642164,False
B: EXT_SOURCE_1 missing / moderate other scores,POC0377,139785,Logistic regression,0.3709848278071062,0.05052075251561575,False
B: EXT_SOURCE_1 missing / moderate other scores,POC0378,70870,Logistic regression,0.14277025797875137,0.015431164466108855,False
B: EXT_SOURCE_1 missing / moderate other scores,POC0379,258040,Logistic regression,0.3751780943728501,0.051358559564194405,False
B: EXT_SOURCE_1 missing / moderate other scores,POC0380,36357,Logistic regression,0.3178786164232143,0.04065167191140664,False
B: EXT_SOURCE_1 missing / moderate other scores,POC0381,225837,Logistic regression,0.5395490442423663,0.09364550789427621,False
B: EXT_SOURCE_1 missing / moderate other scores,POC0382,63803,Logistic regression,0.235369989999325,0.027596735661797146,False
B: EXT_SOURCE_1 missing / moderate other scores,POC0383,33926,Logistic regression,0.13726412863166462,0.014773723653494317,False
B: EXT_SOURCE_1 missing / moderate other scores,POC0384,260863,Logistic regression,0.2640553659440935,0.031862367099049854,False
B: EXT_SOURCE_1 missing / moderate other scores,POC0385,131737,Logistic regression,0.27313377881843803,0.033269609090176504,False
B: EXT_SOURCE_1 missing / moderate other scores,POC0386,58955,Logistic regression,0.7342106222888379,0.1913963197433706,True
B: EXT_SOURCE_1 missing / moderate other scores,POC0387,183690,Logistic regression,0.24187698750185935,0.0285411732560281,False
B: EXT_SOURCE_1 missing / moderate other scores,POC0388,156774,Logistic regression,0.4320651541973718,0.06371742705014687,False
B: EXT_SOURCE_1 missing / moderate other scores,POC0389,278903,Logistic regression,0.4597236993536541,0.07048781612523762,False
B: EXT_SOURCE_1 missing / moderate other scores,POC0390,259414,Logistic regression,0.5693032694045906,0.10400906552038089,False
B: EXT_SOURCE_1 missing / moderate other scores,POC0391,63171,Logistic regression,0.459451862363225,0.07041852955962573,False
B: EXT_SOURCE_1 missing / moderate other scores,POC0392,92840,Logistic regression,0.2922609219841031,0.03633118589015248,False
B: EXT_SOURCE_1 missing / moderate other scores,POC0393,42939,Logistic regression,0.2733060923454746,0.03329659825240988,False
B: EXT_SOURCE_1 missing / moderate other scores,POC0394,265489,Logistic regression,0.039661669715110745,0.0040550859844591565,False
B: EXT_SOURCE_1 missing / moderate other scores,POC0395,32897,Logistic regression,0.2571592002094305,0.030812285673274473,False
B: EXT_SOURCE_1 missing / moderate other scores,POC0396,171309,Logistic regression,0.5974713323167229,0.11492532883651779,False
B: EXT_SOURCE_1 missing / moderate other scores,POC0397,220505,Logistic regression,0.6683527650845049,0.1485791875706078,False
B: EXT_SOURCE_1 missing / moderate other scores,POC0398,209627,Logistic regression,0.1346505243699873,0.014463927048992308,False
B: EXT_SOURCE_1 missing / moderate other scores,POC0399,239357,Logistic regression,0.31908060639562613,0.04086095105984153,False
B: EXT_SOURCE_1 missing / moderate other scores,POC0400,180250,Logistic regression,0.23034730777706985,0.02687665605263294,False
B: EXT_SOURCE_1 missing / moderate other scores,POC0401,305932,Logistic regression,0.16176654913469465,0.017750991011154148,False
B: EXT_SOURCE_1 missing / moderate other scores,POC0402,102415,Logistic regression,0.23353863896146365,0.027333291778956027,False
B: EXT_SOURCE_1 missing / moderate other scores,POC0403,202927,Logistic regression,0.069087277521629,0.007123760749415518,False
B: EXT_SOURCE_1 missing / moderate other scores,POC0404,295675,Logistic regression,0.9279033617032928,0.5116284114995484,True
B: EXT_SOURCE_1 missing / moderate other scores,POC0405,3772,Logistic regression,0.5648808789941699,0.10239748159089729,False
B: EXT_SOURCE_1 missing / moderate other scores,POC0406,243150,Logistic regression,0.659849511886178,0.1439778082052767,False
B: EXT_SOURCE_1 missing / moderate other scores,POC0407,248501,Logistic regression,0.5734883335473208,0.10555855553990004,False
B: EXT_SOURCE_1 missing / moderate other scores,POC0408,282681,Logistic regression,0.3810135762583447,0.052540004847715656,False
B: EXT_SOURCE_1 missing / moderate other scores,POC0409,257081,Logistic regression,0.3165064965686066,0.04041351288840904,False
B: EXT_SOURCE_1 missing / moderate other scores,POC0410,102468,Logistic regression,0.4848397020866383,0.07714482008508317,False
B: EXT_SOURCE_1 missing / moderate other scores,POC0411,214137,Logistic regression,0.40325356684297375,0.057216090092405476,False
B: EXT_SOURCE_1 missing / moderate other scores,POC0412,200185,Logistic regression,0.31871416521429613,0.04079708531305252,False
B: EXT_SOURCE_1 missing / moderate other scores,POC0413,273544,Logistic regression,0.42597748013505643,0.06229922746337992,False
B: EXT_SOURCE_1 missing / moderate other scores,POC0414,273140,Logistic regression,0.4194021834294375,0.06079486284406657,False
B: EXT_SOURCE_1 missing / moderate other scores,POC0415,6805,Logistic regression,0.46937609309473144,0.07298546443179833,False
B: EXT_SOURCE_1 missing / moderate other scores,POC0416,306136,Logistic regression,0.3251138718477552,0.041920674806198155,False
B: EXT_SOURCE_1 missing / moderate other scores,POC0417,57720,Logistic regression,0.6075045652274841,0.11910925202332724,False
B: EXT_SOURCE_1 missing / moderate other scores,POC0418,278139,Logistic regression,0.21592653066424292,0.02485106423088661,False
B: EXT_SOURCE_1 missing / moderate other scores,POC0419,28733,Logistic regression,0.16718610120115548,0.018428080618906932,False
B: EXT_SOURCE_1 missing / moderate other scores,POC0420,238601,Logistic regression,0.6847755051049355,0.15799385388077325,False
B: EXT_SOURCE_1 missing / moderate other scores,POC0421,241724,Logistic regression,0.12970684136700988,0.013881871342547553,False
B: EXT_SOURCE_1 missing / moderate other scores,POC0422,171743,Logistic regression,0.35937762614364327,0.04824887662523999,False
B: EXT_SOURCE_1 missing / moderate other scores,POC0423,253011,Logistic regression,0.30897695345309306,0.03912049757532905,False
B: EXT_SOURCE_1 missing / moderate other scores,POC0424,297783,Logistic regression,0.3057927752715531,0.03858065171143871,False
B: EXT_SOURCE_1 missing / moderate other scores,POC0425,21579,Logistic regression,0.17197348786383213,0.019032034304215736,False
B: EXT_SOURCE_1 missing / moderate other scores,POC0426,23964,Logistic regression,0.29608704814822445,0.03695999941617457,False
B: EXT_SOURCE_1 missing / moderate other scores,POC0427,131196,Logistic regression,0.3019180690636291,0.03792920877873079,False
B: EXT_SOURCE_1 missing / moderate other scores,POC0428,51277,Logistic regression,0.23885630048557047,0.028101105776239307,False
B: EXT_SOURCE_1 missing / moderate other scores,POC0429,172683,Logistic regression,0.3954802058978658,0.055549559474837966,False
B: EXT_SOURCE_1 missing / moderate other scores,POC0430,233597,Logistic regression,0.2081892789206865,0.023789018268433083,False
B: EXT_SOURCE_1 missing / moderate other scores,POC0431,222818,Logistic regression,0.4460568449226188,0.06707332184746402,False
B: EXT_SOURCE_1 missing / moderate other scores,POC0432,281506,Logistic regression,0.35382153672257494,0.04718522730699419,False
B: EXT_SOURCE_1 missing / moderate other scores,POC0433,77011,Logistic regression,0.5296298178781362,0.09042531650570859,False
B: EXT_SOURCE_1 missing / moderate other scores,POC0434,296587,Logistic regression,0.3835185140810418,0.05305279261267982,False
B: EXT_SOURCE_1 missing / moderate other scores,POC0435,111967,Logistic regression,0.15812062986039957,0.017299373953298825,False
B: EXT_SOURCE_1 missing / moderate other scores,POC0436,246331,Logistic regression,0.3258007646600534,0.04204231565255967,False
B: EXT_SOURCE_1 missing / moderate other scores,POC0437,83901,Logistic regression,0.29933165660548017,0.037497666835930255,False
B: EXT_SOURCE_1 missing / moderate other scores,POC0438,43423,Logistic regression,0.6422145084027345,0.13497349630905342,False
B: EXT_SOURCE_1 missing / moderate other scores,POC0439,4795,Logistic regression,0.14881763950125343,0.016160852888620743,False
B: EXT_SOURCE_1 missing / moderate other scores,POC0440,73450,Logistic regression,0.4355465347901366,0.06453970204600226,False
B: EXT_SOURCE_1 missing / moderate other scores,POC0441,148307,Logistic regression,0.47998559347979486,0.07581753827822445,False
B: EXT_SOURCE_1 missing / moderate other scores,POC0442,10564,Logistic regression,0.11123877061975877,0.011751384322776176,False
B: EXT_SOURCE_1 missing / moderate other scores,POC0443,295869,Logistic regression,0.46479413794055596,0.0717906881928647,False
B: EXT_SOURCE_1 missing / moderate other scores,POC0444,192847,Logistic regression,0.47370857614959794,0.07413074431855331,False
B: EXT_SOURCE_1 missing / moderate other scores,POC0445,211192,Logistic regression,0.6923925446864287,0.1626156375962442,True
B: EXT_SOURCE_1 missing / moderate other scores,POC0446,156187,Logistic regression,0.2901198184821338,0.03598173670263404,False
B: EXT_SOURCE_1 missing / moderate other scores,POC0447,18847,Logistic regression,0.31783556421637493,0.04064418734063478,False
B: EXT_SOURCE_1 missing / moderate other scores,POC0448,258327,Logistic regression,0.23912290098988737,0.02813983052689157,False
B: EXT_SOURCE_1 missing / moderate other scores,POC0449,50386,Logistic regression,0.4259016942656684,0.06228172758925722,False
B: EXT_SOURCE_1 missing / moderate other scores,POC0450,117743,Logistic regression,0.058867465240236,0.006044971395120111,False
B: EXT_SOURCE_1 missing / moderate other scores,POC0451,82020,Logistic regression,0.35258778128928175,0.04695108140155217,False
B: EXT_SOURCE_1 missing / moderate other scores,POC0452,41141,Logistic regression,0.24399894574082784,0.028852026689217245,False
B: EXT_SOURCE_1 missing / moderate other scores,POC0453,158665,Logistic regression,0.02704107618726535,0.002768744003759841,False
B: EXT_SOURCE_1 missing / moderate other scores,POC0454,249190,Logistic regression,0.10963040746522683,0.01156900583522533,False
B: EXT_SOURCE_1 missing / moderate other scores,POC0455,117485,Logistic regression,0.3349834932316903,0.04368832701232,False
B: EXT_SOURCE_1 missing / moderate other scores,POC0456,45546,Logistic regression,0.12459629524042817,0.013285483152271751,False
B: EXT_SOURCE_1 missing / moderate other scores,POC0457,53302,Logistic regression,0.5271794909133602,0.08964658310049269,False
B: EXT_SOURCE_1 missing / moderate other scores,POC0458,41703,Logistic regression,0.2236436124848625,0.025927420629732956,False
B: EXT_SOURCE_1 missing / moderate other scores,POC0459,139285,Logistic regression,0.3611432417528167,0.04859007208938086,False
B: EXT_SOURCE_1 missing / moderate other scores,POC0460,53694,Logistic regression,0.3225821118144203,0.041474085394615355,False
B: EXT_SOURCE_1 missing / moderate other scores,POC0461,159555,Logistic regression,0.4136972895199053,0.05951209872004095,False
B: EXT_SOURCE_1 missing / moderate other scores,POC0462,236729,Logistic regression,0.3508911339163249,0.04663028470031042,False
B: EXT_SOURCE_1 missing / moderate other scores,POC0463,85262,Logistic regression,0.4380616894747214,0.06513894595424495,False
B: EXT_SOURCE_1 missing / moderate other scores,POC0464,13420,Logistic regression,0.44158587692834417,0.06598601705844485,False
B: EXT_SOURCE_1 missing / moderate other scores,POC0465,15174,Logistic regression,0.22166523934706744,0.025649830110796936,False
B: EXT_SOURCE_1 missing / moderate other scores,POC0466,55769,Logistic regression,0.10793665834926927,0.011377475563042685,False
B: EXT_SOURCE_1 missing / moderate other scores,POC0467,64227,Logistic regression,0.12755541597392378,0.013630153326601828,False
B: EXT_SOURCE_1 missing / moderate other scores,POC0468,121958,Logistic regression,0.20170937635308941,0.02291240573018113,False
B: EXT_SOURCE_1 missing / moderate other scores,POC0469,5378,Logistic regression,0.18576263239662735,0.020803168022467167,False
B: EXT_SOURCE_1 missing / moderate other scores,POC0470,274173,Logistic regression,0.5162321290477009,0.0862452023065255,False
B: EXT_SOURCE_1 missing / moderate other scores,POC0471,306424,Logistic regression,0.3326956883887339,0.04327474560629863,False
B: EXT_SOURCE_1 missing / moderate other scores,POC0472,27394,Logistic regression,0.3509717527178628,0.046645496569306645,False
B: EXT_SOURCE_1 missing / moderate other scores,POC0473,288487,Logistic regression,0.18396983014416343,0.020570187856217493,False
B: EXT_SOURCE_1 missing / moderate other scores,POC0474,155153,Logistic regression,0.12689808462061758,0.013553434850861922,False
B: EXT_SOURCE_1 missing / moderate other scores,POC0475,198799,Logistic regression,0.4495087660487674,0.06792266451981267,False
B: EXT_SOURCE_1 missing / moderate other scores,POC0476,257062,Logistic regression,0.17189550266615253,0.019022151590315915,False
B: EXT_SOURCE_1 missing / moderate other scores,POC0477,21435,Logistic regression,0.05994197061065519,0.0061576944781773215,False
B: EXT_SOURCE_1 missing / moderate other scores,POC0478,224429,Logistic regression,0.4188117539052361,0.06066114492849274,False
B: EXT_SOURCE_1 missing / moderate other scores,POC0479,83357,Logistic regression,0.4522868548888776,0.06861255595921358,False
B: EXT_SOURCE_1 missing / moderate other scores,POC0480,189909,Logistic regression,0.4983065008808619,0.0809357765680993,False
B: EXT_SOURCE_1 missing / moderate other scores,POC0481,275808,Logistic regression,0.45102189077084676,0.06829771643026869,False
B: EXT_SOURCE_1 missing / moderate other scores,POC0482,140407,Logistic regression,0.28858782468304384,0.03573276266056927,False
B: EXT_SOURCE_1 missing / moderate other scores,POC0483,79657,Logistic regression,0.4976797265041365,0.08075568808982041,False
B: EXT_SOURCE_1 missing / moderate other scores,POC0484,106834,Logistic regression,0.28901660491600356,0.035802357515005004,False
B: EXT_SOURCE_1 missing / moderate other scores,POC0485,273213,Logistic regression,0.1489887436566782,0.01618161648482996,False
B: EXT_SOURCE_1 missing / moderate other scores,POC0486,156939,Logistic regression,0.3555407560516348,0.04751273734138667,False
B: EXT_SOURCE_1 missing / moderate other scores,POC0487,50161,Logistic regression,0.014085564271640521,0.0014571411493231126,False
B: EXT_SOURCE_1 missing / moderate other scores,POC0488,94024,Logistic regression,0.3494888469593639,0.04636618593439071,False
B: EXT_SOURCE_1 missing / moderate other scores,POC0489,20943,Logistic regression,0.3848497951911894,0.05332671790466375,False
B: EXT_SOURCE_1 missing / moderate other scores,POC0490,196856,Logistic regression,0.22949019234032286,0.026754539937848414,False
B: EXT_SOURCE_1 missing / moderate other scores,POC0491,169146,Logistic regression,0.07534265367253969,0.007791738201330657,False
B: EXT_SOURCE_1 missing / moderate other scores,POC0492,95011,Logistic regression,0.3674215261608561,0.04981600681465873,False
B: EXT_SOURCE_1 missing / moderate other scores,POC0493,219352,Logistic regression,0.42461923106688165,0.0619861643703604,False
B: EXT_SOURCE_1 missing / moderate other scores,POC0494,287797,Logistic regression,0.5849764983033934,0.10993866426885766,False
B: EXT_SOURCE_1 missing / moderate other scores,POC0495,286554,Logistic regression,0.09945086019143606,0.010425940563141669,False
B: EXT_SOURCE_1 missing / moderate other scores,POC0496,266702,Logistic regression,0.43907476021006825,0.06538155504279172,False
B: EXT_SOURCE_1 missing / moderate other scores,POC0497,24703,Logistic regression,0.3218182247023274,0.041339879403981344,False
B: EXT_SOURCE_1 missing / moderate other scores,POC0498,246684,Logistic regression,0.23163990822911204,0.027061236896203315,False
B: EXT_SOURCE_1 missing / moderate other scores,POC0499,22765,Logistic regression,0.42489865942685995,0.06205047084414704,False
B: EXT_SOURCE_1 missing / moderate other scores,POC0500,149948,Logistic regression,0.39122255215581236,0.05465161239741603,False
B: EXT_SOURCE_1 missing / moderate other scores,POC0501,57342,Logistic regression,0.17541248971584075,0.019469323323564894,False
B: EXT_SOURCE_1 missing / moderate other scores,POC0502,197162,Logistic regression,0.08987714106260618,0.009368010014991055,False
B: EXT_SOURCE_1 missing / moderate other scores,POC0503,236247,Logistic regression,0.3328672507443872,0.04330567895917127,False
B: EXT_SOURCE_1 missing / moderate other scores,POC0504,275522,Logistic regression,0.34090363142142616,0.04476951912178141,False
B: EXT_SOURCE_1 missing / moderate other scores,POC0505,134239,Logistic regression,0.16491260729550145,0.018143194758183767,False
B: EXT_SOURCE_1 missing / moderate other scores,POC0506,90949,Logistic regression,0.42722112365640913,0.0625869417184265,False
B: EXT_SOURCE_1 missing / moderate other scores,POC0507,216433,Logistic regression,0.21415930278171771,0.024606994067677135,False
B: EXT_SOURCE_1 missing / moderate other scores,POC0508,266388,Logistic regression,0.2701419636519415,0.032802675268523644,False
B: EXT_SOURCE_1 missing / moderate other scores,POC0509,282235,Logistic regression,0.47026290996140585,0.07321865058412134,False
B: EXT_SOURCE_1 missing / moderate other scores,POC0510,12730,Logistic regression,0.39320173356558125,0.05506773673666953,False
B: EXT_SOURCE_1 missing / moderate other scores,POC0511,305356,Logistic regression,0.13662889369453718,0.014698294327495712,False
B: EXT_SOURCE_1 missing / moderate other scores,POC0512,138657,Logistic regression,0.3203957095488728,0.04109062292229516,False
B: EXT_SOURCE_1 missing / moderate other scores,POC0513,44682,Logistic regression,0.1822732367744827,0.02035046447686663,False
B: EXT_SOURCE_1 missing / moderate other scores,POC0514,295197,Logistic regression,0.8339290438532159,0.29665830832346546,True
B: EXT_SOURCE_1 missing / moderate other scores,POC0515,106758,Logistic regression,0.4679797520402473,0.07261958367097832,False
B: EXT_SOURCE_1 missing / moderate other scores,POC0516,115518,Logistic regression,0.03417951094034596,0.0034946617281170567,False
B: EXT_SOURCE_1 missing / moderate other scores,POC0517,63860,Logistic regression,0.20290327659099208,0.023073052630383888,False
B: EXT_SOURCE_1 missing / moderate other scores,POC0518,124791,Logistic regression,0.5467463766645408,0.09605253314427525,False
B: EXT_SOURCE_1 missing / moderate other scores,POC0519,138326,Logistic regression,0.3447132084602609,0.045473763634674286,False
B: EXT_SOURCE_1 missing / moderate other scores,POC0520,24762,Logistic regression,0.5686138697113385,0.10375611166868016,False
B: EXT_SOURCE_1 missing / moderate other scores,POC0521,31320,Logistic regression,0.24475747592385078,0.0289634928109553,False
B: EXT_SOURCE_1 missing / moderate other scores,POC0522,218418,Logistic regression,0.3211292373980365,0.0412190459293475,False
B: EXT_SOURCE_1 missing / moderate other scores,POC0523,266978,Logistic regression,0.3416182018658572,0.044901103897374006,False
B: EXT_SOURCE_1 missing / moderate other scores,POC0524,128869,Logistic regression,0.08450271127967587,0.008781075969752819,False
B: EXT_SOURCE_1 missing / moderate other scores,POC0525,122007,Logistic regression,0.09848026679925118,0.010317945098300831,False
B: EXT_SOURCE_1 missing / moderate other scores,POC0526,36461,Logistic regression,0.6136700901745125,0.12176442205893723,False
B: EXT_SOURCE_1 missing / moderate other scores,POC0527,32558,Logistic regression,0.17902227719305192,0.01993146938740169,False
B: EXT_SOURCE_1 missing / moderate other scores,POC0528,151640,Logistic regression,0.08918645994730039,0.009292306621595137,False
B: EXT_SOURCE_1 missing / moderate other scores,POC0529,83970,Logistic regression,0.11508470963603575,0.012189501280364978,False
B: EXT_SOURCE_1 missing / moderate other scores,POC0530,270290,Logistic regression,0.07752683019340642,0.008026411957154495,False
B: EXT_SOURCE_1 missing / moderate other scores,POC0531,1147,Logistic regression,0.6209807018007363,0.12499978462724508,False
B: EXT_SOURCE_1 missing / moderate other scores,POC0532,109840,Logistic regression,0.5552954969943589,0.09899229285171948,False
B: EXT_SOURCE_1 missing / moderate other scores,POC0533,8125,Logistic regression,0.39145857834742737,0.05470112017397576,False
B: EXT_SOURCE_1 missing / moderate other scores,POC0534,204576,Logistic regression,0.2752253737927069,0.033597924127854305,False
B: EXT_SOURCE_1 missing / moderate other scores,POC0535,246601,Logistic regression,0.4081084319057299,0.05827513637846961,False
B: EXT_SOURCE_1 missing / moderate other scores,POC0536,86326,Logistic regression,0.05785929799051085,0.0059393520582422124,False
B: EXT_SOURCE_1 missing / moderate other scores,POC0537,25593,Logistic regression,0.4151826934076957,0.05984411907828572,False
B: EXT_SOURCE_1 missing / moderate other scores,POC0538,121095,Logistic regression,0.3638492203243854,0.04911601327495803,False
B: EXT_SOURCE_1 missing / moderate other scores,POC0539,268312,Logistic regression,0.35499140270997437,0.04740792955046252,False
B: EXT_SOURCE_1 missing / moderate other scores,POC0540,96438,Logistic regression,0.16881345913508586,0.0186327598919549,False
B: EXT_SOURCE_1 missing / moderate other scores,POC0541,299908,Logistic regression,0.36653493541333687,0.04964167278556208,False
B: EXT_SOURCE_1 missing / moderate other scores,POC0542,149893,Logistic regression,0.412567526901387,0.05926049487993815,False
B: EXT_SOURCE_1 missing / moderate other scores,POC0543,22985,Logistic regression,0.5123203752575167,0.08505972010272418,False
B: EXT_SOURCE_1 missing / moderate other scores,POC0544,278535,Logistic regression,0.11140507877947108,0.011770270785235383,False
B: EXT_SOURCE_1 missing / moderate other scores,POC0545,32389,Logistic regression,0.18121817247027006,0.020214192376751875,False
B: EXT_SOURCE_1 missing / moderate other scores,POC0546,182503,Logistic regression,0.4854720653616983,0.07731922619887957,False
B: EXT_SOURCE_1 missing / moderate other scores,POC0547,18786,Logistic regression,0.41781943958790685,0.06043691112651374,False
B: EXT_SOURCE_1 missing / moderate other scores,POC0548,196887,Logistic regression,0.19104140085182747,0.021493967019236036,False
B: EXT_SOURCE_1 missing / moderate other scores,POC0549,192481,Logistic regression,0.5645421290492822,0.10227510987607463,False
B: EXT_SOURCE_1 missing / moderate other scores,POC0550,40156,Logistic regression,0.14992848414014723,0.0162957712746474,False
B: EXT_SOURCE_1 missing / moderate other scores,POC0551,303818,Logistic regression,0.26857846948249753,0.03255990829149898,False
B: EXT_SOURCE_1 missing / moderate other scores,POC0552,130068,Logistic regression,0.30651457260911147,0.03870266740360256,False
B: EXT_SOURCE_1 missing / moderate other scores,POC0553,68857,Logistic regression,0.647531577841473,0.13761538764943737,False
B: EXT_SOURCE_1 missing / moderate other scores,POC0554,131049,Logistic regression,0.04807887288529319,0.004921667158371159,False
B: EXT_SOURCE_1 missing / moderate other scores,POC0555,277981,Logistic regression,0.5547435607679365,0.09879978178327035,False
B: EXT_SOURCE_1 missing / moderate other scores,POC0556,63973,Logistic regression,0.31934928150416314,0.040907813498937164,False
B: EXT_SOURCE_1 missing / moderate other scores,POC0557,199102,Logistic regression,0.19253627296602152,0.02169090909724359,False
B: EXT_SOURCE_1 missing / moderate other scores,POC0558,93189,Logistic regression,0.640832940740187,0.13429691686157258,False
B: EXT_SOURCE_1 missing / moderate other scores,POC0559,88701,Logistic regression,0.5314002413147235,0.09099203988996318,False
B: EXT_SOURCE_1 missing / moderate other scores,POC0560,56398,Logistic regression,0.263205774741324,0.031732129510244456,False
B: EXT_SOURCE_1 missing / moderate other scores,POC0561,237176,Logistic regression,0.25201415171363106,0.030039195779808556,False
B: EXT_SOURCE_1 missing / moderate other scores,POC0562,139701,Logistic regression,0.10166190291293527,0.010672594771236893,False
B: EXT_SOURCE_1 missing / moderate other scores,POC0563,132018,Logistic regression,0.3126534726049628,0.03974893461788823,False
B: EXT_SOURCE_1 missing / moderate other scores,POC0564,43600,Logistic regression,0.590086442568546,0.1119490657679091,False
B: EXT_SOURCE_1 missing / moderate other scores,POC0565,56612,Logistic regression,0.39366614976173026,0.05516570405010376,False
B: EXT_SOURCE_1 missing / moderate other scores,POC0566,288672,Logistic regression,0.2706703649379241,0.03288491435339906,False
B: EXT_SOURCE_1 missing / moderate other scores,POC0567,117788,Logistic regression,0.23465581264370805,0.02749387736540052,False
B: EXT_SOURCE_1 missing / moderate other scores,POC0568,230412,Logistic regression,0.5145002827884924,0.08571845452948458,False
B: EXT_SOURCE_1 missing / moderate other scores,POC0569,146770,Logistic regression,0.6745429230518035,0.15204330006598987,False
B: EXT_SOURCE_1 missing / moderate other scores,POC0570,194887,Logistic regression,0.44322419939751995,0.06638278699970579,False
B: EXT_SOURCE_1 missing / moderate other scores,POC0571,220695,Logistic regression,0.31381773952212066,0.039949101684834384,False
B: EXT_SOURCE_1 missing / moderate other scores,POC0572,9349,Logistic regression,0.2432156657217369,0.02873711527540431,False
B: EXT_SOURCE_1 missing / moderate other scores,POC0573,275169,Logistic regression,0.28284961264093983,0.03480799262346945,False
B: EXT_SOURCE_1 missing / moderate other scores,POC0574,305450,Logistic regression,0.581796704872707,0.10870725970615519,False
B: EXT_SOURCE_1 missing / moderate other scores,POC0575,223172,Logistic regression,0.36961949249993553,0.050249942809315676,False
B: EXT_SOURCE_1 missing / moderate other scores,POC0576,291575,Logistic regression,0.6003226275466392,0.11609755601481053,False
B: EXT_SOURCE_1 missing / moderate other scores,POC0577,199474,Logistic regression,0.34257106850763264,0.045076936466497956,False
B: EXT_SOURCE_1 missing / moderate other scores,POC0578,129836,Logistic regression,0.07990587993279717,0.008282890963112268,False
B: EXT_SOURCE_1 missing / moderate other scores,POC0579,50055,Logistic regression,0.30618339530225946,0.038646657827172644,False
B: EXT_SOURCE_1 missing / moderate other scores,POC0580,298358,Logistic regression,0.6336753287372666,0.1308549954445935,False
B: EXT_SOURCE_1 missing / moderate other scores,POC0581,15930,Logistic regression,0.061710610940527016,0.006343587428819923,False
B: EXT_SOURCE_1 missing / moderate other scores,POC0582,87121,Logistic regression,0.09200990088847348,0.009602294301544028,False
B: EXT_SOURCE_1 missing / moderate other scores,POC0583,237610,Logistic regression,0.34461065021583004,0.04545471620814636,False
B: EXT_SOURCE_1 missing / moderate other scores,POC0584,257715,Logistic regression,0.1361282353547346,0.01463890545798722,False
B: EXT_SOURCE_1 missing / moderate other scores,POC0585,132007,Logistic regression,0.4910316657516036,0.07886768121914971,False
B: EXT_SOURCE_1 missing / moderate other scores,POC0586,147454,Logistic regression,0.005928182487794023,0.0006267456270346623,False
B: EXT_SOURCE_1 missing / moderate other scores,POC0587,132068,Logistic regression,0.44693954193031193,0.06728968427605392,False
B: EXT_SOURCE_1 missing / moderate other scores,POC0588,175858,Logistic regression,0.009434756567116292,0.0009851326017365984,False
B: EXT_SOURCE_1 missing / moderate other scores,POC0589,74062,Logistic regression,0.2640056758732004,0.03185474309930301,False
B: EXT_SOURCE_1 missing / moderate other scores,POC0590,33816,Logistic regression,0.5999987049211705,0.11596372387478411,False
B: EXT_SOURCE_1 missing / moderate other scores,POC0591,111512,Logistic regression,0.22195268578615948,0.025690091168685644,False
B: EXT_SOURCE_1 missing / moderate other scores,POC0592,272856,Logistic regression,0.5018841956937171,0.08197075631204755,False
B: EXT_SOURCE_1 missing / moderate other scores,POC0593,262812,Logistic regression,0.6938076968665926,0.16349324908947802,True
B: EXT_SOURCE_1 missing / moderate other scores,POC0594,121365,Logistic regression,0.10499706272070973,0.01104634361701138,False
B: EXT_SOURCE_1 missing / moderate other scores,POC0595,227622,Logistic regression,0.48630806615412353,0.07755033044406756,False
B: EXT_SOURCE_1 missing / moderate other scores,POC0596,174709,Logistic regression,0.45098382672223225,0.06828826095437956,False
B: EXT_SOURCE_1 missing / moderate other scores,POC0597,58040,Logistic regression,0.5680293794896764,0.1035421535779896,False
B: EXT_SOURCE_1 missing / moderate other scores,POC0598,216675,Logistic regression,0.596712283870312,0.11461546544339375,False
B: EXT_SOURCE_1 missing / moderate other scores,POC0599,258011,Logistic regression,0.12938593977063198,0.013844265116398743,False
B: EXT_SOURCE_1 missing / moderate other scores,POC0600,208258,Logistic regression,0.49008523565433715,0.07860214886119359,False
C: lower external scores / higher credit-income ratio,POC0601,14343,Logistic regression,0.9363061097607248,0.5436437206918293,True
C: lower external scores / higher credit-income ratio,POC0602,94529,Logistic regression,0.820814016016013,0.2784711804139461,True
C: lower external scores / higher credit-income ratio,POC0603,26833,Logistic regression,0.9333551943703092,0.5320040805603119,True
C: lower external scores / higher credit-income ratio,POC0604,101924,Logistic regression,0.8071631942924539,0.26129682585934066,True
C: lower external scores / higher credit-income ratio,POC0605,281182,Logistic regression,0.985087362490362,0.835833818026789,True
C: lower external scores / higher credit-income ratio,POC0606,208806,Logistic regression,0.46141244690844196,0.07091952593880195,False
C: lower external scores / higher credit-income ratio,POC0607,190054,Logistic regression,0.8089992319406444,0.26351176313828095,True
C: lower external scores / higher credit-income ratio,POC0608,259619,Logistic regression,0.69873980869852,0.16659994031106973,True
C: lower external scores / higher credit-income ratio,POC0609,292744,Logistic regression,0.9196038010349474,0.48313468808485116,True
C: lower external scores / higher credit-income ratio,POC0610,225433,Logistic regression,0.5937475440212873,0.11341391771228243,False
C: lower external scores / higher credit-income ratio,POC0611,106133,Logistic regression,0.8149799371262357,0.2709271366031822,True
C: lower external scores / higher credit-income ratio,POC0612,229934,Logistic regression,0.8641696533662474,0.3464845848986389,True
C: lower external scores / higher credit-income ratio,POC0613,204931,Logistic regression,0.6053679900569353,0.1182043181220984,False
C: lower external scores / higher credit-income ratio,POC0614,212950,Logistic regression,0.7954688490368814,0.24782279280133823,True
C: lower external scores / higher credit-income ratio,POC0615,162299,Logistic regression,0.8121155194915758,0.26733664269637775,True
C: lower external scores / higher credit-income ratio,POC0616,180508,Logistic regression,0.8759238320255642,0.3695896893385535,True
C: lower external scores / higher credit-income ratio,POC0617,305767,Logistic regression,0.43549083701808766,0.06452648133937951,False
C: lower external scores / higher credit-income ratio,POC0618,56063,Logistic regression,0.8897507393774058,0.40020088089843675,True
C: lower external scores / higher credit-income ratio,POC0619,50510,Logistic regression,0.9768489465537932,0.7675050230054955,True
C: lower external scores / higher credit-income ratio,POC0620,287354,Logistic regression,0.20679013655309075,0.02359875973191049,False
C: lower external scores / higher credit-income ratio,POC0621,128424,Logistic regression,0.8859015394288761,0.3912664228629785,True
C: lower external scores / higher credit-income ratio,POC0622,279243,Logistic regression,0.7663859620324375,0.21844091837360188,True
C: lower external scores / higher credit-income ratio,POC0623,285761,Logistic regression,0.5883522269815087,0.11126236128274422,False
C: lower external scores / higher credit-income ratio,POC0624,4692,Logistic regression,0.9676774600434973,0.703196963406119,True
C: lower external scores / higher credit-income ratio,POC0625,144922,Logistic regression,0.7584246918183404,0.21127419252677412,True
C: lower external scores / higher credit-income ratio,POC0626,70419,Logistic regression,0.5440792972205338,0.0951534816334648,False
C: lower external scores / higher credit-income ratio,POC0627,112460,Logistic regression,0.944727515973811,0.5795088191472206,True
C: lower external scores / higher credit-income ratio,POC0628,44983,Logistic regression,0.4866294131975211,0.07763932619448824,False
C: lower external scores / higher credit-income ratio,POC0629,123890,Logistic regression,0.6207926478261812,0.12491534329181063,False
C: lower external scores / higher credit-income ratio,POC0630,372,Logistic regression,0.8404199121271322,0.30635235280936296,True
C: lower external scores / higher credit-income ratio,POC0631,138704,Logistic regression,0.5964754365564923,0.11451896586153552,False
C: lower external scores / higher credit-income ratio,POC0632,152894,Logistic regression,0.7678102481274418,0.2197593987117344,True
C: lower external scores / higher credit-income ratio,POC0633,22520,Logistic regression,0.788652914421268,0.24044087958485238,True
C: lower external scores / higher credit-income ratio,POC0634,36968,Logistic regression,0.7601542300808936,0.21280249545827926,True
C: lower external scores / higher credit-income ratio,POC0635,90871,Logistic regression,0.782500088617785,0.23405143776727283,True
C: lower external scores / higher credit-income ratio,POC0636,153653,Logistic regression,0.678456236430308,0.15428521190551067,False
C: lower external scores / higher credit-income ratio,POC0637,188807,Logistic regression,0.5533838498741508,0.09832714555537267,False
C: lower external scores / higher credit-income ratio,POC0638,259279,Logistic regression,0.5150560256833666,0.08588715529733172,False
C: lower external scores / higher credit-income ratio,POC0639,75254,Logistic regression,0.9386761878886303,0.5533262271718092,True
C: lower external scores / higher credit-income ratio,POC0640,115899,Logistic regression,0.883507038440331,0.38587515556790103,True
C: lower external scores / higher credit-income ratio,POC0641,68788,Logistic regression,0.8022266149493643,0.25547851368216157,True
C: lower external scores / higher credit-income ratio,POC0642,222804,Logistic regression,0.945711694502171,0.5839793605990993,True
C: lower external scores / higher credit-income ratio,POC0643,235973,Logistic regression,0.885248451446256,0.3897835869362291,True
C: lower external scores / higher credit-income ratio,POC0644,305096,Logistic regression,0.7686531007474775,0.22054499702924457,True
C: lower external scores / higher credit-income ratio,POC0645,122081,Logistic regression,0.9598736576756326,0.6560383241432105,True
C: lower external scores / higher credit-income ratio,POC0646,122584,Logistic regression,0.7266659595761897,0.18572915142508833,True
C: lower external scores / higher credit-income ratio,POC0647,139941,Logistic regression,0.8952060046405095,0.4134635421205528,True
C: lower external scores / higher credit-income ratio,POC0648,5639,Logistic regression,0.7137848633398017,0.17656365077633954,True
C: lower external scores / higher credit-income ratio,POC0649,82516,Logistic regression,0.6346739064002718,0.13132892208753408,False
C: lower external scores / higher credit-income ratio,POC0650,269078,Logistic regression,0.43437582093371874,0.06426226393265516,False
C: lower external scores / higher credit-income ratio,POC0651,241319,Logistic regression,0.8030446082731992,0.25642908882782467,True
C: lower external scores / higher credit-income ratio,POC0652,217048,Logistic regression,0.9052171111385638,0.4398284880784656,True
C: lower external scores / higher credit-income ratio,POC0653,108055,Logistic regression,0.7136175152763785,0.1764485794376365,True
C: lower external scores / higher credit-income ratio,POC0654,191254,Logistic regression,0.8743108482668244,0.3662718320779765,True
C: lower external scores / higher credit-income ratio,POC0655,210348,Logistic regression,0.8635213245799355,0.34527906648527634,True
C: lower external scores / higher credit-income ratio,POC0656,274216,Logistic regression,0.2455515477308257,0.029080378044061286,False
C: lower external scores / higher credit-income ratio,POC0657,109684,Logistic regression,0.7447155687836069,0.19968729887761838,True
C: lower external scores / higher credit-income ratio,POC0658,120159,Logistic regression,0.9302009874051497,0.5200441358304236,True
C: lower external scores / higher credit-income ratio,POC0659,91040,Logistic regression,0.6600341897621846,0.14407587498138366,False
C: lower external scores / higher credit-income ratio,POC0660,165729,Logistic regression,0.8621798228987355,0.3428061275479415,True
C: lower external scores / higher credit-income ratio,POC0661,127775,Logistic regression,0.7512445964467721,0.20509189009924514,True
C: lower external scores / higher credit-income ratio,POC0662,89528,Logistic regression,0.8032853985498768,0.25670991629014633,True
C: lower external scores / higher credit-income ratio,POC0663,180150,Logistic regression,0.9483003674585189,0.5960422074359123,True
C: lower external scores / higher credit-income ratio,POC0664,70842,Logistic regression,0.7450220582116565,0.19993655621052883,True
C: lower external scores / higher credit-income ratio,POC0665,47668,Logistic regression,0.6254503778810149,0.12702617464152777,False
C: lower external scores / higher credit-income ratio,POC0666,247508,Logistic regression,0.6824442180051318,0.15661272241191812,False
C: lower external scores / higher credit-income ratio,POC0667,102323,Logistic regression,0.635556118476099,0.13174929229202137,False
C: lower external scores / higher credit-income ratio,POC0668,173796,Logistic regression,0.9330126813291585,0.5306818049254458,True
C: lower external scores / higher credit-income ratio,POC0669,156684,Logistic regression,0.8886986680066405,0.39772523374346447,True
C: lower external scores / higher credit-income ratio,POC0670,144905,Logistic regression,0.864241124365464,0.3466178976391653,True
C: lower external scores / higher credit-income ratio,POC0671,229123,Logistic regression,0.5150801422305453,0.08589448315194241,False
C: lower external scores / higher credit-income ratio,POC0672,218412,Logistic regression,0.690137234942946,0.16122942879552796,False
C: lower external scores / higher credit-income ratio,POC0673,70382,Logistic regression,0.9652346976753905,0.6877671045927671,True
C: lower external scores / higher credit-income ratio,POC0674,124028,Logistic regression,0.40888138885452413,0.05844506760198151,False
C: lower external scores / higher credit-income ratio,POC0675,186554,Logistic regression,0.5579351686789984,0.09991828604962628,False
C: lower external scores / higher credit-income ratio,POC0676,176407,Logistic regression,0.9101598511787208,0.45392497558862577,True
C: lower external scores / higher credit-income ratio,POC0677,139785,Logistic regression,0.8068228650361593,0.26088934806944813,True
C: lower external scores / higher credit-income ratio,POC0678,70870,Logistic regression,0.5560816602659389,0.09926715954481638,False
C: lower external scores / higher credit-income ratio,POC0679,258040,Logistic regression,0.8987376694296204,0.4224506215057346,True
C: lower external scores / higher credit-income ratio,POC0680,36357,Logistic regression,0.7752276460384891,0.22681350206774556,True
C: lower external scores / higher credit-income ratio,POC0681,225837,Logistic regression,0.9355244371355691,0.5405165420454648,True
C: lower external scores / higher credit-income ratio,POC0682,63803,Logistic regression,0.6915089676623167,0.1620707442962879,False
C: lower external scores / higher credit-income ratio,POC0683,33926,Logistic regression,0.5921031823471012,0.1127534258075981,False
C: lower external scores / higher credit-income ratio,POC0684,260863,Logistic regression,0.8131545750270581,0.2686306791763241,True
C: lower external scores / higher credit-income ratio,POC0685,131737,Logistic regression,0.816868643427198,0.27333489341946304,True
C: lower external scores / higher credit-income ratio,POC0686,58955,Logistic regression,0.9805076937142336,0.7964367638406481,True
C: lower external scores / higher credit-income ratio,POC0687,183690,Logistic regression,0.726025313925626,0.18525843622588573,True
C: lower external scores / higher credit-income ratio,POC0688,156774,Logistic regression,0.8615320047754093,0.3416221831847269,True
C: lower external scores / higher credit-income ratio,POC0689,278903,Logistic regression,0.900165857709752,0.4261794556747325,True
C: lower external scores / higher credit-income ratio,POC0690,259414,Logistic regression,0.9273006732315608,0.5094606300115815,True
C: lower external scores / higher credit-income ratio,POC0691,63171,Logistic regression,0.9269174263615627,0.5080905581271955,True
C: lower external scores / higher credit-income ratio,POC0692,92840,Logistic regression,0.8190473702075002,0.2761531688997413,True
C: lower external scores / higher credit-income ratio,POC0693,42939,Logistic regression,0.7511310022273844,0.20499612913451618,True
C: lower external scores / higher credit-income ratio,POC0694,265489,Logistic regression,0.2140388752330807,0.024590394341597377,False
C: lower external scores / higher credit-income ratio,POC0695,32897,Logistic regression,0.7621779122996386,0.21461063378821738,True
C: lower external scores / higher credit-income ratio,POC0696,171309,Logistic regression,0.9544787691903535,0.6267510691854172,True
C: lower external scores / higher credit-income ratio,POC0697,220505,Logistic regression,0.9549241614648373,0.6290770117653338,True
C: lower external scores / higher credit-income ratio,POC0698,209627,Logistic regression,0.641566800655991,0.13465580096661003,False
C: lower external scores / higher credit-income ratio,POC0699,239357,Logistic regression,0.7565244309038769,0.20961281301915047,True
C: lower external scores / higher credit-income ratio,POC0700,180250,Logistic regression,0.7453650760020523,0.2002160316595027,True
C: lower external scores / higher credit-income ratio,POC0701,305932,Logistic regression,0.5808484180632658,0.10834288830112047,False
C: lower external scores / higher credit-income ratio,POC0702,102415,Logistic regression,0.760860403228407,0.2134309961117985,True
C: lower external scores / higher credit-income ratio,POC0703,202927,Logistic regression,0.4959486401959582,0.08026018711829559,False
C: lower external scores / higher credit-income ratio,POC0704,295675,Logistic regression,0.9916171584550516,0.8994148496299739,True
C: lower external scores / higher credit-income ratio,POC0705,3772,Logistic regression,0.9237861611864226,0.4971352234932754,True
C: lower external scores / higher credit-income ratio,POC0706,243150,Logistic regression,0.9587274092582173,0.6496060769251408,True
C: lower external scores / higher credit-income ratio,POC0707,248501,Logistic regression,0.952184248793326,0.6150148947164198,True
C: lower external scores / higher credit-income ratio,POC0708,282681,Logistic regression,0.8424309901611426,0.309457101842918,True
C: lower external scores / higher credit-income ratio,POC0709,257081,Logistic regression,0.7790158243712395,0.23054253983223974,True
C: lower external scores / higher credit-income ratio,POC0710,102468,Logistic regression,0.8393758215036029,0.3047597570425259,True
C: lower external scores / higher credit-income ratio,POC0711,214137,Logistic regression,0.8167114297453851,0.2731332321310198,True
C: lower external scores / higher credit-income ratio,POC0712,200185,Logistic regression,0.7635688312868958,0.21586605299778658,True
C: lower external scores / higher credit-income ratio,POC0713,273544,Logistic regression,0.8580106528553898,0.3353005902675114,True
C: lower external scores / higher credit-income ratio,POC0714,273140,Logistic regression,0.8537063156545692,0.3278254719716204,True
C: lower external scores / higher credit-income ratio,POC0715,6805,Logistic regression,0.8911075396299644,0.40343197110700135,True
C: lower external scores / higher credit-income ratio,POC0716,306136,Logistic regression,0.7728231159037525,0.2244915462060667,True
C: lower external scores / higher credit-income ratio,POC0717,57720,Logistic regression,0.9624379051098813,0.6708654721407713,True
C: lower external scores / higher credit-income ratio,POC0718,278139,Logistic regression,0.697941832536929,0.16609217096913498,True
C: lower external scores / higher credit-income ratio,POC0719,28733,Logistic regression,0.6349254979103096,0.1314486441424377,False
C: lower external scores / higher credit-income ratio,POC0720,238601,Logistic regression,0.9724789513312767,0.7355178058148439,True
C: lower external scores / higher credit-income ratio,POC0721,241724,Logistic regression,0.5705264590203226,0.10445946331984726,False
C: lower external scores / higher credit-income ratio,POC0722,171743,Logistic regression,0.8572454020913829,0.3339517246589579,True
C: lower external scores / higher credit-income ratio,POC0723,253011,Logistic regression,0.738167005746881,0.19446242420592816,True
C: lower external scores / higher credit-income ratio,POC0724,297783,Logistic regression,0.7801232477747324,0.23164945451469388,True
C: lower external scores / higher credit-income ratio,POC0725,21579,Logistic regression,0.585463115235907,0.11012842711552207,False
C: lower external scores / higher credit-income ratio,POC0726,23964,Logistic regression,0.7759319307425785,0.22750015820710318,True
C: lower external scores / higher credit-income ratio,POC0727,131196,Logistic regression,0.8597250062790761,0.33835443353655253,True
C: lower external scores / higher credit-income ratio,POC0728,51277,Logistic regression,0.8300756492686265,0.2911280653133522,True
C: lower external scores / higher credit-income ratio,POC0729,172683,Logistic regression,0.8411376249862158,0.3074547197146267,True
C: lower external scores / higher credit-income ratio,POC0730,233597,Logistic regression,0.641728373045204,0.13473496798435458,False
C: lower external scores / higher credit-income ratio,POC0731,222818,Logistic regression,0.8796440476233028,0.377433897750133,True
C: lower external scores / higher credit-income ratio,POC0732,281506,Logistic regression,0.8230963912346653,0.2815103531133355,True
C: lower external scores / higher credit-income ratio,POC0733,77011,Logistic regression,0.86336281359536,0.3449853619275562,True
C: lower external scores / higher credit-income ratio,POC0734,296587,Logistic regression,0.8459871656950949,0.3150702172980607,True
C: lower external scores / higher credit-income ratio,POC0735,111967,Logistic regression,0.5553046249653747,0.09899547982102726,False
C: lower external scores / higher credit-income ratio,POC0736,246331,Logistic regression,0.8315849305208685,0.2932748601325931,True
C: lower external scores / higher credit-income ratio,POC0737,83901,Logistic regression,0.7441251988477255,0.1992083810305164,True
C: lower external scores / higher credit-income ratio,POC0738,43423,Logistic regression,0.963073934706351,0.6746403604550553,True
C: lower external scores / higher credit-income ratio,POC0739,4795,Logistic regression,0.6932003474190949,0.16311585696964206,True
C: lower external scores / higher credit-income ratio,POC0740,73450,Logistic regression,0.8698385982404225,0.3573238612385626,True
C: lower external scores / higher credit-income ratio,POC0741,148307,Logistic regression,0.9052972765422777,0.4400511054457189,True
C: lower external scores / higher credit-income ratio,POC0742,10564,Logistic regression,0.6426045979179134,0.1351652601983592,False
C: lower external scores / higher credit-income ratio,POC0743,295869,Logistic regression,0.8574031310904665,0.334229029787557,True
C: lower external scores / higher credit-income ratio,POC0744,192847,Logistic regression,0.8788481529439788,0.3757327320692184,True
C: lower external scores / higher credit-income ratio,POC0745,211192,Logistic regression,0.9738642527710459,0.7453759730821913,True
C: lower external scores / higher credit-income ratio,POC0746,156187,Logistic regression,0.7720118317486412,0.22371584044626425,True
C: lower external scores / higher credit-income ratio,POC0747,18847,Logistic regression,0.7697660433030715,0.22158850621871004,True
C: lower external scores / higher credit-income ratio,POC0748,258327,Logistic regression,0.6934455038374235,0.16326805649199425,True
C: lower external scores / higher credit-income ratio,POC0749,50386,Logistic regression,0.9329879063181392,0.5305863873935339,True
C: lower external scores / higher credit-income ratio,POC0750,117743,Logistic regression,0.4164883358500296,0.06013710367600541,False
C: lower external scores / higher credit-income ratio,POC0751,82020,Logistic regression,0.7921363765242339,0.24417241159098038,True
C: lower external scores / higher credit-income ratio,POC0752,41141,Logistic regression,0.6803263303545237,0.15537119963182772,False
C: lower external scores / higher credit-income ratio,POC0753,158665,Logistic regression,0.21916322239178737,0.02530040410333565,False
C: lower external scores / higher credit-income ratio,POC0754,249190,Logistic regression,0.6361898888173109,0.13205225388815545,False
C: lower external scores / higher credit-income ratio,POC0755,117485,Logistic regression,0.849009325635917,0.31996836919478117,True
C: lower external scores / higher credit-income ratio,POC0756,45546,Logistic regression,0.4837515640317102,0.07684552328315089,False
C: lower external scores / higher credit-income ratio,POC0757,53302,Logistic regression,0.9278372977924231,0.5113899956020037,True
C: lower external scores / higher credit-income ratio,POC0758,41703,Logistic regression,0.7711215715313876,0.22286904607111058,True
C: lower external scores / higher credit-income ratio,POC0759,139285,Logistic regression,0.8302378731454473,0.29135763865136577,True
C: lower external scores / higher credit-income ratio,POC0760,53694,Logistic regression,0.7625649612511883,0.21495893514186964,True
C: lower external scores / higher credit-income ratio,POC0761,159555,Logistic regression,0.928399918142114,0.5134267173418617,True
C: lower external scores / higher credit-income ratio,POC0762,236729,Logistic regression,0.7709431373147472,0.22269987733762955,True
C: lower external scores / higher credit-income ratio,POC0763,85262,Logistic regression,0.8544833348307984,0.32915498466184395,True
C: lower external scores / higher credit-income ratio,POC0764,13420,Logistic regression,0.8868496291224541,0.39343588103496796,True
C: lower external scores / higher credit-income ratio,POC0765,15174,Logistic regression,0.6847678777036248,0.15798931009051725,False
C: lower external scores / higher credit-income ratio,POC0766,55769,Logistic regression,0.6255739407338313,0.1270827273998934,False
C: lower external scores / higher credit-income ratio,POC0767,64227,Logistic regression,0.45704150074694755,0.06980664671711186,False
C: lower external scores / higher credit-income ratio,POC0768,121958,Logistic regression,0.7210655327920729,0.18166791606772184,True
C: lower external scores / higher credit-income ratio,POC0769,5378,Logistic regression,0.5528992651793032,0.09815925834254971,False
C: lower external scores / higher credit-income ratio,POC0770,274173,Logistic regression,0.8906998156698288,0.40245642501317225,True
C: lower external scores / higher credit-income ratio,POC0771,306424,Logistic regression,0.8377529510460892,0.3023100187440036,True
C: lower external scores / higher credit-income ratio,POC0772,27394,Logistic regression,0.8175762938187623,0.27424543139215496,True
C: lower external scores / higher credit-income ratio,POC0773,288487,Logistic regression,0.6408540096250583,0.13430720453548695,False
C: lower external scores / higher credit-income ratio,POC0774,155153,Logistic regression,0.6536913820209409,0.14075367306109993,False
C: lower external scores / higher credit-income ratio,POC0775,198799,Logistic regression,0.8968833432274105,0.41769111419139326,True
C: lower external scores / higher credit-income ratio,POC0776,257062,Logistic regression,0.6111462922653086,0.12066959610128623,False
C: lower external scores / higher credit-income ratio,POC0777,21435,Logistic regression,0.4237638360778017,0.06178962516638829,False
C: lower external scores / higher credit-income ratio,POC0778,224429,Logistic regression,0.8800693463802947,0.3783481755989662,True
C: lower external scores / higher credit-income ratio,POC0779,83357,Logistic regression,0.8543773576032262,0.32897314489436674,True
C: lower external scores / higher credit-income ratio,POC0780,189909,Logistic regression,0.9297584647223509,0.5184043050492172,True
C: lower external scores / higher credit-income ratio,POC0781,275808,Logistic regression,0.8584500254004431,0.3360790161750002,True
C: lower external scores / higher credit-income ratio,POC0782,140407,Logistic regression,0.7355400120623627,0.19241915127301182,True
C: lower external scores / higher credit-income ratio,POC0783,79657,Logistic regression,0.8899534898024267,0.4006809464925104,True
C: lower external scores / higher credit-income ratio,POC0784,106834,Logistic regression,0.7913517259273045,0.24332447262122087,True
C: lower external scores / higher credit-income ratio,POC0785,273213,Logistic regression,0.6143984513335592,0.12208246606602287,False
C: lower external scores / higher credit-income ratio,POC0786,156939,Logistic regression,0.8060877176858121,0.26001241172556916,True
C: lower external scores / higher credit-income ratio,POC0787,50161,Logistic regression,0.1367445090238888,0.01471201637293802,False
C: lower external scores / higher credit-income ratio,POC0788,94024,Logistic regression,0.8635511449597989,0.34533436589241634,True
C: lower external scores / higher credit-income ratio,POC0789,20943,Logistic regression,0.8153052226358992,0.27133950709127364,True
C: lower external scores / higher credit-income ratio,POC0790,196856,Logistic regression,0.7489409236870576,0.20316199727126746,True
C: lower external scores / higher credit-income ratio,POC0791,169146,Logistic regression,0.4256920351879908,0.06223333449129013,False
C: lower external scores / higher credit-income ratio,POC0792,95011,Logistic regression,0.8322211696897005,0.2941872286624665,True
C: lower external scores / higher credit-income ratio,POC0793,219352,Logistic regression,0.888987722144557,0.3984028497625418,True
C: lower external scores / higher credit-income ratio,POC0794,287797,Logistic regression,0.9421243177149912,0.5679773664972605,True
C: lower external scores / higher credit-income ratio,POC0795,286554,Logistic regression,0.4684732566273862,0.0727487169415717,False
C: lower external scores / higher credit-income ratio,POC0796,266702,Logistic regression,0.8681209522792389,0.35398193238046555,True
C: lower external scores / higher credit-income ratio,POC0797,24703,Logistic regression,0.846194460850926,0.3154023769777312,True
C: lower external scores / higher credit-income ratio,POC0798,246684,Logistic regression,0.7311591593717941,0.18907635901385458,True
C: lower external scores / higher credit-income ratio,POC0799,22765,Logistic regression,0.8827863081573016,0.3842765926180315,True
C: lower external scores / higher credit-income ratio,POC0800,149948,Logistic regression,0.8455756626313239,0.31441248531899646,True
C: lower external scores / higher credit-income ratio,POC0801,57342,Logistic regression,0.6308506130890774,0.1295251459985759,False
C: lower external scores / higher credit-income ratio,POC0802,197162,Logistic regression,0.6263759480523353,0.12745049962935964,False
C: lower external scores / higher credit-income ratio,POC0803,236247,Logistic regression,0.8133192886523624,0.2688366859121467,True
C: lower external scores / higher credit-income ratio,POC0804,275522,Logistic regression,0.7714186377224975,0.22315109598677885,True
C: lower external scores / higher credit-income ratio,POC0805,134239,Logistic regression,0.8009202701971934,0.25397133297074237,True
C: lower external scores / higher credit-income ratio,POC0806,90949,Logistic regression,0.8865323668371636,0.39270767647484983,True
C: lower external scores / higher credit-income ratio,POC0807,216433,Logistic regression,0.6886322495338352,0.1603127900202197,False
C: lower external scores / higher credit-income ratio,POC0808,266388,Logistic regression,0.850207121630595,0.3219432759192219,True
C: lower external scores / higher credit-income ratio,POC0809,282235,Logistic regression,0.8815785180044026,0.3816222957272238,True
C: lower external scores / higher credit-income ratio,POC0810,12730,Logistic regression,0.840106228669556,0.30587250508690633,True
C: lower external scores / higher credit-income ratio,POC0811,305356,Logistic regression,0.6551884379729055,0.141529353667452,False
C: lower external scores / higher credit-income ratio,POC0812,138657,Logistic regression,0.8152174001505735,0.2712280787615161,True
C: lower external scores / higher credit-income ratio,POC0813,44682,Logistic regression,0.7339076618018417,0.19116425967181527,True
C: lower external scores / higher credit-income ratio,POC0814,295197,Logistic regression,0.9841118785734598,0.8271188870967263,True
C: lower external scores / higher credit-income ratio,POC0815,106758,Logistic regression,0.95022402674699,0.6053035451135859,True
C: lower external scores / higher credit-income ratio,POC0816,115518,Logistic regression,0.36701586822281407,0.04973619069448351,False
C: lower external scores / higher credit-income ratio,POC0817,63860,Logistic regression,0.6323127671107405,0.13021153846646819,False
C: lower external scores / higher credit-income ratio,POC0818,124791,Logistic regression,0.9374635395588037,0.5483339637382291,True
C: lower external scores / higher credit-income ratio,POC0819,138326,Logistic regression,0.8171861728484888,0.2737428886567474,True
C: lower external scores / higher credit-income ratio,POC0820,24762,Logistic regression,0.9617018887218304,0.6665461404135724,True
C: lower external scores / higher credit-income ratio,POC0821,31320,Logistic regression,0.7916982800690798,0.2436984424414673,True
C: lower external scores / higher credit-income ratio,POC0822,218418,Logistic regression,0.8457829169763033,0.31474348108845746,True
C: lower external scores / higher credit-income ratio,POC0823,266978,Logistic regression,0.7776797357630787,0.22921724855709677,True
C: lower external scores / higher credit-income ratio,POC0824,128869,Logistic regression,0.37991224524052997,0.052315629971912594,False
C: lower external scores / higher credit-income ratio,POC0825,122007,Logistic regression,0.5940952705901561,0.11355412880401063,False
C: lower external scores / higher credit-income ratio,POC0826,36461,Logistic regression,0.9537403759084057,0.6229296827984661,True
C: lower external scores / higher credit-income ratio,POC0827,32558,Logistic regression,0.5412645616197588,0.09421374133240609,False
C: lower external scores / higher credit-income ratio,POC0828,151640,Logistic regression,0.6107668356765413,0.12050594771881983,False
C: lower external scores / higher credit-income ratio,POC0829,83970,Logistic regression,0.5732250976466707,0.1054603841861146,False
C: lower external scores / higher credit-income ratio,POC0830,270290,Logistic regression,0.5236546092752565,0.08853766103820394,False
C: lower external scores / higher credit-income ratio,POC0831,1147,Logistic regression,0.9550682609073676,0.6298329386283432,True
C: lower external scores / higher credit-income ratio,POC0832,109840,Logistic regression,0.9219951828017778,0.49105404748723475,True
C: lower external scores / higher credit-income ratio,POC0833,8125,Logistic regression,0.8739041060296344,0.36544290608831836,True
C: lower external scores / higher credit-income ratio,POC0834,204576,Logistic regression,0.7516209013925949,0.20540956510374275,True
C: lower external scores / higher credit-income ratio,POC0835,246601,Logistic regression,0.9094837847919236,0.45195132429570056,True
C: lower external scores / higher credit-income ratio,POC0836,86326,Logistic regression,0.3611905792246681,0.04859924117680185,False
C: lower external scores / higher credit-income ratio,POC0837,25593,Logistic regression,0.8231938587078351,0.2816412727717963,True
C: lower external scores / higher credit-income ratio,POC0838,121095,Logistic regression,0.8948658339537444,0.41261498978618605,True
C: lower external scores / higher credit-income ratio,POC0839,268312,Logistic regression,0.8602610530143969,0.3393185281521451,True
C: lower external scores / higher credit-income ratio,POC0840,96438,Logistic regression,0.6248360053651633,0.12674541598437727,False
C: lower external scores / higher credit-income ratio,POC0841,299908,Logistic regression,0.823622013347602,0.2822174874104671,True
C: lower external scores / higher credit-income ratio,POC0842,149893,Logistic regression,0.8938853462825868,0.41018554720464195,True
C: lower external scores / higher credit-income ratio,POC0843,22985,Logistic regression,0.8967086506423279,0.4172474136212156,True
C: lower external scores / higher credit-income ratio,POC0844,278535,Logistic regression,0.48707123487158194,0.07776183461641499,False
C: lower external scores / higher credit-income ratio,POC0845,32389,Logistic regression,0.6243880647666528,0.1265411642075521,False
C: lower external scores / higher credit-income ratio,POC0846,182503,Logistic regression,0.9281539295995852,0.5125344639503797,True
C: lower external scores / higher credit-income ratio,POC0847,18786,Logistic regression,0.9282838519717512,0.5130053788072089,True
C: lower external scores / higher credit-income ratio,POC0848,196887,Logistic regression,0.6781252977982579,0.15409402485610177,False
C: lower external scores / higher credit-income ratio,POC0849,192481,Logistic regression,0.9439046980019791,0.5758185518448621,True
C: lower external scores / higher credit-income ratio,POC0850,40156,Logistic regression,0.7261320268150158,0.18533673201703577,True
C: lower external scores / higher credit-income ratio,POC0851,303818,Logistic regression,0.762462437121297,0.21486659674814035,True
C: lower external scores / higher credit-income ratio,POC0852,130068,Logistic regression,0.7502078798569356,0.2042202368766703,True
C: lower external scores / higher credit-income ratio,POC0853,68857,Logistic regression,0.9632400180589192,0.6756326285721751,True
C: lower external scores / higher credit-income ratio,POC0854,131049,Logistic regression,0.2852874466345792,0.035199381942544794,False
C: lower external scores / higher credit-income ratio,POC0855,277981,Logistic regression,0.9359646545966199,0.5422737226655678,True
C: lower external scores / higher credit-income ratio,POC0856,63973,Logistic regression,0.7526170299486589,0.2062538181124184,True
C: lower external scores / higher credit-income ratio,POC0857,199102,Logistic regression,0.7294627968757055,0.18780314063279546,True
C: lower external scores / higher credit-income ratio,POC0858,93189,Logistic regression,0.9661753857648832,0.6936327943792119,True
C: lower external scores / higher credit-income ratio,POC0859,88701,Logistic regression,0.9204740101142775,0.485990499818749,True
C: lower external scores / higher credit-income ratio,POC0860,56398,Logistic regression,0.7646927482326753,0.21688811199167785,True
C: lower external scores / higher credit-income ratio,POC0861,237176,Logistic regression,0.7617054794599457,0.21418657944801478,True
C: lower external scores / higher credit-income ratio,POC0862,139701,Logistic regression,0.3793078390572658,0.052192772460017314,False
C: lower external scores / higher credit-income ratio,POC0863,132018,Logistic regression,0.7414005348992422,0.19701851354294844,True
C: lower external scores / higher credit-income ratio,POC0864,43600,Logistic regression,0.9590430348189253,0.6513655146666824,True
C: lower external scores / higher credit-income ratio,POC0865,56612,Logistic regression,0.9369685759519665,0.5463194033806023,True
C: lower external scores / higher credit-income ratio,POC0866,288672,Logistic regression,0.7692432312385136,0.22109743280629818,True
C: lower external scores / higher credit-income ratio,POC0867,117788,Logistic regression,0.6605450870417825,0.14434759366379607,False
C: lower external scores / higher credit-income ratio,POC0868,230412,Logistic regression,0.9068906596804462,0.4445162593507666,True
C: lower external scores / higher credit-income ratio,POC0869,146770,Logistic regression,0.9544825009887689,0.6267704917356438,True
C: lower external scores / higher credit-income ratio,POC0870,194887,Logistic regression,0.8814357569079597,0.3813105691813332,True
C: lower external scores / higher credit-income ratio,POC0871,220695,Logistic regression,0.8039903259613062,0.25753471075562095,True
C: lower external scores / higher credit-income ratio,POC0872,9349,Logistic regression,0.7327157764001611,0.19025501421425367,True
C: lower external scores / higher credit-income ratio,POC0873,275169,Logistic regression,0.7011677307756758,0.1681572902536874,True
C: lower external scores / higher credit-income ratio,POC0874,305450,Logistic regression,0.9594720672941006,0.6537713616302505,True
C: lower external scores / higher credit-income ratio,POC0875,223172,Logistic regression,0.8935610900872619,0.4093874126250276,True
C: lower external scores / higher credit-income ratio,POC0876,291575,Logistic regression,0.9474253510528692,0.5919144674628294,True
C: lower external scores / higher credit-income ratio,POC0877,199474,Logistic regression,0.7881919375250843,0.2399533717223303,True
C: lower external scores / higher credit-income ratio,POC0878,129836,Logistic regression,0.5318310959649791,0.09113047975937319,False
C: lower external scores / higher credit-income ratio,POC0879,50055,Logistic regression,0.7883648783463046,0.2401360955806147,True
C: lower external scores / higher credit-income ratio,POC0880,298358,Logistic regression,0.9656801255207215,0.6905328994022926,True
C: lower external scores / higher credit-income ratio,POC0881,15930,Logistic regression,0.4948692070250164,0.07995260636930653,False
C: lower external scores / higher credit-income ratio,POC0882,87121,Logistic regression,0.47694557221349826,0.0749964970022352,False
C: lower external scores / higher credit-income ratio,POC0883,237610,Logistic regression,0.9078342753654698,0.44719733692408015,True
C: lower external scores / higher credit-income ratio,POC0884,257715,Logistic regression,0.6520841328963504,0.13992659768956855,False
C: lower external scores / higher credit-income ratio,POC0885,132007,Logistic regression,0.8822258489569084,0.38304110035249295,True
C: lower external scores / higher credit-income ratio,POC0886,147454,Logistic regression,0.04342690040118584,0.004441751368161541,False
C: lower external scores / higher credit-income ratio,POC0887,132068,Logistic regression,0.8891300381485857,0.39873718543199527,True
C: lower external scores / higher credit-income ratio,POC0888,175858,Logistic regression,0.0684516456475486,0.007056219315925216,False
C: lower external scores / higher credit-income ratio,POC0889,74062,Logistic regression,0.8184473929474825,0.27537265685444023,True
C: lower external scores / higher credit-income ratio,POC0890,33816,Logistic regression,0.9337216929837573,0.5334254581071495,True
C: lower external scores / higher credit-income ratio,POC0891,111512,Logistic regression,0.6419367472257788,0.13483714820526393,False
C: lower external scores / higher credit-income ratio,POC0892,272856,Logistic regression,0.9032395163978479,0.4343971276785484,True
C: lower external scores / higher credit-income ratio,POC0893,262812,Logistic regression,0.9671161728540469,0.699594094410198,True
C: lower external scores / higher credit-income ratio,POC0894,121365,Logistic regression,0.4147045063670438,0.05973708286387377,False
C: lower external scores / higher credit-income ratio,POC0895,227622,Logistic regression,0.8814575249189249,0.3813580734988962,True
C: lower external scores / higher credit-income ratio,POC0896,174709,Logistic regression,0.8716010365640517,0.36080688485899354,True
C: lower external scores / higher credit-income ratio,POC0897,58040,Logistic regression,0.9446517733895565,0.5791673337440303,True
C: lower external scores / higher credit-income ratio,POC0898,216675,Logistic regression,0.9483382691954265,0.5962221858466745,True
C: lower external scores / higher credit-income ratio,POC0899,258011,Logistic regression,0.6881447492989585,0.1600172939596092,False
C: lower external scores / higher credit-income ratio,POC0900,208258,Logistic regression,0.9176489992284601,0.47682512683559214,True
A: higher external scores / lower credit-income ratio,POC0001,14343,Explainable Boosting Machine,0.1783824931792757,0.02019047531019414,False
A: higher external scores / lower credit-income ratio,POC0002,94529,Explainable Boosting Machine,0.15338560035525944,0.017002627407813328,False
A: higher external scores / lower credit-income ratio,POC0003,26833,Explainable Boosting Machine,0.2438211790700587,0.029328147710161574,False
A: higher external scores / lower credit-income ratio,POC0004,101924,Explainable Boosting Machine,0.17045126896855173,0.019162482067617514,False
A: higher external scores / lower credit-income ratio,POC0005,281182,Explainable Boosting Machine,0.32746608509121733,0.04308247131164738,False
A: higher external scores / lower credit-income ratio,POC0006,208806,Explainable Boosting Machine,0.06743001626286504,0.007060989381778647,False
A: higher external scores / lower credit-income ratio,POC0007,190054,Explainable Boosting Machine,0.14788593142037532,0.01632116719068308,False
A: higher external scores / lower credit-income ratio,POC0008,259619,Explainable Boosting Machine,0.15178871484385612,0.016804043115813433,False
A: higher external scores / lower credit-income ratio,POC0009,292744,Explainable Boosting Machine,0.2748497394866099,0.03412568620719723,False
A: higher external scores / lower credit-income ratio,POC0010,225433,Explainable Boosting Machine,0.08712417927094145,0.009216722651290511,False
A: higher external scores / lower credit-income ratio,POC0011,106133,Explainable Boosting Machine,0.13909192067725884,0.015245701863069533,False
A: higher external scores / lower credit-income ratio,POC0012,229934,Explainable Boosting Machine,0.14420724932267215,0.01586918210071317,False
A: higher external scores / lower credit-income ratio,POC0013,204931,Explainable Boosting Machine,0.1015633246332218,0.010839479022913968,False
A: higher external scores / lower credit-income ratio,POC0014,212950,Explainable Boosting Machine,0.16747751255296547,0.018781071984259087,False
A: higher external scores / lower credit-income ratio,POC0015,162299,Explainable Boosting Machine,0.14520221917589818,0.0159911297656127,False
A: higher external scores / lower credit-income ratio,POC0016,180508,Explainable Boosting Machine,0.06820794443536853,0.007144964195829488,False
A: higher external scores / lower credit-income ratio,POC0017,305767,Explainable Boosting Machine,0.09428410264970775,0.010016704726877617,False
A: higher external scores / lower credit-income ratio,POC0018,56063,Explainable Boosting Machine,0.16340286113971486,0.018261964903826564,False
A: higher external scores / lower credit-income ratio,POC0019,50510,Explainable Boosting Machine,0.1207991528472972,0.013062209110299625,False
A: higher external scores / lower credit-income ratio,POC0020,287354,Explainable Boosting Machine,0.11239710501066809,0.012082442715261299,False
A: higher external scores / lower credit-income ratio,POC0021,128424,Explainable Boosting Machine,0.1985466401388696,0.02287715034032262,False
A: higher external scores / lower credit-income ratio,POC0022,279243,Explainable Boosting Machine,0.1138853137582233,0.012254959352782313,False
A: higher external scores / lower credit-income ratio,POC0023,285761,Explainable Boosting Machine,0.17607102628008628,0.019889247206957183,False
A: higher external scores / lower credit-income ratio,POC0024,4692,Explainable Boosting Machine,0.1563688313500108,0.017375199012712582,False
A: higher external scores / lower credit-income ratio,POC0025,144922,Explainable Boosting Machine,0.19411275934218142,0.022277112755038797,False
A: higher external scores / lower credit-income ratio,POC0026,70419,Explainable Boosting Machine,0.08276592997699908,0.008734144939308592,False
A: higher external scores / lower credit-income ratio,POC0027,112460,Explainable Boosting Machine,0.10068002008670356,0.010739118304173205,False
A: higher external scores / lower credit-income ratio,POC0028,44983,Explainable Boosting Machine,0.10525347249588578,0.011260334301969243,False
A: higher external scores / lower credit-income ratio,POC0029,123890,Explainable Boosting Machine,0.13914204259303728,0.015251782946841841,False
A: higher external scores / lower credit-income ratio,POC0030,372,Explainable Boosting Machine,0.2155206661519881,0.025224756573377846,False
A: higher external scores / lower credit-income ratio,POC0031,138704,Explainable Boosting Machine,0.1111073913485017,0.011933287645668408,False
A: higher external scores / lower credit-income ratio,POC0032,152894,Explainable Boosting Machine,0.12468718458860353,0.013520424007502823,False
A: higher external scores / lower credit-income ratio,POC0033,22520,Explainable Boosting Machine,0.07750111527249601,0.008155459243766408,False
A: higher external scores / lower credit-income ratio,POC0034,36968,Explainable Boosting Machine,0.09937581509942259,0.010591199995081658,False
A: higher external scores / lower credit-income ratio,POC0035,90871,Explainable Boosting Machine,0.08882996196019674,0.009406491416446323,False
A: higher external scores / lower credit-income ratio,POC0036,153653,Explainable Boosting Machine,0.08520838638378356,0.009004191149598561,False
A: higher external scores / lower credit-income ratio,POC0037,188807,Explainable Boosting Machine,0.12331030047673619,0.013357799657960086,False
A: higher external scores / lower credit-income ratio,POC0038,259279,Explainable Boosting Machine,0.11878407027450621,0.01282593949763422,False
A: higher external scores / lower credit-income ratio,POC0039,75254,Explainable Boosting Machine,0.15324630173015005,0.01698528115091104,False
A: higher external scores / lower credit-income ratio,POC0040,115899,Explainable Boosting Machine,0.25472476225997276,0.030976703768146895,False
A: higher external scores / lower credit-income ratio,POC0041,68788,Explainable Boosting Machine,0.08976946007559913,0.00951122789840858,False
A: higher external scores / lower credit-income ratio,POC0042,222804,Explainable Boosting Machine,0.08348103531089293,0.008813104355737148,False
A: higher external scores / lower credit-income ratio,POC0043,235973,Explainable Boosting Machine,0.1336293567336224,0.014586228256021532,False
A: higher external scores / lower credit-income ratio,POC0044,305096,Explainable Boosting Machine,0.04905403986947554,0.005102851314416375,False
A: higher external scores / lower credit-income ratio,POC0045,122081,Explainable Boosting Machine,0.2379849939901537,0.02846162732318407,False
A: higher external scores / lower credit-income ratio,POC0046,122584,Explainable Boosting Machine,0.14255969246422695,0.015667736977492724,False
A: higher external scores / lower credit-income ratio,POC0047,139941,Explainable Boosting Machine,0.13248774846860317,0.014449219577906864,False
A: higher external scores / lower credit-income ratio,POC0048,5639,Explainable Boosting Machine,0.1593706350473656,0.017752194559976755,False
A: higher external scores / lower credit-income ratio,POC0049,82516,Explainable Boosting Machine,0.05273492502740909,0.005491361328383872,False
A: higher external scores / lower credit-income ratio,POC0050,269078,Explainable Boosting Machine,0.10118632842923275,0.010796627082647071,False
A: higher external scores / lower credit-income ratio,POC0051,241319,Explainable Boosting Machine,0.17689072883237322,0.01999591529496788,False
A: higher external scores / lower credit-income ratio,POC0052,217048,Explainable Boosting Machine,0.10268904798980738,0.010967594426595687,False
A: higher external scores / lower credit-income ratio,POC0053,108055,Explainable Boosting Machine,0.19620115650270958,0.022559070796984763,False
A: higher external scores / lower credit-income ratio,POC0054,191254,Explainable Boosting Machine,0.14928370189330054,0.016493708020190772,False
A: higher external scores / lower credit-income ratio,POC0055,210348,Explainable Boosting Machine,0.12743492905079157,0.013846135280821356,False
A: higher external scores / lower credit-income ratio,POC0056,274216,Explainable Boosting Machine,0.05768201681441083,0.006016354136380316,False
A: higher external scores / lower credit-income ratio,POC0057,109684,Explainable Boosting Machine,0.10708880813978405,0.011470611609167444,False
A: higher external scores / lower credit-income ratio,POC0058,120159,Explainable Boosting Machine,0.16242460844143375,0.018137933159531827,False
A: higher external scores / lower credit-income ratio,POC0059,91040,Explainable Boosting Machine,0.09862456913904373,0.01050613906439337,False
A: higher external scores / lower credit-income ratio,POC0060,165729,Explainable Boosting Machine,0.11269102101200308,0.012116479620954353,False
A: higher external scores / lower credit-income ratio,POC0061,127775,Explainable Boosting Machine,0.10628561617655084,0.011378509556566371,False
A: higher external scores / lower credit-income ratio,POC0062,89528,Explainable Boosting Machine,0.08355243873438001,0.008820993230875988,False
A: higher external scores / lower credit-income ratio,POC0063,180150,Explainable Boosting Machine,0.3273106126593773,0.04305431457075602,False
A: higher external scores / lower credit-income ratio,POC0064,70842,Explainable Boosting Machine,0.05651174956569501,0.005891861302706841,False
A: higher external scores / lower credit-income ratio,POC0065,47668,Explainable Boosting Machine,0.13897647101257762,0.015231696929547268,False
A: higher external scores / lower credit-income ratio,POC0066,247508,Explainable Boosting Machine,0.18845832486185832,0.021519569178214747,False
A: higher external scores / lower credit-income ratio,POC0067,102323,Explainable Boosting Machine,0.10695081505439076,0.011454779157895474,False
A: higher external scores / lower credit-income ratio,POC0068,173796,Explainable Boosting Machine,0.14190147053994756,0.015587425656119066,False
A: higher external scores / lower credit-income ratio,POC0069,156684,Explainable Boosting Machine,0.1639046382217338,0.018325674016681996,False
A: higher external scores / lower credit-income ratio,POC0070,144905,Explainable Boosting Machine,0.09157662574091859,0.009713130150935393,False
A: higher external scores / lower credit-income ratio,POC0071,229123,Explainable Boosting Machine,0.026702831788279098,0.0027764607383903555,False
A: higher external scores / lower credit-income ratio,POC0072,218412,Explainable Boosting Machine,0.23503574807317937,0.028027851544455,False
A: higher external scores / lower credit-income ratio,POC0073,70382,Explainable Boosting Machine,0.13736811658068737,0.015036894241092495,False
A: higher external scores / lower credit-income ratio,POC0074,124028,Explainable Boosting Machine,0.08591822599333124,0.009082864581089412,False
A: higher external scores / lower credit-income ratio,POC0075,186554,Explainable Boosting Machine,0.21847559172936976,0.02564187097937447,False
A: higher external scores / lower credit-income ratio,POC0076,176407,Explainable Boosting Machine,0.22107312924545194,0.026010658729612165,False
A: higher external scores / lower credit-income ratio,POC0077,139785,Explainable Boosting Machine,0.2543040980584955,0.03091237081372612,False
A: higher external scores / lower credit-income ratio,POC0078,70870,Explainable Boosting Machine,0.16526712616433217,0.018498971371903136,False
A: higher external scores / lower credit-income ratio,POC0079,258040,Explainable Boosting Machine,0.1414135872617056,0.01552795975303819,False
A: higher external scores / lower credit-income ratio,POC0080,36357,Explainable Boosting Machine,0.08782917014060873,0.00929509165954512,False
A: higher external scores / lower credit-income ratio,POC0081,225837,Explainable Boosting Machine,0.3455575360458291,0.04643387805772184,False
A: higher external scores / lower credit-income ratio,POC0082,63803,Explainable Boosting Machine,0.09728356375739772,0.010354559650438465,False
A: higher external scores / lower credit-income ratio,POC0083,33926,Explainable Boosting Machine,0.15678298105904606,0.01742708587155867,False
A: higher external scores / lower credit-income ratio,POC0084,260863,Explainable Boosting Machine,0.10512245017195745,0.01124534739902639,False
A: higher external scores / lower credit-income ratio,POC0085,131737,Explainable Boosting Machine,0.20843095409124593,0.024234297425080754,False
A: higher external scores / lower credit-income ratio,POC0086,58955,Explainable Boosting Machine,0.09967904625976136,0.010625563296195259,False
A: higher external scores / lower credit-income ratio,POC0087,183690,Explainable Boosting Machine,0.0793296731515183,0.008355924627853433,False
A: higher external scores / lower credit-income ratio,POC0088,156774,Explainable Boosting Machine,0.27580259172638866,0.03427833384746808,False
A: higher external scores / lower credit-income ratio,POC0089,278903,Explainable Boosting Machine,0.2082092966026313,0.02420356294038226,False
A: higher external scores / lower credit-income ratio,POC0090,259414,Explainable Boosting Machine,0.281541950071202,0.03520480932025262,False
A: higher external scores / lower credit-income ratio,POC0091,63171,Explainable Boosting Machine,0.31200215171279644,0.04033332182502928,False
A: higher external scores / lower credit-income ratio,POC0092,92840,Explainable Boosting Machine,0.12313928398872126,0.01333762808973404,False
A: higher external scores / lower credit-income ratio,POC0093,42939,Explainable Boosting Machine,0.14237784013249766,0.01564553910198046,False
A: higher external scores / lower credit-income ratio,POC0094,265489,Explainable Boosting Machine,0.13014420232991195,0.014168832270098226,False
A: higher external scores / lower credit-income ratio,POC0095,32897,Explainable Boosting Machine,0.10348285664492951,0.011058078451928797,False
A: higher external scores / lower credit-income ratio,POC0096,171309,Explainable Boosting Machine,0.16759625809085346,0.01879626057232788,False
A: higher external scores / lower credit-income ratio,POC0097,220505,Explainable Boosting Machine,0.31967601332475204,0.04168470680588274,False
A: higher external scores / lower credit-income ratio,POC0098,209627,Explainable Boosting Machine,0.06037070818741489,0.006303105503816139,False
A: higher external scores / lower credit-income ratio,POC0099,239357,Explainable Boosting Machine,0.07580975524410231,0.007970522163233653,False
A: higher external scores / lower credit-income ratio,POC0100,180250,Explainable Boosting Machine,0.09852023521400244,0.010494333923819758,False
A: higher external scores / lower credit-income ratio,POC0101,305932,Explainable Boosting Machine,0.16799773350522032,0.018847638297511154,False
A: higher external scores / lower credit-income ratio,POC0102,102415,Explainable Boosting Machine,0.12908995450091215,0.014043079031258617,False
A: higher external scores / lower credit-income ratio,POC0103,202927,Explainable Boosting Machine,0.14818852045204037,0.01635848112790648,False
A: higher external scores / lower credit-income ratio,POC0104,295675,Explainable Boosting Machine,0.2348071260662171,0.02799433974319831,False
A: higher external scores / lower credit-income ratio,POC0105,3772,Explainable Boosting Machine,0.3399230580324099,0.045373894661366904,False
A: higher external scores / lower credit-income ratio,POC0106,243150,Explainable Boosting Machine,0.3917408348383969,0.05572536936895658,False
A: higher external scores / lower credit-income ratio,POC0107,248501,Explainable Boosting Machine,0.1756069627377373,0.019828933643292603,False
A: higher external scores / lower credit-income ratio,POC0108,282681,Explainable Boosting Machine,0.13312970473107352,0.014526228830008679,False
A: higher external scores / lower credit-income ratio,POC0109,257081,Explainable Boosting Machine,0.13835214441495577,0.015156011861332065,False
A: higher external scores / lower credit-income ratio,POC0110,102468,Explainable Boosting Machine,0.29845665639926233,0.03800748301769843,False
A: higher external scores / lower credit-income ratio,POC0111,214137,Explainable Boosting Machine,0.12853557985797376,0.013977045832966958,False
A: higher external scores / lower credit-income ratio,POC0112,200185,Explainable Boosting Machine,0.18835215305843223,0.02150542622387502,False
A: higher external scores / lower credit-income ratio,POC0113,273544,Explainable Boosting Machine,0.20945216629761773,0.02437607648535107,False
A: higher external scores / lower credit-income ratio,POC0114,273140,Explainable Boosting Machine,0.15901534311539292,0.017707462639493726,False
A: higher external scores / lower credit-income ratio,POC0115,6805,Explainable Boosting Machine,0.1946322218475082,0.0223471361520058,False
A: higher external scores / lower credit-income ratio,POC0116,306136,Explainable Boosting Machine,0.18781991929797298,0.021434573111804925,False
A: higher external scores / lower credit-income ratio,POC0117,57720,Explainable Boosting Machine,0.1596442625787594,0.01778666516386817,False
A: higher external scores / lower credit-income ratio,POC0118,278139,Explainable Boosting Machine,0.11157750260624784,0.011987618218619182,False
A: higher external scores / lower credit-income ratio,POC0119,28733,Explainable Boosting Machine,0.2574324935240881,0.03139223010524476,False
A: higher external scores / lower credit-income ratio,POC0120,238601,Explainable Boosting Machine,0.16556889150715295,0.01853741420680415,False
A: higher external scores / lower credit-income ratio,POC0121,241724,Explainable Boosting Machine,0.050519366202054876,0.005257303996211418,False
A: higher external scores / lower credit-income ratio,POC0122,171743,Explainable Boosting Machine,0.1345196381411438,0.014693268173057413,False
A: higher external scores / lower credit-income ratio,POC0123,253011,Explainable Boosting Machine,0.16533681878391018,0.018507847773874292,False
A: higher external scores / lower credit-income ratio,POC0124,297783,Explainable Boosting Machine,0.13403492162431987,0.014634968836161848,False
A: higher external scores / lower credit-income ratio,POC0125,21579,Explainable Boosting Machine,0.07003123621228316,0.007342147216219562,False
A: higher external scores / lower credit-income ratio,POC0126,23964,Explainable Boosting Machine,0.12424048484021778,0.013467621262629164,False
A: higher external scores / lower credit-income ratio,POC0127,131196,Explainable Boosting Machine,0.1382981368098196,0.015149468702289474,False
A: higher external scores / lower credit-income ratio,POC0128,51277,Explainable Boosting Machine,0.31705614581278524,0.04122053213164323,False
A: higher external scores / lower credit-income ratio,POC0129,172683,Explainable Boosting Machine,0.27182159950442314,0.03364275440572145,False
A: higher external scores / lower credit-income ratio,POC0130,233597,Explainable Boosting Machine,0.09098867059176917,0.009647378583959558,False
A: higher external scores / lower credit-income ratio,POC0131,222818,Explainable Boosting Machine,0.12931733334308892,0.014070181501986091,False
A: higher external scores / lower credit-income ratio,POC0132,281506,Explainable Boosting Machine,0.09106740241458872,0.009656179684455781,False
A: higher external scores / lower credit-income ratio,POC0133,77011,Explainable Boosting Machine,0.23155865054009495,0.027519930838706425,False
A: higher external scores / lower credit-income ratio,POC0134,296587,Explainable Boosting Machine,0.10527648799546666,0.011262967251486582,False
A: higher external scores / lower credit-income ratio,POC0135,111967,Explainable Boosting Machine,0.07979714874574421,0.00840726271729195,False
A: higher external scores / lower credit-income ratio,POC0136,246331,Explainable Boosting Machine,0.1818434299921427,0.020644044853073282,False
A: higher external scores / lower credit-income ratio,POC0137,83901,Explainable Boosting Machine,0.19045255055661744,0.021785770270238314,False
A: higher external scores / lower credit-income ratio,POC0138,43423,Explainable Boosting Machine,0.14316404028462149,0.01574155973877995,False
A: higher external scores / lower credit-income ratio,POC0139,4795,Explainable Boosting Machine,0.2058836864262488,0.023881937302239246,False
A: higher external scores / lower credit-income ratio,POC0140,73450,Explainable Boosting Machine,0.19977995635439588,0.02304500817053828,False
A: higher external scores / lower credit-income ratio,POC0141,148307,Explainable Boosting Machine,0.13748442278750148,0.01505096223116478,False
A: higher external scores / lower credit-income ratio,POC0142,10564,Explainable Boosting Machine,0.18537376803289768,0.02110988826805475,False
A: higher external scores / lower credit-income ratio,POC0143,295869,Explainable Boosting Machine,0.21086099991142188,0.024572158438177377,False
A: higher external scores / lower credit-income ratio,POC0144,192847,Explainable Boosting Machine,0.2596171636845118,0.03172930154316399,False
A: higher external scores / lower credit-income ratio,POC0145,211192,Explainable Boosting Machine,0.17333350101081987,0.019534237116551806,False
A: higher external scores / lower credit-income ratio,POC0146,156187,Explainable Boosting Machine,0.07923955714793103,0.00834603226620435,False
A: higher external scores / lower credit-income ratio,POC0147,18847,Explainable Boosting Machine,0.1981430542478828,0.022822311675638147,False
A: higher external scores / lower credit-income ratio,POC0148,258327,Explainable Boosting Machine,0.15242029888298286,0.016882514792389655,False
A: higher external scores / lower credit-income ratio,POC0149,50386,Explainable Boosting Machine,0.254902348939855,0.03100388028152467,False
A: higher external scores / lower credit-income ratio,POC0150,117743,Explainable Boosting Machine,0.12081712904346914,0.013064320537079673,False
A: higher external scores / lower credit-income ratio,POC0151,82020,Explainable Boosting Machine,0.20521558685403032,0.023789822682144596,False
A: higher external scores / lower credit-income ratio,POC0152,41141,Explainable Boosting Machine,0.07522704025990513,0.007906914306359763,False
A: higher external scores / lower credit-income ratio,POC0153,158665,Explainable Boosting Machine,0.07924378262956112,0.008346496082670105,False
A: higher external scores / lower credit-income ratio,POC0154,249190,Explainable Boosting Machine,0.10923007809492757,0.011716756213143742,False
A: higher external scores / lower credit-income ratio,POC0155,117485,Explainable Boosting Machine,0.273126224316312,0.033850412728768084,False
A: higher external scores / lower credit-income ratio,POC0156,45546,Explainable Boosting Machine,0.05597171153922146,0.00583447606391146,False
A: higher external scores / lower credit-income ratio,POC0157,53302,Explainable Boosting Machine,0.27429935379216547,0.03403766398502522,False
A: higher external scores / lower credit-income ratio,POC0158,41703,Explainable Boosting Machine,0.15445691336087303,0.01713618377530934,False
A: higher external scores / lower credit-income ratio,POC0159,139285,Explainable Boosting Machine,0.20043243500326677,0.023133981424742187,False
A: higher external scores / lower credit-income ratio,POC0160,53694,Explainable Boosting Machine,0.13467495461074575,0.01471195957314829,False
A: higher external scores / lower credit-income ratio,POC0161,159555,Explainable Boosting Machine,0.20112623737783525,0.023228718403464663,False
A: higher external scores / lower credit-income ratio,POC0162,236729,Explainable Boosting Machine,0.15112357074648688,0.016721501021781302,False
A: higher external scores / lower credit-income ratio,POC0163,85262,Explainable Boosting Machine,0.1288068516649681,0.014009349741337742,False
A: higher external scores / lower credit-income ratio,POC0164,13420,Explainable Boosting Machine,0.21097896995307128,0.02458860329457568,False
A: higher external scores / lower credit-income ratio,POC0165,15174,Explainable Boosting Machine,0.06753620425820199,0.0070724465814695865,False
A: higher external scores / lower credit-income ratio,POC0166,55769,Explainable Boosting Machine,0.08239303521656617,0.008693005521864429,False
A: higher external scores / lower credit-income ratio,POC0167,64227,Explainable Boosting Machine,0.039296351489644804,0.0040809601627988775,False
A: higher external scores / lower credit-income ratio,POC0168,121958,Explainable Boosting Machine,0.15293739108917778,0.01694682986439965,False
A: higher external scores / lower credit-income ratio,POC0169,5378,Explainable Boosting Machine,0.11256970873086113,0.012102429012000713,False
A: higher external scores / lower credit-income ratio,POC0170,274173,Explainable Boosting Machine,0.27341408521219285,0.03389631422681388,False
A: higher external scores / lower credit-income ratio,POC0171,306424,Explainable Boosting Machine,0.09054406254898734,0.009597698290761675,False
A: higher external scores / lower credit-income ratio,POC0172,27394,Explainable Boosting Machine,0.08901760082071924,0.00942739727770017,False
A: higher external scores / lower credit-income ratio,POC0173,288487,Explainable Boosting Machine,0.16908179838733503,0.018986565758486146,False
A: higher external scores / lower credit-income ratio,POC0174,155153,Explainable Boosting Machine,0.07306717863784559,0.007671624516573081,False
A: higher external scores / lower credit-income ratio,POC0175,198799,Explainable Boosting Machine,0.2277578754219983,0.026968997398981728,False
A: higher external scores / lower credit-income ratio,POC0176,257062,Explainable Boosting Machine,0.10277248763279141,0.010977099908458314,False
A: higher external scores / lower credit-income ratio,POC0177,21435,Explainable Boosting Machine,0.1058944716599275,0.01133370160632973,False
A: higher external scores / lower credit-income ratio,POC0178,224429,Explainable Boosting Machine,0.2654865744917233,0.03264301844393092,False
A: higher external scores / lower credit-income ratio,POC0179,83357,Explainable Boosting Machine,0.2224840410046951,0.026211813329524613,False
A: higher external scores / lower credit-income ratio,POC0180,189909,Explainable Boosting Machine,0.25697588263270044,0.03132198510319499,False
A: higher external scores / lower credit-income ratio,POC0181,275808,Explainable Boosting Machine,0.15081002531739338,0.016682626362053216,False
A: higher external scores / lower credit-income ratio,POC0182,140407,Explainable Boosting Machine,0.14132004330623946,0.015516564118065436,False
A: higher external scores / lower credit-income ratio,POC0183,79657,Explainable Boosting Machine,0.2719006362509894,0.033655317374535414,False
A: higher external scores / lower credit-income ratio,POC0184,106834,Explainable Boosting Machine,0.08159193869832873,0.008604704211975338,False
A: higher external scores / lower credit-income ratio,POC0185,273213,Explainable Boosting Machine,0.1264571304516527,0.01373004923720214,False
A: higher external scores / lower credit-income ratio,POC0186,156939,Explainable Boosting Machine,0.2723029761912855,0.03371930442377585,False
A: higher external scores / lower credit-income ratio,POC0187,50161,Explainable Boosting Machine,0.08480421731036353,0.00895943462244828,False
A: higher external scores / lower credit-income ratio,POC0188,94024,Explainable Boosting Machine,0.11992237346050082,0.01295930510152036,False
A: higher external scores / lower credit-income ratio,POC0189,20943,Explainable Boosting Machine,0.17840949384771743,0.020194002016199763,False
A: higher external scores / lower credit-income ratio,POC0190,196856,Explainable Boosting Machine,0.07610822738709262,0.00800312398233673,False
A: higher external scores / lower credit-income ratio,POC0191,169146,Explainable Boosting Machine,0.09874531511349341,0.010519803690715325,False
A: higher external scores / lower credit-income ratio,POC0192,95011,Explainable Boosting Machine,0.14426283604178375,0.01587598919558446,False
A: higher external scores / lower credit-income ratio,POC0193,219352,Explainable Boosting Machine,0.24887026688354202,0.030086671545929696,False
A: higher external scores / lower credit-income ratio,POC0194,287797,Explainable Boosting Machine,0.2881090751047453,0.036279939256608766,False
A: higher external scores / lower credit-income ratio,POC0195,286554,Explainable Boosting Machine,0.12833045949487532,0.013952629714462648,False
A: higher external scores / lower credit-income ratio,POC0196,266702,Explainable Boosting Machine,0.1378483900475939,0.015095005472982653,False
A: higher external scores / lower credit-income ratio,POC0197,24703,Explainable Boosting Machine,0.16729879810538423,0.01875821934172826,False
A: higher external scores / lower credit-income ratio,POC0198,246684,Explainable Boosting Machine,0.11772556205369841,0.012702157367744217,False
A: higher external scores / lower credit-income ratio,POC0199,22765,Explainable Boosting Machine,0.2459436116062599,0.029645988577510315,False
A: higher external scores / lower credit-income ratio,POC0200,149948,Explainable Boosting Machine,0.2051205750782827,0.02377673305341983,False
A: higher external scores / lower credit-income ratio,POC0201,57342,Explainable Boosting Machine,0.17531153812345024,0.019790566042163713,False
A: higher external scores / lower credit-income ratio,POC0202,197162,Explainable Boosting Machine,0.052168175091406976,0.0054314272796270125,False
A: higher external scores / lower credit-income ratio,POC0203,236247,Explainable Boosting Machine,0.2573504909690199,0.03137960962289821,False
A: higher external scores / lower credit-income ratio,POC0204,275522,Explainable Boosting Machine,0.23309880223126594,0.02774444675249811,False
A: higher external scores / lower credit-income ratio,POC0205,134239,Explainable Boosting Machine,0.13326202764151385,0.014542113280321328,False
A: higher external scores / lower credit-income ratio,POC0206,90949,Explainable Boosting Machine,0.12188329487256228,0.013189666745490724,False
A: higher external scores / lower credit-income ratio,POC0207,216433,Explainable Boosting Machine,0.06257656993038226,0.0065391360881404586,False
A: higher external scores / lower credit-income ratio,POC0208,266388,Explainable Boosting Machine,0.14468371060173554,0.015927551514346546,False
A: higher external scores / lower credit-income ratio,POC0209,282235,Explainable Boosting Machine,0.27649641179484463,0.034389692012173664,False
A: higher external scores / lower credit-income ratio,POC0210,12730,Explainable Boosting Machine,0.27070077161235984,0.033464838304796435,False
A: higher external scores / lower credit-income ratio,POC0211,305356,Explainable Boosting Machine,0.11489121658128588,0.012371813511546781,False
A: higher external scores / lower credit-income ratio,POC0212,138657,Explainable Boosting Machine,0.09421145705723857,0.0100085422246559,False
A: higher external scores / lower credit-income ratio,POC0213,44682,Explainable Boosting Machine,0.03785008159111365,0.003930404981917708,False
A: higher external scores / lower credit-income ratio,POC0214,295197,Explainable Boosting Machine,0.35299362459801314,0.047856007615059426,False
A: higher external scores / lower credit-income ratio,POC0215,106758,Explainable Boosting Machine,0.07610201142314718,0.008002444871490565,False
A: higher external scores / lower credit-income ratio,POC0216,115518,Explainable Boosting Machine,0.08474730690499857,0.008953134772529153,False
A: higher external scores / lower credit-income ratio,POC0217,63860,Explainable Boosting Machine,0.2142043940158483,0.025039773137906788,False
A: higher external scores / lower credit-income ratio,POC0218,124791,Explainable Boosting Machine,0.27972956565832896,0.03491093541431625,False
A: higher external scores / lower credit-income ratio,POC0219,138326,Explainable Boosting Machine,0.18683687585451408,0.02130390234530078,False
A: higher external scores / lower credit-income ratio,POC0220,24762,Explainable Boosting Machine,0.07702528709064935,0.008103384023702464,False
A: higher external scores / lower credit-income ratio,POC0221,31320,Explainable Boosting Machine,0.10828024474848179,0.011607461436475867,False
A: higher external scores / lower credit-income ratio,POC0222,218418,Explainable Boosting Machine,0.10711260765871045,0.011473342583732527,False
A: higher external scores / lower credit-income ratio,POC0223,266978,Explainable Boosting Machine,0.12227051967014088,0.013235249165970938,False
A: higher external scores / lower credit-income ratio,POC0224,128869,Explainable Boosting Machine,0.10288727879215945,0.010990179105332338,False
A: higher external scores / lower credit-income ratio,POC0225,122007,Explainable Boosting Machine,0.09127185434636155,0.00967903963562156,False
A: higher external scores / lower credit-income ratio,POC0226,36461,Explainable Boosting Machine,0.2528335179784934,0.03068793847967267,False
A: higher external scores / lower credit-income ratio,POC0227,32558,Explainable Boosting Machine,0.10833313610257486,0.011613542927326997,False
A: higher external scores / lower credit-income ratio,POC0228,151640,Explainable Boosting Machine,0.10745424018151252,0.011512556589566751,False
A: higher external scores / lower credit-income ratio,POC0229,83970,Explainable Boosting Machine,0.1268613892548992,0.013778019389030172,False
A: higher external scores / lower credit-income ratio,POC0230,270290,Explainable Boosting Machine,0.0697055682610364,0.007306889585747064,False
A: higher external scores / lower credit-income ratio,POC0231,1147,Explainable Boosting Machine,0.20652296551797653,0.023970195777808952,False
A: higher external scores / lower credit-income ratio,POC0232,109840,Explainable Boosting Machine,0.37046322800568415,0.05130535386221223,False
A: higher external scores / lower credit-income ratio,POC0233,8125,Explainable Boosting Machine,0.2032473637778318,0.02351917934361286,False
A: higher external scores / lower credit-income ratio,POC0234,204576,Explainable Boosting Machine,0.09318637263997989,0.009893464224929196,False
A: higher external scores / lower credit-income ratio,POC0235,246601,Explainable Boosting Machine,0.11507178734548687,0.012392811357489403,False
A: higher external scores / lower credit-income ratio,POC0236,86326,Explainable Boosting Machine,0.0405515965276717,0.0042118089511706015,False
A: higher external scores / lower credit-income ratio,POC0237,25593,Explainable Boosting Machine,0.2091422709603152,0.024333021105525057,False
A: higher external scores / lower credit-income ratio,POC0238,121095,Explainable Boosting Machine,0.2780326692515803,0.034636886657600445,False
A: higher external scores / lower credit-income ratio,POC0239,268312,Explainable Boosting Machine,0.13523182641129863,0.01477901846436107,False
A: higher external scores / lower credit-income ratio,POC0240,96438,Explainable Boosting Machine,0.14753909590423123,0.016278422514664263,False
A: higher external scores / lower credit-income ratio,POC0241,299908,Explainable Boosting Machine,0.28726414948560286,0.03614070082694591,False
A: higher external scores / lower credit-income ratio,POC0242,149893,Explainable Boosting Machine,0.1195665605034942,0.012917589271896037,False
A: higher external scores / lower credit-income ratio,POC0243,22985,Explainable Boosting Machine,0.15774899955641905,0.017548270282078247,False
A: higher external scores / lower credit-income ratio,POC0244,278535,Explainable Boosting Machine,0.043190720920529765,0.004487480322200136,False
A: higher external scores / lower credit-income ratio,POC0245,32389,Explainable Boosting Machine,0.2169813225884027,0.025430621892431053,False
A: higher external scores / lower credit-income ratio,POC0246,182503,Explainable Boosting Machine,0.16988214454697417,0.019089318682802173,False
A: higher external scores / lower credit-income ratio,POC0247,18786,Explainable Boosting Machine,0.1044945123989111,0.0111735663444876,False
A: higher external scores / lower credit-income ratio,POC0248,196887,Explainable Boosting Machine,0.14708710651019957,0.0162227593569903,False
A: higher external scores / lower credit-income ratio,POC0249,192481,Explainable Boosting Machine,0.10963915512940972,0.011763881331123984,False
A: higher external scores / lower credit-income ratio,POC0250,40156,Explainable Boosting Machine,0.14257059942472905,0.01566906857335879,False
A: higher external scores / lower credit-income ratio,POC0251,303818,Explainable Boosting Machine,0.22495959601864896,0.02656619359596825,False
A: higher external scores / lower credit-income ratio,POC0252,130068,Explainable Boosting Machine,0.1435998590152198,0.015794846669949666,False
A: higher external scores / lower credit-income ratio,POC0253,68857,Explainable Boosting Machine,0.26119586645492704,0.031973894874145856,False
A: higher external scores / lower credit-income ratio,POC0254,131049,Explainable Boosting Machine,0.12798472947143416,0.013911496373241298,False
A: higher external scores / lower credit-income ratio,POC0255,277981,Explainable Boosting Machine,0.20922183621143295,0.02434407291352714,False
A: higher external scores / lower credit-income ratio,POC0256,63973,Explainable Boosting Machine,0.14100413217857916,0.015478093747392297,False
A: higher external scores / lower credit-income ratio,POC0257,199102,Explainable Boosting Machine,0.20770681190259088,0.02413394121512474,False
A: higher external scores / lower credit-income ratio,POC0258,93189,Explainable Boosting Machine,0.35795535914818455,0.0488199808563222,False
A: higher external scores / lower credit-income ratio,POC0259,88701,Explainable Boosting Machine,0.3556101483640975,0.04836282736723546,False
A: higher external scores / lower credit-income ratio,POC0260,56398,Explainable Boosting Machine,0.2306346240245866,0.027385582478520267,False
A: higher external scores / lower credit-income ratio,POC0261,237176,Explainable Boosting Machine,0.18049738226792428,0.02046727551605143,False
A: higher external scores / lower credit-income ratio,POC0262,139701,Explainable Boosting Machine,0.09732989612878319,0.01035979129583454,False
A: higher external scores / lower credit-income ratio,POC0263,132018,Explainable Boosting Machine,0.14298489812025544,0.015719668553948213,False
A: higher external scores / lower credit-income ratio,POC0264,43600,Explainable Boosting Machine,0.09963082853078147,0.010620097944376647,False
A: higher external scores / lower credit-income ratio,POC0265,56612,Explainable Boosting Machine,0.13114321381938424,0.014288213658416468,False
A: higher external scores / lower credit-income ratio,POC0266,288672,Explainable Boosting Machine,0.25151219903010735,0.030486901526893418,False
A: higher external scores / lower credit-income ratio,POC0267,117788,Explainable Boosting Machine,0.15564196051852205,0.01728422991014845,False
A: higher external scores / lower credit-income ratio,POC0268,230412,Explainable Boosting Machine,0.07526968748665676,0.007911567722358745,False
A: higher external scores / lower credit-income ratio,POC0269,146770,Explainable Boosting Machine,0.2269097674469281,0.02684666413331362,False
A: higher external scores / lower credit-income ratio,POC0270,194887,Explainable Boosting Machine,0.2547123109808217,0.03097479871703175,False
A: higher external scores / lower credit-income ratio,POC0271,220695,Explainable Boosting Machine,0.13672819727985544,0.014959544486092751,False
A: higher external scores / lower credit-income ratio,POC0272,9349,Explainable Boosting Machine,0.23699571074496262,0.028315818318021574,False
A: higher external scores / lower credit-income ratio,POC0273,275169,Explainable Boosting Machine,0.13401165418525285,0.014632171612437895,False
A: higher external scores / lower credit-income ratio,POC0274,305450,Explainable Boosting Machine,0.18763715381544718,0.021410259838529414,False
A: higher external scores / lower credit-income ratio,POC0275,223172,Explainable Boosting Machine,0.2784204665634107,0.03469942259192637,False
A: higher external scores / lower credit-income ratio,POC0276,291575,Explainable Boosting Machine,0.32964345828613645,0.043477932514313464,False
A: higher external scores / lower credit-income ratio,POC0277,199474,Explainable Boosting Machine,0.27173022929731827,0.0336282338103284,False
A: higher external scores / lower credit-income ratio,POC0278,129836,Explainable Boosting Machine,0.0530718583470394,0.005527012299363289,False
A: higher external scores / lower credit-income ratio,POC0279,50055,Explainable Boosting Machine,0.17376503423455292,0.019590074904650208,False
A: higher external scores / lower credit-income ratio,POC0280,298358,Explainable Boosting Machine,0.2128499975949419,0.02484995601722899,False
A: higher external scores / lower credit-income ratio,POC0281,15930,Explainable Boosting Machine,0.11385258724274022,0.012251160925709935,False
A: higher external scores / lower credit-income ratio,POC0282,87121,Explainable Boosting Machine,0.13114919957512805,0.014288929591125625,False
A: higher external scores / lower credit-income ratio,POC0283,237610,Explainable Boosting Machine,0.15368133019617633,0.017039468271592455,False
A: higher external scores / lower credit-income ratio,POC0284,257715,Explainable Boosting Machine,0.11188547876307266,0.01202323431774381,False
A: higher external scores / lower credit-income ratio,POC0285,132007,Explainable Boosting Machine,0.21678248184566046,0.025402560569438324,False
A: higher external scores / lower credit-income ratio,POC0286,147454,Explainable Boosting Machine,0.061220054811499565,0.006393903444471735,False
A: higher external scores / lower credit-income ratio,POC0287,132068,Explainable Boosting Machine,0.28996473026195774,0.036586695287758264,False
A: higher external scores / lower credit-income ratio,POC0288,175858,Explainable Boosting Machine,0.10559768123314078,0.011299721933482207,False
A: higher external scores / lower credit-income ratio,POC0289,74062,Explainable Boosting Machine,0.19252422958856372,0.02206342981758081,False
A: higher external scores / lower credit-income ratio,POC0290,33816,Explainable Boosting Machine,0.238202767269888,0.028493766115419785,False
A: higher external scores / lower credit-income ratio,POC0291,111512,Explainable Boosting Machine,0.1287969611245094,0.014008171672603167,False
A: higher external scores / lower credit-income ratio,POC0292,272856,Explainable Boosting Machine,0.2605023679047776,0.031866343583596524,False
A: higher external scores / lower credit-income ratio,POC0293,262812,Explainable Boosting Machine,0.27942768016763375,0.03486210339130592,False
A: higher external scores / lower credit-income ratio,POC0294,121365,Explainable Boosting Machine,0.12071417404087338,0.01305222866011127,False
A: higher external scores / lower credit-income ratio,POC0295,227622,Explainable Boosting Machine,0.3016718940581578,0.03855283392965519,False
A: higher external scores / lower credit-income ratio,POC0296,174709,Explainable Boosting Machine,0.12346831308848781,0.013376442750552069,False
A: higher external scores / lower credit-income ratio,POC0297,58040,Explainable Boosting Machine,0.10847553576929723,0.011629918835712164,False
A: higher external scores / lower credit-income ratio,POC0298,216675,Explainable Boosting Machine,0.17816063109554212,0.020161503699842823,False
A: higher external scores / lower credit-income ratio,POC0299,258011,Explainable Boosting Machine,0.2007192994406004,0.02317313593791545,False
A: higher external scores / lower credit-income ratio,POC0300,208258,Explainable Boosting Machine,0.13639068179407315,0.014918783390831794,False
B: EXT_SOURCE_1 missing / moderate other scores,POC0301,14343,Explainable Boosting Machine,0.47357164182039585,0.0753964431380579,False
B: EXT_SOURCE_1 missing / moderate other scores,POC0302,94529,Explainable Boosting Machine,0.3549214002890867,0.04822908904145242,False
B: EXT_SOURCE_1 missing / moderate other scores,POC0303,26833,Explainable Boosting Machine,0.5036689955611838,0.08393729388636327,False
B: EXT_SOURCE_1 missing / moderate other scores,POC0304,101924,Explainable Boosting Machine,0.2905341683770937,0.0366810928443742,False
B: EXT_SOURCE_1 missing / moderate other scores,POC0305,281182,Explainable Boosting Machine,0.5001675118570922,0.08290103375142888,False
B: EXT_SOURCE_1 missing / moderate other scores,POC0306,208806,Explainable Boosting Machine,0.16021154702540902,0.01785818619213232,False
B: EXT_SOURCE_1 missing / moderate other scores,POC0307,190054,Explainable Boosting Machine,0.25760534739856944,0.03141884040673958,False
B: EXT_SOURCE_1 missing / moderate other scores,POC0308,259619,Explainable Boosting Machine,0.28420614392718346,0.03563902044154772,False
B: EXT_SOURCE_1 missing / moderate other scores,POC0309,292744,Explainable Boosting Machine,0.46603733261343855,0.07338120064296286,False
B: EXT_SOURCE_1 missing / moderate other scores,POC0310,225433,Explainable Boosting Machine,0.32736924019191005,0.043064931016036714,False
B: EXT_SOURCE_1 missing / moderate other scores,POC0311,106133,Explainable Boosting Machine,0.3373248361348997,0.04489010931475795,False
B: EXT_SOURCE_1 missing / moderate other scores,POC0312,229934,Explainable Boosting Machine,0.21484635762327886,0.025129929165992593,False
B: EXT_SOURCE_1 missing / moderate other scores,POC0313,204931,Explainable Boosting Machine,0.23191862576565372,0.027572340558970024,False
B: EXT_SOURCE_1 missing / moderate other scores,POC0314,212950,Explainable Boosting Machine,0.3319037585882514,0.04389069884625134,False
B: EXT_SOURCE_1 missing / moderate other scores,POC0315,162299,Explainable Boosting Machine,0.35649479076435703,0.04853494920640353,False
B: EXT_SOURCE_1 missing / moderate other scores,POC0316,180508,Explainable Boosting Machine,0.18833853758985952,0.02150361274699017,False
B: EXT_SOURCE_1 missing / moderate other scores,POC0317,305767,Explainable Boosting Machine,0.203319886506581,0.02352913249450497,False
B: EXT_SOURCE_1 missing / moderate other scores,POC0318,56063,Explainable Boosting Machine,0.30505115609902256,0.039130476668459785,False
B: EXT_SOURCE_1 missing / moderate other scores,POC0319,50510,Explainable Boosting Machine,0.1871054936434075,0.021339583080417193,False
B: EXT_SOURCE_1 missing / moderate other scores,POC0320,287354,Explainable Boosting Machine,0.21007528210142304,0.024462732056854192,False
B: EXT_SOURCE_1 missing / moderate other scores,POC0321,128424,Explainable Boosting Machine,0.42566863355228596,0.06332415441369037,False
B: EXT_SOURCE_1 missing / moderate other scores,POC0322,279243,Explainable Boosting Machine,0.248158951494086,0.029979306705187284,False
B: EXT_SOURCE_1 missing / moderate other scores,POC0323,285761,Explainable Boosting Machine,0.22091319057109385,0.025987893556636076,False
B: EXT_SOURCE_1 missing / moderate other scores,POC0324,4692,Explainable Boosting Machine,0.31296497202093515,0.04050151276274903,False
B: EXT_SOURCE_1 missing / moderate other scores,POC0325,144922,Explainable Boosting Machine,0.3794917591598982,0.05315042367944365,False
B: EXT_SOURCE_1 missing / moderate other scores,POC0326,70419,Explainable Boosting Machine,0.21807939273532567,0.025585795312220848,False
B: EXT_SOURCE_1 missing / moderate other scores,POC0327,112460,Explainable Boosting Machine,0.19119452879087837,0.021885083327072594,False
B: EXT_SOURCE_1 missing / moderate other scores,POC0328,44983,Explainable Boosting Machine,0.22998951709538865,0.027291943288113053,False
B: EXT_SOURCE_1 missing / moderate other scores,POC0329,123890,Explainable Boosting Machine,0.2788294494649728,0.03476543474008218,False
B: EXT_SOURCE_1 missing / moderate other scores,POC0330,372,Explainable Boosting Machine,0.35137922010409295,0.04754497761986168,False
B: EXT_SOURCE_1 missing / moderate other scores,POC0331,138704,Explainable Boosting Machine,0.20867084302065306,0.024267575547937407,False
B: EXT_SOURCE_1 missing / moderate other scores,POC0332,152894,Explainable Boosting Machine,0.27471716139316843,0.0341044731970261,False
B: EXT_SOURCE_1 missing / moderate other scores,POC0333,22520,Explainable Boosting Machine,0.17810089036404766,0.020153704661314623,False
B: EXT_SOURCE_1 missing / moderate other scores,POC0334,36968,Explainable Boosting Machine,0.1898888681774357,0.021710419767810775,False
B: EXT_SOURCE_1 missing / moderate other scores,POC0335,90871,Explainable Boosting Machine,0.2718337709476703,0.033644688922822755,False
B: EXT_SOURCE_1 missing / moderate other scores,POC0336,153653,Explainable Boosting Machine,0.1959508894359053,0.022525219561424073,False
B: EXT_SOURCE_1 missing / moderate other scores,POC0337,188807,Explainable Boosting Machine,0.2976454662909092,0.037870542529707396,False
B: EXT_SOURCE_1 missing / moderate other scores,POC0338,259279,Explainable Boosting Machine,0.1813100079379907,0.020573937662307504,False
B: EXT_SOURCE_1 missing / moderate other scores,POC0339,75254,Explainable Boosting Machine,0.2900825184790142,0.03660621119963786,False
B: EXT_SOURCE_1 missing / moderate other scores,POC0340,115899,Explainable Boosting Machine,0.4829300679999578,0.07796576010118186,False
B: EXT_SOURCE_1 missing / moderate other scores,POC0341,68788,Explainable Boosting Machine,0.39058575299722337,0.055478926075263404,False
B: EXT_SOURCE_1 missing / moderate other scores,POC0342,222804,Explainable Boosting Machine,0.12726935852355722,0.013826464402809517,False
B: EXT_SOURCE_1 missing / moderate other scores,POC0343,235973,Explainable Boosting Machine,0.5350388856415239,0.09377643417991623,False
B: EXT_SOURCE_1 missing / moderate other scores,POC0344,305096,Explainable Boosting Machine,0.09864361780786743,0.010508294593108784,False
B: EXT_SOURCE_1 missing / moderate other scores,POC0345,122081,Explainable Boosting Machine,0.41930408016088666,0.06184337019373483,False
B: EXT_SOURCE_1 missing / moderate other scores,POC0346,122584,Explainable Boosting Machine,0.28847162854118746,0.03633976911528678,False
B: EXT_SOURCE_1 missing / moderate other scores,POC0347,139941,Explainable Boosting Machine,0.26872504469872827,0.033152308880660994,False
B: EXT_SOURCE_1 missing / moderate other scores,POC0348,5639,Explainable Boosting Machine,0.4002293521318223,0.057560303866762544,False
B: EXT_SOURCE_1 missing / moderate other scores,POC0349,82516,Explainable Boosting Machine,0.12280496559890355,0.013298212248187802,False
B: EXT_SOURCE_1 missing / moderate other scores,POC0350,269078,Explainable Boosting Machine,0.22503084999648654,0.02657642100302176,False
B: EXT_SOURCE_1 missing / moderate other scores,POC0351,241319,Explainable Boosting Machine,0.32794267425046053,0.04316885052864553,False
B: EXT_SOURCE_1 missing / moderate other scores,POC0352,217048,Explainable Boosting Machine,0.192534779514907,0.022064846719718163,False
B: EXT_SOURCE_1 missing / moderate other scores,POC0353,108055,Explainable Boosting Machine,0.4886211553565903,0.07956539727201756,False
B: EXT_SOURCE_1 missing / moderate other scores,POC0354,191254,Explainable Boosting Machine,0.42593450353227524,0.06338659620831037,False
B: EXT_SOURCE_1 missing / moderate other scores,POC0355,210348,Explainable Boosting Machine,0.2789574699510395,0.0347861106077659,False
B: EXT_SOURCE_1 missing / moderate other scores,POC0356,274216,Explainable Boosting Machine,0.1320742182681231,0.014399658984788713,False
B: EXT_SOURCE_1 missing / moderate other scores,POC0357,109684,Explainable Boosting Machine,0.18053559437333777,0.020472287295540587,False
B: EXT_SOURCE_1 missing / moderate other scores,POC0358,120159,Explainable Boosting Machine,0.2787703010260404,0.03475588404502634,False
B: EXT_SOURCE_1 missing / moderate other scores,POC0359,91040,Explainable Boosting Machine,0.29390509968073986,0.03724246521980923,False
B: EXT_SOURCE_1 missing / moderate other scores,POC0360,165729,Explainable Boosting Machine,0.16759996825964343,0.01879673519071302,False
B: EXT_SOURCE_1 missing / moderate other scores,POC0361,127775,Explainable Boosting Machine,0.212664339209467,0.024823977493802846,False
B: EXT_SOURCE_1 missing / moderate other scores,POC0362,89528,Explainable Boosting Machine,0.4127951359453642,0.06035622751342539,False
B: EXT_SOURCE_1 missing / moderate other scores,POC0363,180150,Explainable Boosting Machine,0.5697070979421497,0.10596462576990766,False
B: EXT_SOURCE_1 missing / moderate other scores,POC0364,70842,Explainable Boosting Machine,0.18488985040302447,0.021045841868507113,False
B: EXT_SOURCE_1 missing / moderate other scores,POC0365,47668,Explainable Boosting Machine,0.32893569836076025,0.043349155231849276,False
B: EXT_SOURCE_1 missing / moderate other scores,POC0366,247508,Explainable Boosting Machine,0.20553530108168955,0.02383388782881504,False
B: EXT_SOURCE_1 missing / moderate other scores,POC0367,102323,Explainable Boosting Machine,0.16997324150436185,0.01910102421748567,False
B: EXT_SOURCE_1 missing / moderate other scores,POC0368,173796,Explainable Boosting Machine,0.2404342887936995,0.028823958833798544,False
B: EXT_SOURCE_1 missing / moderate other scores,POC0369,156684,Explainable Boosting Machine,0.2747008496587236,0.034101863695993814,False
B: EXT_SOURCE_1 missing / moderate other scores,POC0370,144905,Explainable Boosting Machine,0.20162264123608953,0.023296582724518615,False
B: EXT_SOURCE_1 missing / moderate other scores,POC0371,229123,Explainable Boosting Machine,0.0830940755583311,0.008770366867147807,False
B: EXT_SOURCE_1 missing / moderate other scores,POC0372,218412,Explainable Boosting Machine,0.44762645487280234,0.06864584502554427,False
B: EXT_SOURCE_1 missing / moderate other scores,POC0373,70382,Explainable Boosting Machine,0.2556878371339369,0.031124212758970704,False
B: EXT_SOURCE_1 missing / moderate other scores,POC0374,124028,Explainable Boosting Machine,0.1265575742883778,0.013741964921572973,False
B: EXT_SOURCE_1 missing / moderate other scores,POC0375,186554,Explainable Boosting Machine,0.5131178747299754,0.08679347014228142,False
B: EXT_SOURCE_1 missing / moderate other scores,POC0376,176407,Explainable Boosting Machine,0.3545292258748264,0.04815304315157952,False
B: EXT_SOURCE_1 missing / moderate other scores,POC0377,139785,Explainable Boosting Machine,0.4015043256782536,0.057839596102331595,False
B: EXT_SOURCE_1 missing / moderate other scores,POC0378,70870,Explainable Boosting Machine,0.3345337735033061,0.04437388473989932,False
B: EXT_SOURCE_1 missing / moderate other scores,POC0379,258040,Explainable Boosting Machine,0.2589465693750006,0.031625662765661824,False
B: EXT_SOURCE_1 missing / moderate other scores,POC0380,36357,Explainable Boosting Machine,0.24026816876450008,0.028799323905120074,False
B: EXT_SOURCE_1 missing / moderate other scores,POC0381,225837,Explainable Boosting Machine,0.37770720063322827,0.05278224342234333,False
B: EXT_SOURCE_1 missing / moderate other scores,POC0382,63803,Explainable Boosting Machine,0.2909496897210834,0.03675005379030107,False
B: EXT_SOURCE_1 missing / moderate other scores,POC0383,33926,Explainable Boosting Machine,0.4212421224485208,0.06229145410800625,False
B: EXT_SOURCE_1 missing / moderate other scores,POC0384,260863,Explainable Boosting Machine,0.20751777899665372,0.024107768283750285,False
B: EXT_SOURCE_1 missing / moderate other scores,POC0385,131737,Explainable Boosting Machine,0.39564583539770326,0.05656424547529908,False
B: EXT_SOURCE_1 missing / moderate other scores,POC0386,58955,Explainable Boosting Machine,0.21198786222664776,0.024729404446283392,False
B: EXT_SOURCE_1 missing / moderate other scores,POC0387,183690,Explainable Boosting Machine,0.32789629871628706,0.043160440783589805,False
B: EXT_SOURCE_1 missing / moderate other scores,POC0388,156774,Explainable Boosting Machine,0.3891340980745592,0.05517029292867238,False
B: EXT_SOURCE_1 missing / moderate other scores,POC0389,278903,Explainable Boosting Machine,0.3984210541527616,0.057165849513344406,False
B: EXT_SOURCE_1 missing / moderate other scores,POC0390,259414,Explainable Boosting Machine,0.4133575173680753,0.06048365116665406,False
B: EXT_SOURCE_1 missing / moderate other scores,POC0391,63171,Explainable Boosting Machine,0.5901834773318348,0.11392188106559488,False
B: EXT_SOURCE_1 missing / moderate other scores,POC0392,92840,Explainable Boosting Machine,0.3692644675423655,0.05106364480502588,False
B: EXT_SOURCE_1 missing / moderate other scores,POC0393,42939,Explainable Boosting Machine,0.2947601907792961,0.037385567756537987,False
B: EXT_SOURCE_1 missing / moderate other scores,POC0394,265489,Explainable Boosting Machine,0.2712288597603077,0.033548609123355146,False
B: EXT_SOURCE_1 missing / moderate other scores,POC0395,32897,Explainable Boosting Machine,0.3096635683648557,0.03992641349312507,False
B: EXT_SOURCE_1 missing / moderate other scores,POC0396,171309,Explainable Boosting Machine,0.3796730655024015,0.05318792721037545,False
B: EXT_SOURCE_1 missing / moderate other scores,POC0397,220505,Explainable Boosting Machine,0.5444607481906253,0.09694223643141274,False
B: EXT_SOURCE_1 missing / moderate other scores,POC0398,209627,Explainable Boosting Machine,0.1892143319882449,0.021620361585321404,False
B: EXT_SOURCE_1 missing / moderate other scores,POC0399,239357,Explainable Boosting Machine,0.26911596798348386,0.033214036866335006,False
B: EXT_SOURCE_1 missing / moderate other scores,POC0400,180250,Explainable Boosting Machine,0.31563319770274484,0.04096964804634254,False
B: EXT_SOURCE_1 missing / moderate other scores,POC0401,305932,Explainable Boosting Machine,0.37573958393015927,0.052378302259309444,False
B: EXT_SOURCE_1 missing / moderate other scores,POC0402,102415,Explainable Boosting Machine,0.35661925082613705,0.04855919622488636,False
B: EXT_SOURCE_1 missing / moderate other scores,POC0403,202927,Explainable Boosting Machine,0.2852847930524362,0.03581557518179705,False
B: EXT_SOURCE_1 missing / moderate other scores,POC0404,295675,Explainable Boosting Machine,0.43180704774222645,0.06477798251777124,False
B: EXT_SOURCE_1 missing / moderate other scores,POC0405,3772,Explainable Boosting Machine,0.656390988096243,0.14456208594911082,False
B: EXT_SOURCE_1 missing / moderate other scores,POC0406,243150,Explainable Boosting Machine,0.6271596844451479,0.12999642529120944,False
B: EXT_SOURCE_1 missing / moderate other scores,POC0407,248501,Explainable Boosting Machine,0.4118148695552418,0.060134597438626654,False
B: EXT_SOURCE_1 missing / moderate other scores,POC0408,282681,Explainable Boosting Machine,0.40639351894719516,0.058919721489588454,False
B: EXT_SOURCE_1 missing / moderate other scores,POC0409,257081,Explainable Boosting Machine,0.2394444271989651,0.028677296218079077,False
B: EXT_SOURCE_1 missing / moderate other scores,POC0410,102468,Explainable Boosting Machine,0.510519052022565,0.08599905520573119,False
B: EXT_SOURCE_1 missing / moderate other scores,POC0411,214137,Explainable Boosting Machine,0.21498120737788592,0.025148882389989864,False
B: EXT_SOURCE_1 missing / moderate other scores,POC0412,200185,Explainable Boosting Machine,0.20958404584648382,0.024394407496844718,False
B: EXT_SOURCE_1 missing / moderate other scores,POC0413,273544,Explainable Boosting Machine,0.30188100946465357,0.038588446017864514,False
B: EXT_SOURCE_1 missing / moderate other scores,POC0414,273140,Explainable Boosting Machine,0.3731576950838966,0.051851418942353844,False
B: EXT_SOURCE_1 missing / moderate other scores,POC0415,6805,Explainable Boosting Machine,0.3085607170756667,0.03973530616412811,False
B: EXT_SOURCE_1 missing / moderate other scores,POC0416,306136,Explainable Boosting Machine,0.20092356392697436,0.02320103011217078,False
B: EXT_SOURCE_1 missing / moderate other scores,POC0417,57720,Explainable Boosting Machine,0.23682334901060567,0.028290445738496445,False
B: EXT_SOURCE_1 missing / moderate other scores,POC0418,278139,Explainable Boosting Machine,0.31477178957807567,0.040818187582858684,False
B: EXT_SOURCE_1 missing / moderate other scores,POC0419,28733,Explainable Boosting Machine,0.4870842675566876,0.07913058041294624,False
B: EXT_SOURCE_1 missing / moderate other scores,POC0420,238601,Explainable Boosting Machine,0.28453651006810715,0.035693048738788764,False
B: EXT_SOURCE_1 missing / moderate other scores,POC0421,241724,Explainable Boosting Machine,0.16915097234297066,0.01899544047853863,False
B: EXT_SOURCE_1 missing / moderate other scores,POC0422,171743,Explainable Boosting Machine,0.24817658396300693,0.029981966114003018,False
B: EXT_SOURCE_1 missing / moderate other scores,POC0423,253011,Explainable Boosting Machine,0.17920778722493488,0.02029835536312881,False
B: EXT_SOURCE_1 missing / moderate other scores,POC0424,297783,Explainable Boosting Machine,0.23847875702410168,0.02853451800220029,False
B: EXT_SOURCE_1 missing / moderate other scores,POC0425,21579,Explainable Boosting Machine,0.13018999836423595,0.01417430025168049,False
B: EXT_SOURCE_1 missing / moderate other scores,POC0426,23964,Explainable Boosting Machine,0.19437133785565255,0.02231195997035566,False
B: EXT_SOURCE_1 missing / moderate other scores,POC0427,131196,Explainable Boosting Machine,0.2559437215373437,0.031163457768858937,False
B: EXT_SOURCE_1 missing / moderate other scores,POC0428,51277,Explainable Boosting Machine,0.3818600538599187,0.05364173327657971,False
B: EXT_SOURCE_1 missing / moderate other scores,POC0429,172683,Explainable Boosting Machine,0.4587568834451578,0.07147730022609332,False
B: EXT_SOURCE_1 missing / moderate other scores,POC0430,233597,Explainable Boosting Machine,0.2815619266529924,0.03520805526210786,False
B: EXT_SOURCE_1 missing / moderate other scores,POC0431,222818,Explainable Boosting Machine,0.2733099774519205,0.03387971004712335,False
B: EXT_SOURCE_1 missing / moderate other scores,POC0432,281506,Explainable Boosting Machine,0.31086784268235496,0.04013567069662169,False
B: EXT_SOURCE_1 missing / moderate other scores,POC0433,77011,Explainable Boosting Machine,0.4414167694991555,0.06710625395165852,False
B: EXT_SOURCE_1 missing / moderate other scores,POC0434,296587,Explainable Boosting Machine,0.3236877008256361,0.04240120910488865,False
B: EXT_SOURCE_1 missing / moderate other scores,POC0435,111967,Explainable Boosting Machine,0.12417309541556057,0.013459658982279079,False
B: EXT_SOURCE_1 missing / moderate other scores,POC0436,246331,Explainable Boosting Machine,0.4629917475825044,0.0725796455373856,False
B: EXT_SOURCE_1 missing / moderate other scores,POC0437,83901,Explainable Boosting Machine,0.3824712196248535,0.05376902389557544,False
B: EXT_SOURCE_1 missing / moderate other scores,POC0438,43423,Explainable Boosting Machine,0.2114070004711644,0.024648303625189355,False
B: EXT_SOURCE_1 missing / moderate other scores,POC0439,4795,Explainable Boosting Machine,0.3573230767038211,0.04869645933433924,False
B: EXT_SOURCE_1 missing / moderate other scores,POC0440,73450,Explainable Boosting Machine,0.3597032168511409,0.04916248308405821,False
B: EXT_SOURCE_1 missing / moderate other scores,POC0441,148307,Explainable Boosting Machine,0.2264901515271323,0.02678621844211299,False
B: EXT_SOURCE_1 missing / moderate other scores,POC0442,10564,Explainable Boosting Machine,0.4618280449564406,0.0722753247942924,False
B: EXT_SOURCE_1 missing / moderate other scores,POC0443,295869,Explainable Boosting Machine,0.4134268129657294,0.060499365925047614,False
B: EXT_SOURCE_1 missing / moderate other scores,POC0444,192847,Explainable Boosting Machine,0.44285271126244824,0.06745978262706136,False
B: EXT_SOURCE_1 missing / moderate other scores,POC0445,211192,Explainable Boosting Machine,0.24433713607060153,0.029405279595641976,False
B: EXT_SOURCE_1 missing / moderate other scores,POC0446,156187,Explainable Boosting Machine,0.22391605158762895,0.02641658403860199,False
B: EXT_SOURCE_1 missing / moderate other scores,POC0447,18847,Explainable Boosting Machine,0.4241579280874578,0.06297024837935701,False
B: EXT_SOURCE_1 missing / moderate other scores,POC0448,258327,Explainable Boosting Machine,0.3690076890752173,0.05101196815565953,False
B: EXT_SOURCE_1 missing / moderate other scores,POC0449,50386,Explainable Boosting Machine,0.46527493952017324,0.07317985300371545,False
B: EXT_SOURCE_1 missing / moderate other scores,POC0450,117743,Explainable Boosting Machine,0.180903955201821,0.020520619543266623,False
B: EXT_SOURCE_1 missing / moderate other scores,POC0451,82020,Explainable Boosting Machine,0.3055674133782036,0.039219131587896694,False
B: EXT_SOURCE_1 missing / moderate other scores,POC0452,41141,Explainable Boosting Machine,0.1312187865995717,0.014297253179884124,False
B: EXT_SOURCE_1 missing / moderate other scores,POC0453,158665,Explainable Boosting Machine,0.10750818735516121,0.011518750917607963,False
B: EXT_SOURCE_1 missing / moderate other scores,POC0454,249190,Explainable Boosting Machine,0.20830687640659054,0.024217091399800647,False
B: EXT_SOURCE_1 missing / moderate other scores,POC0455,117485,Explainable Boosting Machine,0.5245129485113871,0.09035890400278677,False
B: EXT_SOURCE_1 missing / moderate other scores,POC0456,45546,Explainable Boosting Machine,0.08420551479037053,0.008893187347625505,False
B: EXT_SOURCE_1 missing / moderate other scores,POC0457,53302,Explainable Boosting Machine,0.45235187620019235,0.06983648163649288,False
B: EXT_SOURCE_1 missing / moderate other scores,POC0458,41703,Explainable Boosting Machine,0.3465115606307342,0.04661484199410337,False
B: EXT_SOURCE_1 missing / moderate other scores,POC0459,139285,Explainable Boosting Machine,0.3474772101175105,0.04679845444838579,False
B: EXT_SOURCE_1 missing / moderate other scores,POC0460,53694,Explainable Boosting Machine,0.22281789941657296,0.026259498622475657,False
B: EXT_SOURCE_1 missing / moderate other scores,POC0461,159555,Explainable Boosting Machine,0.3452467825987407,0.04637502660175883,False
B: EXT_SOURCE_1 missing / moderate other scores,POC0462,236729,Explainable Boosting Machine,0.4243572928259942,0.0630168655850478,False
B: EXT_SOURCE_1 missing / moderate other scores,POC0463,85262,Explainable Boosting Machine,0.3032187715338669,0.03881668121141321,False
B: EXT_SOURCE_1 missing / moderate other scores,POC0464,13420,Explainable Boosting Machine,0.3894777915493163,0.05524325593256213,False
B: EXT_SOURCE_1 missing / moderate other scores,POC0465,15174,Explainable Boosting Machine,0.1792575677992071,0.020304868086065145,False
B: EXT_SOURCE_1 missing / moderate other scores,POC0466,55769,Explainable Boosting Machine,0.15190035782241842,0.016817907600983346,False
B: EXT_SOURCE_1 missing / moderate other scores,POC0467,64227,Explainable Boosting Machine,0.08225496216650198,0.008677778637645704,False
B: EXT_SOURCE_1 missing / moderate other scores,POC0468,121958,Explainable Boosting Machine,0.41189367007460514,0.06015239120181183,False
B: EXT_SOURCE_1 missing / moderate other scores,POC0469,5378,Explainable Boosting Machine,0.2722513218818799,0.03371108621400303,False
B: EXT_SOURCE_1 missing / moderate other scores,POC0470,274173,Explainable Boosting Machine,0.4977896823843695,0.0822039748593034,False
B: EXT_SOURCE_1 missing / moderate other scores,POC0471,306424,Explainable Boosting Machine,0.1604282120022824,0.017885522650913015,False
B: EXT_SOURCE_1 missing / moderate other scores,POC0472,27394,Explainable Boosting Machine,0.28601262416223877,0.035934955214534284,False
B: EXT_SOURCE_1 missing / moderate other scores,POC0473,288487,Explainable Boosting Machine,0.19025353694537292,0.021759157397999964,False
B: EXT_SOURCE_1 missing / moderate other scores,POC0474,155153,Explainable Boosting Machine,0.2077510841895622,0.024140072485240683,False
B: EXT_SOURCE_1 missing / moderate other scores,POC0475,198799,Explainable Boosting Machine,0.49845148308288073,0.08239744513330617,False
B: EXT_SOURCE_1 missing / moderate other scores,POC0476,257062,Explainable Boosting Machine,0.27373094973918555,0.03394687509521867,False
B: EXT_SOURCE_1 missing / moderate other scores,POC0477,21435,Explainable Boosting Machine,0.20566129729856936,0.023851261350777003,False
B: EXT_SOURCE_1 missing / moderate other scores,POC0478,224429,Explainable Boosting Machine,0.3897180610101387,0.055294303035627816,False
B: EXT_SOURCE_1 missing / moderate other scores,POC0479,83357,Explainable Boosting Machine,0.45512999950247707,0.07054431563132695,False
B: EXT_SOURCE_1 missing / moderate other scores,POC0480,189909,Explainable Boosting Machine,0.5289053814024259,0.09177014246188674,False
B: EXT_SOURCE_1 missing / moderate other scores,POC0481,275808,Explainable Boosting Machine,0.23128440794278368,0.027480030006886234,False
B: EXT_SOURCE_1 missing / moderate other scores,POC0482,140407,Explainable Boosting Machine,0.3371731985448622,0.04486197106364585,False
B: EXT_SOURCE_1 missing / moderate other scores,POC0483,79657,Explainable Boosting Machine,0.592065946160101,0.1146848697073131,False
B: EXT_SOURCE_1 missing / moderate other scores,POC0484,106834,Explainable Boosting Machine,0.2510785590952537,0.030421050334296346,False
B: EXT_SOURCE_1 missing / moderate other scores,POC0485,273213,Explainable Boosting Machine,0.19214137616941163,0.02201203105581849,False
B: EXT_SOURCE_1 missing / moderate other scores,POC0486,156939,Explainable Boosting Machine,0.457902660686895,0.07125664392765098,False
B: EXT_SOURCE_1 missing / moderate other scores,POC0487,50161,Explainable Boosting Machine,0.09200284679006399,0.009760833203347573,False
B: EXT_SOURCE_1 missing / moderate other scores,POC0488,94024,Explainable Boosting Machine,0.29515392752828873,0.03745155700002809,False
B: EXT_SOURCE_1 missing / moderate other scores,POC0489,20943,Explainable Boosting Machine,0.26143484603223854,0.03201099539303374,False
B: EXT_SOURCE_1 missing / moderate other scores,POC0490,196856,Explainable Boosting Machine,0.39340982673652064,0.056082818852769036,False
B: EXT_SOURCE_1 missing / moderate other scores,POC0491,169146,Explainable Boosting Machine,0.16341768657706393,0.018263846375767664,False
B: EXT_SOURCE_1 missing / moderate other scores,POC0492,95011,Explainable Boosting Machine,0.2851117326796963,0.03578721894066725,False
B: EXT_SOURCE_1 missing / moderate other scores,POC0493,219352,Explainable Boosting Machine,0.32685462546551464,0.042971795049394836,False
B: EXT_SOURCE_1 missing / moderate other scores,POC0494,287797,Explainable Boosting Machine,0.5115228477534093,0.08630509141968237,False
B: EXT_SOURCE_1 missing / moderate other scores,POC0495,286554,Explainable Boosting Machine,0.30727546194671124,0.0395132230891437,False
B: EXT_SOURCE_1 missing / moderate other scores,POC0496,266702,Explainable Boosting Machine,0.36010364171778314,0.04924116520989478,False
B: EXT_SOURCE_1 missing / moderate other scores,POC0497,24703,Explainable Boosting Machine,0.21023212055494522,0.024484560745020884,False
B: EXT_SOURCE_1 missing / moderate other scores,POC0498,246684,Explainable Boosting Machine,0.3084881012469083,0.039722740552119926,False
B: EXT_SOURCE_1 missing / moderate other scores,POC0499,22765,Explainable Boosting Machine,0.3468422601028949,0.04667767219633561,False
B: EXT_SOURCE_1 missing / moderate other scores,POC0500,149948,Explainable Boosting Machine,0.3752224649797323,0.05227248767470001,False
B: EXT_SOURCE_1 missing / moderate other scores,POC0501,57342,Explainable Boosting Machine,0.3927620675882493,0.055943896156174504,False
B: EXT_SOURCE_1 missing / moderate other scores,POC0502,197162,Explainable Boosting Machine,0.11665934139406609,0.012577700794158085,False
B: EXT_SOURCE_1 missing / moderate other scores,POC0503,236247,Explainable Boosting Machine,0.46908816162760736,0.07419162305526734,False
B: EXT_SOURCE_1 missing / moderate other scores,POC0504,275522,Explainable Boosting Machine,0.45305323337042397,0.0700146265391846,False
B: EXT_SOURCE_1 missing / moderate other scores,POC0505,134239,Explainable Boosting Machine,0.36949389505557007,0.05110984635578266,False
B: EXT_SOURCE_1 missing / moderate other scores,POC0506,90949,Explainable Boosting Machine,0.26630118038889883,0.032770778350802804,False
B: EXT_SOURCE_1 missing / moderate other scores,POC0507,216433,Explainable Boosting Machine,0.1437112768856566,0.015808476370895833,False
B: EXT_SOURCE_1 missing / moderate other scores,POC0508,266388,Explainable Boosting Machine,0.37755151008045773,0.052750204519299106,False
B: EXT_SOURCE_1 missing / moderate other scores,POC0509,282235,Explainable Boosting Machine,0.3548331020185467,0.048211960633959106,False
B: EXT_SOURCE_1 missing / moderate other scores,POC0510,12730,Explainable Boosting Machine,0.49889523522509827,0.08252740236535361,False
B: EXT_SOURCE_1 missing / moderate other scores,POC0511,305356,Explainable Boosting Machine,0.49450701738206726,0.08125037840124685,False
B: EXT_SOURCE_1 missing / moderate other scores,POC0512,138657,Explainable Boosting Machine,0.28517577894211626,0.03579771171621194,False
B: EXT_SOURCE_1 missing / moderate other scores,POC0513,44682,Explainable Boosting Machine,0.10765119419893256,0.011535173967641778,False
B: EXT_SOURCE_1 missing / moderate other scores,POC0514,295197,Explainable Boosting Machine,0.5033722257893533,0.08384900808978206,False
B: EXT_SOURCE_1 missing / moderate other scores,POC0515,106758,Explainable Boosting Machine,0.2123381727689862,0.02477836222574958,False
B: EXT_SOURCE_1 missing / moderate other scores,POC0516,115518,Explainable Boosting Machine,0.2256458000996664,0.026664751237562966,False
B: EXT_SOURCE_1 missing / moderate other scores,POC0517,63860,Explainable Boosting Machine,0.23990290938476153,0.02874518834364321,False
B: EXT_SOURCE_1 missing / moderate other scores,POC0518,124791,Explainable Boosting Machine,0.47310705838866524,0.07527082533434276,False
B: EXT_SOURCE_1 missing / moderate other scores,POC0519,138326,Explainable Boosting Machine,0.43580653417385506,0.06573911747161143,False
B: EXT_SOURCE_1 missing / moderate other scores,POC0520,24762,Explainable Boosting Machine,0.1665483565978942,0.018662343627433554,False
B: EXT_SOURCE_1 missing / moderate other scores,POC0521,31320,Explainable Boosting Machine,0.3130035785766161,0.040508264866581455,False
B: EXT_SOURCE_1 missing / moderate other scores,POC0522,218418,Explainable Boosting Machine,0.18015649093660757,0.02042258183504194,False
B: EXT_SOURCE_1 missing / moderate other scores,POC0523,266978,Explainable Boosting Machine,0.3066215547586214,0.03940049261458826,False
B: EXT_SOURCE_1 missing / moderate other scores,POC0524,128869,Explainable Boosting Machine,0.21938892060147155,0.025771314304410226,False
B: EXT_SOURCE_1 missing / moderate other scores,POC0525,122007,Explainable Boosting Machine,0.2046735058180468,0.023715174959230697,False
B: EXT_SOURCE_1 missing / moderate other scores,POC0526,36461,Explainable Boosting Machine,0.22952523409147152,0.02722463030853598,False
B: EXT_SOURCE_1 missing / moderate other scores,POC0527,32558,Explainable Boosting Machine,0.22949920266615909,0.027220858160462214,False
B: EXT_SOURCE_1 missing / moderate other scores,POC0528,151640,Explainable Boosting Machine,0.16182386281758795,0.01806187890737116,False
B: EXT_SOURCE_1 missing / moderate other scores,POC0529,83970,Explainable Boosting Machine,0.27757474436073154,0.0345631130014068,False
B: EXT_SOURCE_1 missing / moderate other scores,POC0530,270290,Explainable Boosting Machine,0.21539971158159013,0.02520773710369427,False
B: EXT_SOURCE_1 missing / moderate other scores,POC0531,1147,Explainable Boosting Machine,0.5004934851226713,0.08299701003384444,False
B: EXT_SOURCE_1 missing / moderate other scores,POC0532,109840,Explainable Boosting Machine,0.40791711430902683,0.05925930268222894,False
B: EXT_SOURCE_1 missing / moderate other scores,POC0533,8125,Explainable Boosting Machine,0.4506506465161362,0.06940590959388757,False
B: EXT_SOURCE_1 missing / moderate other scores,POC0534,204576,Explainable Boosting Machine,0.22644073761323108,0.026779103879677753,False
B: EXT_SOURCE_1 missing / moderate other scores,POC0535,246601,Explainable Boosting Machine,0.22272391346607678,0.02624607115644509,False
B: EXT_SOURCE_1 missing / moderate other scores,POC0536,86326,Explainable Boosting Machine,0.08630072512285557,0.009125293925148636,False
B: EXT_SOURCE_1 missing / moderate other scores,POC0537,25593,Explainable Boosting Machine,0.3680922348400704,0.05082801417908957,False
B: EXT_SOURCE_1 missing / moderate other scores,POC0538,121095,Explainable Boosting Machine,0.345990006453381,0.04651585725837363,False
B: EXT_SOURCE_1 missing / moderate other scores,POC0539,268312,Explainable Boosting Machine,0.36949740932912845,0.051110554266599946,False
B: EXT_SOURCE_1 missing / moderate other scores,POC0540,96438,Explainable Boosting Machine,0.31294531458878405,0.04049807501089343,False
B: EXT_SOURCE_1 missing / moderate other scores,POC0541,299908,Explainable Boosting Machine,0.4777117621902118,0.07652388372135253,False
B: EXT_SOURCE_1 missing / moderate other scores,POC0542,149893,Explainable Boosting Machine,0.358603502908464,0.048946808969215425,False
B: EXT_SOURCE_1 missing / moderate other scores,POC0543,22985,Explainable Boosting Machine,0.25871455869855065,0.03158984183661569,False
B: EXT_SOURCE_1 missing / moderate other scores,POC0544,278535,Explainable Boosting Machine,0.15558688662906875,0.017277342355215008,False
B: EXT_SOURCE_1 missing / moderate other scores,POC0545,32389,Explainable Boosting Machine,0.4564091289805841,0.07087220334949725,False
B: EXT_SOURCE_1 missing / moderate other scores,POC0546,182503,Explainable Boosting Machine,0.43669049860195297,0.06595305073961302,False
B: EXT_SOURCE_1 missing / moderate other scores,POC0547,18786,Explainable Boosting Machine,0.2662861889031229,0.032768425037805714,False
B: EXT_SOURCE_1 missing / moderate other scores,POC0548,196887,Explainable Boosting Machine,0.3435426406829723,0.04605310659634193,False
B: EXT_SOURCE_1 missing / moderate other scores,POC0549,192481,Explainable Boosting Machine,0.22817198782492046,0.02702880957259534,False
B: EXT_SOURCE_1 missing / moderate other scores,POC0550,40156,Explainable Boosting Machine,0.2978625470295223,0.03790716335548542,False
B: EXT_SOURCE_1 missing / moderate other scores,POC0551,303818,Explainable Boosting Machine,0.3258294543756477,0.04278660656409282,False
B: EXT_SOURCE_1 missing / moderate other scores,POC0552,130068,Explainable Boosting Machine,0.29060160654773615,0.03669228053412356,False
B: EXT_SOURCE_1 missing / moderate other scores,POC0553,68857,Explainable Boosting Machine,0.47342226390374037,0.07535603350887349,False
B: EXT_SOURCE_1 missing / moderate other scores,POC0554,131049,Explainable Boosting Machine,0.14007363136116202,0.015364909098573881,False
B: EXT_SOURCE_1 missing / moderate other scores,POC0555,277981,Explainable Boosting Machine,0.40580999536980206,0.05879004312564802,False
B: EXT_SOURCE_1 missing / moderate other scores,POC0556,63973,Explainable Boosting Machine,0.28125833577518095,0.035158741576995584,False
B: EXT_SOURCE_1 missing / moderate other scores,POC0557,199102,Explainable Boosting Machine,0.4406476840600776,0.06691751466876747,False
B: EXT_SOURCE_1 missing / moderate other scores,POC0558,93189,Explainable Boosting Machine,0.5258478362472595,0.09078556944362473,False
B: EXT_SOURCE_1 missing / moderate other scores,POC0559,88701,Explainable Boosting Machine,0.4733989910945066,0.07534973943742618,False
B: EXT_SOURCE_1 missing / moderate other scores,POC0560,56398,Explainable Boosting Machine,0.3360365866658656,0.0446513954909996,False
B: EXT_SOURCE_1 missing / moderate other scores,POC0561,237176,Explainable Boosting Machine,0.4269560500600888,0.06362695577432752,False
B: EXT_SOURCE_1 missing / moderate other scores,POC0562,139701,Explainable Boosting Machine,0.20907492357461255,0.02432366779653522,False
B: EXT_SOURCE_1 missing / moderate other scores,POC0563,132018,Explainable Boosting Machine,0.22707147398300512,0.026869972230288204,False
B: EXT_SOURCE_1 missing / moderate other scores,POC0564,43600,Explainable Boosting Machine,0.20980824876239074,0.024425582661558847,False
B: EXT_SOURCE_1 missing / moderate other scores,POC0565,56612,Explainable Boosting Machine,0.36989614439219654,0.05119091711706109,False
B: EXT_SOURCE_1 missing / moderate other scores,POC0566,288672,Explainable Boosting Machine,0.5073327268504169,0.08503427284343346,False
B: EXT_SOURCE_1 missing / moderate other scores,POC0567,117788,Explainable Boosting Machine,0.35294464378358953,0.047846552220404966,False
B: EXT_SOURCE_1 missing / moderate other scores,POC0568,230412,Explainable Boosting Machine,0.11855841905572041,0.012799532885978496,False
B: EXT_SOURCE_1 missing / moderate other scores,POC0569,146770,Explainable Boosting Machine,0.4800120206956947,0.07715657903402953,False
B: EXT_SOURCE_1 missing / moderate other scores,POC0570,194887,Explainable Boosting Machine,0.4327486824638417,0.06500327401477866,False
B: EXT_SOURCE_1 missing / moderate other scores,POC0571,220695,Explainable Boosting Machine,0.29995645504794144,0.038261357786633414,False
B: EXT_SOURCE_1 missing / moderate other scores,POC0572,9349,Explainable Boosting Machine,0.48868271979318856,0.07958285916877886,False
B: EXT_SOURCE_1 missing / moderate other scores,POC0573,275169,Explainable Boosting Machine,0.32263243462166524,0.042212057535452645,False
B: EXT_SOURCE_1 missing / moderate other scores,POC0574,305450,Explainable Boosting Machine,0.282438023381747,0.03535055592667101,False
B: EXT_SOURCE_1 missing / moderate other scores,POC0575,223172,Explainable Boosting Machine,0.3732113708715828,0.05186233617055771,False
B: EXT_SOURCE_1 missing / moderate other scores,POC0576,291575,Explainable Boosting Machine,0.5657162450986991,0.10448311037205393,False
B: EXT_SOURCE_1 missing / moderate other scores,POC0577,199474,Explainable Boosting Machine,0.5241165531784591,0.09023257552578468,False
B: EXT_SOURCE_1 missing / moderate other scores,POC0578,129836,Explainable Boosting Machine,0.17036615952433173,0.019151535801429538,False
B: EXT_SOURCE_1 missing / moderate other scores,POC0579,50055,Explainable Boosting Machine,0.34059003535179255,0.0454985910065297,False
B: EXT_SOURCE_1 missing / moderate other scores,POC0580,298358,Explainable Boosting Machine,0.2630437868242508,0.03226128956309734,False
B: EXT_SOURCE_1 missing / moderate other scores,POC0581,15930,Explainable Boosting Machine,0.154212683208352,0.01710571311500874,False
B: EXT_SOURCE_1 missing / moderate other scores,POC0582,87121,Explainable Boosting Machine,0.31627593163113904,0.04108286387080779,False
B: EXT_SOURCE_1 missing / moderate other scores,POC0583,237610,Explainable Boosting Machine,0.36590475970221414,0.0503902266508622,False
B: EXT_SOURCE_1 missing / moderate other scores,POC0584,257715,Explainable Boosting Machine,0.24559741303218352,0.029594044491712802,False
B: EXT_SOURCE_1 missing / moderate other scores,POC0585,132007,Explainable Boosting Machine,0.4684847457818531,0.07403073196040637,False
B: EXT_SOURCE_1 missing / moderate other scores,POC0586,147454,Explainable Boosting Machine,0.11336812146446867,0.012194955770114592,False
B: EXT_SOURCE_1 missing / moderate other scores,POC0587,132068,Explainable Boosting Machine,0.34514197605025915,0.046355188379770484,False
B: EXT_SOURCE_1 missing / moderate other scores,POC0588,175858,Explainable Boosting Machine,0.23063649904066472,0.02738585482918594,False
B: EXT_SOURCE_1 missing / moderate other scores,POC0589,74062,Explainable Boosting Machine,0.2797086750257813,0.03490755513019333,False
B: EXT_SOURCE_1 missing / moderate other scores,POC0590,33816,Explainable Boosting Machine,0.5353006268711564,0.09386299312098656,False
B: EXT_SOURCE_1 missing / moderate other scores,POC0591,111512,Explainable Boosting Machine,0.19671195048487,0.022628213794786144,False
B: EXT_SOURCE_1 missing / moderate other scores,POC0592,272856,Explainable Boosting Machine,0.543396769538847,0.09657951143898603,False
B: EXT_SOURCE_1 missing / moderate other scores,POC0593,262812,Explainable Boosting Machine,0.404177129645241,0.05842827329717698,False
B: EXT_SOURCE_1 missing / moderate other scores,POC0594,121365,Explainable Boosting Machine,0.13826472898344447,0.015145421577996495,False
B: EXT_SOURCE_1 missing / moderate other scores,POC0595,227622,Explainable Boosting Machine,0.47681020353761344,0.0762771378500114,False
B: EXT_SOURCE_1 missing / moderate other scores,POC0596,174709,Explainable Boosting Machine,0.2189871335244351,0.02571433993991646,False
B: EXT_SOURCE_1 missing / moderate other scores,POC0597,58040,Explainable Boosting Machine,0.22606977769079079,0.026725717086436437,False
B: EXT_SOURCE_1 missing / moderate other scores,POC0598,216675,Explainable Boosting Machine,0.2698020920105002,0.03332250905067354,False
B: EXT_SOURCE_1 missing / moderate other scores,POC0599,258011,Explainable Boosting Machine,0.3821518739324915,0.05370248632214954,False
B: EXT_SOURCE_1 missing / moderate other scores,POC0600,208258,Explainable Boosting Machine,0.22021950303981933,0.02588924410879372,False
C: lower external scores / higher credit-income ratio,POC0601,14343,Explainable Boosting Machine,0.6311588090752779,0.13188377751880895,False
C: lower external scores / higher credit-income ratio,POC0602,94529,Explainable Boosting Machine,0.5655583049745546,0.10442492256716669,False
C: lower external scores / higher credit-income ratio,POC0603,26833,Explainable Boosting Machine,0.6737607561042481,0.15414740154739623,False
C: lower external scores / higher credit-income ratio,POC0604,101924,Explainable Boosting Machine,0.4926620314201619,0.08071880181401486,False
C: lower external scores / higher credit-income ratio,POC0605,281182,Explainable Boosting Machine,0.7601943510650159,0.21622578888921729,True
C: lower external scores / higher credit-income ratio,POC0606,208806,Explainable Boosting Machine,0.4401369662364325,0.0667924146464486,False
C: lower external scores / higher credit-income ratio,POC0607,190054,Explainable Boosting Machine,0.44557015337704975,0.06813290322736253,False
C: lower external scores / higher credit-income ratio,POC0608,259619,Explainable Boosting Machine,0.6077308035199619,0.12125531157160836,False
C: lower external scores / higher credit-income ratio,POC0609,292744,Explainable Boosting Machine,0.6447615271489018,0.1385470755190723,False
C: lower external scores / higher credit-income ratio,POC0610,225433,Explainable Boosting Machine,0.39392425105287854,0.056193319330232264,False
C: lower external scores / higher credit-income ratio,POC0611,106133,Explainable Boosting Machine,0.5088314069622686,0.08548679967110778,False
C: lower external scores / higher credit-income ratio,POC0612,229934,Explainable Boosting Machine,0.4509686165727385,0.06948622083374884,False
C: lower external scores / higher credit-income ratio,POC0613,204931,Explainable Boosting Machine,0.46188489310585734,0.07229016631802286,False
C: lower external scores / higher credit-income ratio,POC0614,212950,Explainable Boosting Machine,0.49342087981115607,0.08093706188908362,False
C: lower external scores / higher credit-income ratio,POC0615,162299,Explainable Boosting Machine,0.5362243590558823,0.09416909983344968,False
C: lower external scores / higher credit-income ratio,POC0616,180508,Explainable Boosting Machine,0.38191267814033625,0.05365268546574694,False
C: lower external scores / higher credit-income ratio,POC0617,305767,Explainable Boosting Machine,0.270491039761886,0.03343159607904579,False
C: lower external scores / higher credit-income ratio,POC0618,56063,Explainable Boosting Machine,0.5336146869717675,0.09330680870524195,False
C: lower external scores / higher credit-income ratio,POC0619,50510,Explainable Boosting Machine,0.45020068121147017,0.06929238907829764,False
C: lower external scores / higher credit-income ratio,POC0620,287354,Explainable Boosting Machine,0.5268883622065188,0.09111948796585449,False
C: lower external scores / higher credit-income ratio,POC0621,128424,Explainable Boosting Machine,0.6867369831744659,0.16182627710214184,False
C: lower external scores / higher credit-income ratio,POC0622,279243,Explainable Boosting Machine,0.4484202178098226,0.06884468220544893,False
C: lower external scores / higher credit-income ratio,POC0623,285761,Explainable Boosting Machine,0.5508711122735578,0.09915656446936735,False
C: lower external scores / higher credit-income ratio,POC0624,4692,Explainable Boosting Machine,0.5160439335297149,0.08769612375823402,False
C: lower external scores / higher credit-income ratio,POC0625,144922,Explainable Boosting Machine,0.6142109224895228,0.12409456684355834,False
C: lower external scores / higher credit-income ratio,POC0626,70419,Explainable Boosting Machine,0.42223936742918633,0.06252297997221143,False
C: lower external scores / higher credit-income ratio,POC0627,112460,Explainable Boosting Machine,0.31967785212968003,0.041685033629176235,False
C: lower external scores / higher credit-income ratio,POC0628,44983,Explainable Boosting Machine,0.37905890246321955,0.05306095931251071,False
C: lower external scores / higher credit-income ratio,POC0629,123890,Explainable Boosting Machine,0.44993636444084495,0.06922577591435414,False
C: lower external scores / higher credit-income ratio,POC0630,372,Explainable Boosting Machine,0.551045877278314,0.0992176384086298,False
C: lower external scores / higher credit-income ratio,POC0631,138704,Explainable Boosting Machine,0.4667812820504212,0.0735781284151757,False
C: lower external scores / higher credit-income ratio,POC0632,152894,Explainable Boosting Machine,0.6059925513167838,0.12050610967123124,False
C: lower external scores / higher credit-income ratio,POC0633,22520,Explainable Boosting Machine,0.41872982591297153,0.061711070013302505,False
C: lower external scores / higher credit-income ratio,POC0634,36968,Explainable Boosting Machine,0.29679788950064734,0.03772773712600637,False
C: lower external scores / higher credit-income ratio,POC0635,90871,Explainable Boosting Machine,0.4331848528631703,0.06510783755846482,False
C: lower external scores / higher credit-income ratio,POC0636,153653,Explainable Boosting Machine,0.35301544496685294,0.04786022026000435,False
C: lower external scores / higher credit-income ratio,POC0637,188807,Explainable Boosting Machine,0.5632482146240677,0.10357766262141768,False
C: lower external scores / higher credit-income ratio,POC0638,259279,Explainable Boosting Machine,0.4895220685334655,0.07982126871852402,False
C: lower external scores / higher credit-income ratio,POC0639,75254,Explainable Boosting Machine,0.4553411101198856,0.07059834458320119,False
C: lower external scores / higher credit-income ratio,POC0640,115899,Explainable Boosting Machine,0.7161668724305529,0.18114148560932763,True
C: lower external scores / higher credit-income ratio,POC0641,68788,Explainable Boosting Machine,0.6516267320838134,0.14206080184902076,False
C: lower external scores / higher credit-income ratio,POC0642,222804,Explainable Boosting Machine,0.3094414542827485,0.03988788410904081,False
C: lower external scores / higher credit-income ratio,POC0643,235973,Explainable Boosting Machine,0.7519927131787961,0.2090211687368084,True
C: lower external scores / higher credit-income ratio,POC0644,305096,Explainable Boosting Machine,0.2535317443851466,0.03079440792389048,False
C: lower external scores / higher credit-income ratio,POC0645,122081,Explainable Boosting Machine,0.6036806764028174,0.1195176330206983,False
C: lower external scores / higher credit-income ratio,POC0646,122584,Explainable Boosting Machine,0.4761486136912274,0.07609650702880462,False
C: lower external scores / higher credit-income ratio,POC0647,139941,Explainable Boosting Machine,0.6305139855782878,0.13157732498320207,False
C: lower external scores / higher credit-income ratio,POC0648,5639,Explainable Boosting Machine,0.6518572864167516,0.1421806405505091,False
C: lower external scores / higher credit-income ratio,POC0649,82516,Explainable Boosting Machine,0.22735393939286927,0.026910705356926738,False
C: lower external scores / higher credit-income ratio,POC0650,269078,Explainable Boosting Machine,0.5338997376953954,0.09340061949070463,False
C: lower external scores / higher credit-income ratio,POC0651,241319,Explainable Boosting Machine,0.5773802815650685,0.1088751363490075,False
C: lower external scores / higher credit-income ratio,POC0652,217048,Explainable Boosting Machine,0.4228624134818148,0.06266796204107013,False
C: lower external scores / higher credit-income ratio,POC0653,108055,Explainable Boosting Machine,0.6762112103306052,0.15556196194561425,False
C: lower external scores / higher credit-income ratio,POC0654,191254,Explainable Boosting Machine,0.6019919998350906,0.11880129208512726,False
C: lower external scores / higher credit-income ratio,POC0655,210348,Explainable Boosting Machine,0.4483153851467624,0.0688183949426873,False
C: lower external scores / higher credit-income ratio,POC0656,274216,Explainable Boosting Machine,0.3864272627723425,0.05459800407658904,False
C: lower external scores / higher credit-income ratio,POC0657,109684,Explainable Boosting Machine,0.40654052144411496,0.05895242330728626,False
C: lower external scores / higher credit-income ratio,POC0658,120159,Explainable Boosting Machine,0.4144125393989495,0.06072323745710696,False
C: lower external scores / higher credit-income ratio,POC0659,91040,Explainable Boosting Machine,0.5289615197803154,0.0917883155794216,False
C: lower external scores / higher credit-income ratio,POC0660,165729,Explainable Boosting Machine,0.2962914702548585,0.037642547278898646,False
C: lower external scores / higher credit-income ratio,POC0661,127775,Explainable Boosting Machine,0.43985427038070296,0.06672324855128534,False
C: lower external scores / higher credit-income ratio,POC0662,89528,Explainable Boosting Machine,0.6608836802903753,0.1469697196647185,False
C: lower external scores / higher credit-income ratio,POC0663,180150,Explainable Boosting Machine,0.8458292760127818,0.3192909829789822,True
C: lower external scores / higher credit-income ratio,POC0664,70842,Explainable Boosting Machine,0.545763584001835,0.09738823686834908,False
C: lower external scores / higher credit-income ratio,POC0665,47668,Explainable Boosting Machine,0.6101796755289516,0.12231963148268137,False
C: lower external scores / higher credit-income ratio,POC0666,247508,Explainable Boosting Machine,0.5576213471747883,0.10154337278084627,False
C: lower external scores / higher credit-income ratio,POC0667,102323,Explainable Boosting Machine,0.5569797168861479,0.10131401329140681,False
C: lower external scores / higher credit-income ratio,POC0668,173796,Explainable Boosting Machine,0.4740968704518078,0.0755386756203607,False
C: lower external scores / higher credit-income ratio,POC0669,156684,Explainable Boosting Machine,0.5556197334621237,0.10082961043020476,False
C: lower external scores / higher credit-income ratio,POC0670,144905,Explainable Boosting Machine,0.4925393239108113,0.08068355824532521,False
C: lower external scores / higher credit-income ratio,POC0671,229123,Explainable Boosting Machine,0.17402133360036337,0.019623260522599644,False
C: lower external scores / higher credit-income ratio,POC0672,218412,Explainable Boosting Machine,0.6826916963855845,0.15938187009515856,False
C: lower external scores / higher credit-income ratio,POC0673,70382,Explainable Boosting Machine,0.5438189964546963,0.09672329279105098,False
C: lower external scores / higher credit-income ratio,POC0674,124028,Explainable Boosting Machine,0.3894822349164296,0.05524419966076839,False
C: lower external scores / higher credit-income ratio,POC0675,186554,Explainable Boosting Machine,0.7189428275944468,0.1831157376688791,True
C: lower external scores / higher credit-income ratio,POC0676,176407,Explainable Boosting Machine,0.6445380923966106,0.1384344678130057,False
C: lower external scores / higher credit-income ratio,POC0677,139785,Explainable Boosting Machine,0.7969871815726127,0.2533373519031636,True
C: lower external scores / higher credit-income ratio,POC0678,70870,Explainable Boosting Machine,0.6523863381206303,0.1424560927467352,False
C: lower external scores / higher credit-income ratio,POC0679,258040,Explainable Boosting Machine,0.5202569431505231,0.0890113141321997,False
C: lower external scores / higher credit-income ratio,POC0680,36357,Explainable Boosting Machine,0.43846487484364133,0.06638413730047238,False
C: lower external scores / higher credit-income ratio,POC0681,225837,Explainable Boosting Machine,0.8186958681606887,0.27980027727703916,True
C: lower external scores / higher credit-income ratio,POC0682,63803,Explainable Boosting Machine,0.4714980861670415,0.07483716494339467,False
C: lower external scores / higher credit-income ratio,POC0683,33926,Explainable Boosting Machine,0.5915239135833006,0.11446461078223995,False
C: lower external scores / higher credit-income ratio,POC0684,260863,Explainable Boosting Machine,0.44144014102161083,0.06711199613868182,False
C: lower external scores / higher credit-income ratio,POC0685,131737,Explainable Boosting Machine,0.7641321964397442,0.2198095360771755,True
C: lower external scores / higher credit-income ratio,POC0686,58955,Explainable Boosting Machine,0.4169825292249352,0.06130983023720002,False
C: lower external scores / higher credit-income ratio,POC0687,183690,Explainable Boosting Machine,0.5930533022519618,0.1150872725655952,False
C: lower external scores / higher credit-income ratio,POC0688,156774,Explainable Boosting Machine,0.5803962246719224,0.11004208015321207,False
C: lower external scores / higher credit-income ratio,POC0689,278903,Explainable Boosting Machine,0.6540302946262727,0.1433161255376133,False
C: lower external scores / higher credit-income ratio,POC0690,259414,Explainable Boosting Machine,0.5927472728704554,0.11496238466407384,False
C: lower external scores / higher credit-income ratio,POC0691,63171,Explainable Boosting Machine,0.8598066570662283,0.343167814891672,True
C: lower external scores / higher credit-income ratio,POC0692,92840,Explainable Boosting Machine,0.5382409750579457,0.09484076783934003,False
C: lower external scores / higher credit-income ratio,POC0693,42939,Explainable Boosting Machine,0.571388355831296,0.10659528777655214,False
C: lower external scores / higher credit-income ratio,POC0694,265489,Explainable Boosting Machine,0.5494324788106048,0.09865524967469033,False
C: lower external scores / higher credit-income ratio,POC0695,32897,Explainable Boosting Machine,0.5263243350805572,0.09093833816764645,False
C: lower external scores / higher credit-income ratio,POC0696,171309,Explainable Boosting Machine,0.577445939984071,0.10890040117460198,False
C: lower external scores / higher credit-income ratio,POC0697,220505,Explainable Boosting Machine,0.7335139482153537,0.19396498434981588,True
C: lower external scores / higher credit-income ratio,POC0698,209627,Explainable Boosting Machine,0.39402695748943795,0.056215399541824605,False
C: lower external scores / higher credit-income ratio,POC0699,239357,Explainable Boosting Machine,0.6032035254912078,0.11931474124945683,False
C: lower external scores / higher credit-income ratio,POC0700,180250,Explainable Boosting Machine,0.47008997820968196,0.07445939848342845,False
C: lower external scores / higher credit-income ratio,POC0701,305932,Explainable Boosting Machine,0.6103943667834768,0.12241343696390712,False
C: lower external scores / higher credit-income ratio,POC0702,102415,Explainable Boosting Machine,0.7349407947433494,0.19507357478082682,True
C: lower external scores / higher credit-income ratio,POC0703,202927,Explainable Boosting Machine,0.5165224745426555,0.0878445836058871,False
C: lower external scores / higher credit-income ratio,POC0704,295675,Explainable Boosting Machine,0.7251090952109789,0.18760485277383976,True
C: lower external scores / higher credit-income ratio,POC0705,3772,Explainable Boosting Machine,0.8097742297430722,0.2684429408607185,True
C: lower external scores / higher credit-income ratio,POC0706,243150,Explainable Boosting Machine,0.8674085979363214,0.3573821449216031,True
C: lower external scores / higher credit-income ratio,POC0707,248501,Explainable Boosting Machine,0.68738495135467,0.16222221502863932,False
C: lower external scores / higher credit-income ratio,POC0708,282681,Explainable Boosting Machine,0.5521211766231436,0.09959425089675572,False
C: lower external scores / higher credit-income ratio,POC0709,257081,Explainable Boosting Machine,0.43102424698371156,0.06459115704498855,False
C: lower external scores / higher credit-income ratio,POC0710,102468,Explainable Boosting Machine,0.8448547778339095,0.31772540353462864,True
C: lower external scores / higher credit-income ratio,POC0711,214137,Explainable Boosting Machine,0.47488501400109295,0.07575253892850015,False
C: lower external scores / higher credit-income ratio,POC0712,200185,Explainable Boosting Machine,0.5577703620076274,0.10159671584695648,False
C: lower external scores / higher credit-income ratio,POC0713,273544,Explainable Boosting Machine,0.6569696682633129,0.1448695039307641,False
C: lower external scores / higher credit-income ratio,POC0714,273140,Explainable Boosting Machine,0.5477327394007386,0.09806622576808444,False
C: lower external scores / higher credit-income ratio,POC0715,6805,Explainable Boosting Machine,0.5725693244559055,0.10704063024988425,False
C: lower external scores / higher credit-income ratio,POC0716,306136,Explainable Boosting Machine,0.5506142722054578,0.09906687698143825,False
C: lower external scores / higher credit-income ratio,POC0717,57720,Explainable Boosting Machine,0.524703326819629,0.09041963636627759,False
C: lower external scores / higher credit-income ratio,POC0718,278139,Explainable Boosting Machine,0.5665201290497046,0.10477979550021388,False
C: lower external scores / higher credit-income ratio,POC0719,28733,Explainable Boosting Machine,0.7210511868498147,0.18463435120377975,True
C: lower external scores / higher credit-income ratio,POC0720,238601,Explainable Boosting Machine,0.549962789686861,0.09883974781551876,False
C: lower external scores / higher credit-income ratio,POC0721,241724,Explainable Boosting Machine,0.5139086766841353,0.08703656062165588,False
C: lower external scores / higher credit-income ratio,POC0722,171743,Explainable Boosting Machine,0.4044357405335249,0.05848546144378404,False
C: lower external scores / higher credit-income ratio,POC0723,253011,Explainable Boosting Machine,0.5181243668035994,0.08834326982762383,False
C: lower external scores / higher credit-income ratio,POC0724,297783,Explainable Boosting Machine,0.4454504288126901,0.06810313369642838,False
C: lower external scores / higher credit-income ratio,POC0725,21579,Explainable Boosting Machine,0.2668512518574005,0.03285718129960567,False
C: lower external scores / higher credit-income ratio,POC0726,23964,Explainable Boosting Machine,0.42166562602012053,0.06238969718454622,False
C: lower external scores / higher credit-income ratio,POC0727,131196,Explainable Boosting Machine,0.5545822620091742,0.10046166341443788,False
C: lower external scores / higher credit-income ratio,POC0728,51277,Explainable Boosting Machine,0.611345471791524,0.12282997628597113,False
C: lower external scores / higher credit-income ratio,POC0729,172683,Explainable Boosting Machine,0.7356160980061794,0.19560125882625568,True
C: lower external scores / higher credit-income ratio,POC0730,233597,Explainable Boosting Machine,0.48251373406755926,0.07784985753802585,False
C: lower external scores / higher credit-income ratio,POC0731,222818,Explainable Boosting Machine,0.43390957944352776,0.06528186805501592,False
C: lower external scores / higher credit-income ratio,POC0732,281506,Explainable Boosting Machine,0.6312198786953392,0.1319128437667365,False
C: lower external scores / higher credit-income ratio,POC0733,77011,Explainable Boosting Machine,0.7684435660624204,0.22383059281094259,True
C: lower external scores / higher credit-income ratio,POC0734,296587,Explainable Boosting Machine,0.5045931565806148,0.08421276814816529,False
C: lower external scores / higher credit-income ratio,POC0735,111967,Explainable Boosting Machine,0.42379818546043596,0.06288619700501655,False
C: lower external scores / higher credit-income ratio,POC0736,246331,Explainable Boosting Machine,0.6517904243376658,0.14214587415520924,False
C: lower external scores / higher credit-income ratio,POC0737,83901,Explainable Boosting Machine,0.7210865776837018,0.18465998555622135,True
C: lower external scores / higher credit-income ratio,POC0738,43423,Explainable Boosting Machine,0.46503176065659024,0.07311572774701963,False
C: lower external scores / higher credit-income ratio,POC0739,4795,Explainable Boosting Machine,0.6863737726238921,0.16160487470040946,False
C: lower external scores / higher credit-income ratio,POC0740,73450,Explainable Boosting Machine,0.6180896034133446,0.12582978996063565,False
C: lower external scores / higher credit-income ratio,POC0741,148307,Explainable Boosting Machine,0.4765673625805999,0.07621079307161184,False
C: lower external scores / higher credit-income ratio,POC0742,10564,Explainable Boosting Machine,0.6755598271034113,0.15518436988561032,False
C: lower external scores / higher credit-income ratio,POC0743,295869,Explainable Boosting Machine,0.6519262311437153,0.14221650055143759,False
C: lower external scores / higher credit-income ratio,POC0744,192847,Explainable Boosting Machine,0.7198798509298175,0.18378859724166888,True
C: lower external scores / higher credit-income ratio,POC0745,211192,Explainable Boosting Machine,0.5349485426589012,0.09374657547029336,False
C: lower external scores / higher credit-income ratio,POC0746,156187,Explainable Boosting Machine,0.4069740997467343,0.05904895349374187,False
C: lower external scores / higher credit-income ratio,POC0747,18847,Explainable Boosting Machine,0.6572163881211335,0.14500081180145144,False
C: lower external scores / higher credit-income ratio,POC0748,258327,Explainable Boosting Machine,0.5785824671303399,0.10933871202121578,False
C: lower external scores / higher credit-income ratio,POC0749,50386,Explainable Boosting Machine,0.7688564389214408,0.22422114642563454,True
C: lower external scores / higher credit-income ratio,POC0750,117743,Explainable Boosting Machine,0.49596733226902623,0.08167335263110058,False
C: lower external scores / higher credit-income ratio,POC0751,82020,Explainable Boosting Machine,0.4988690607206555,0.0825197317433822,False
C: lower external scores / higher credit-income ratio,POC0752,41141,Explainable Boosting Machine,0.3327856457409219,0.044052369488061544,False
C: lower external scores / higher credit-income ratio,POC0753,158665,Explainable Boosting Machine,0.4467190432632958,0.06841910901397603,False
C: lower external scores / higher credit-income ratio,POC0754,249190,Explainable Boosting Machine,0.45386082287745527,0.07022021612580093,False
C: lower external scores / higher credit-income ratio,POC0755,117485,Explainable Boosting Machine,0.7681602634964854,0.22356316630629422,True
C: lower external scores / higher credit-income ratio,POC0756,45546,Explainable Boosting Machine,0.20725906224822285,0.024071963517241626,False
C: lower external scores / higher credit-income ratio,POC0757,53302,Explainable Boosting Machine,0.7515031131834033,0.20860176950488585,True
C: lower external scores / higher credit-income ratio,POC0758,41703,Explainable Boosting Machine,0.6223761070215421,0.1277795933193079,False
C: lower external scores / higher credit-income ratio,POC0759,139285,Explainable Boosting Machine,0.4894996712917717,0.07981489874350249,False
C: lower external scores / higher credit-income ratio,POC0760,53694,Explainable Boosting Machine,0.486573976087073,0.07898667471876533,False
C: lower external scores / higher credit-income ratio,POC0761,159555,Explainable Boosting Machine,0.5473861310842244,0.09794654592158065,False
C: lower external scores / higher credit-income ratio,POC0762,236729,Explainable Boosting Machine,0.6289803082030426,0.1308517531104508,False
C: lower external scores / higher credit-income ratio,POC0763,85262,Explainable Boosting Machine,0.5707644005594037,0.10636077770663106,False
C: lower external scores / higher credit-income ratio,POC0764,13420,Explainable Boosting Machine,0.5603203326074315,0.10251398114753303,False
C: lower external scores / higher credit-income ratio,POC0765,15174,Explainable Boosting Machine,0.31776280111075317,0.04134544463065111,False
C: lower external scores / higher credit-income ratio,POC0766,55769,Explainable Boosting Machine,0.3996353307147122,0.05743051156951754,False
C: lower external scores / higher credit-income ratio,POC0767,64227,Explainable Boosting Machine,0.20897776299109172,0.024310176257851805,False
C: lower external scores / higher credit-income ratio,POC0768,121958,Explainable Boosting Machine,0.5951182342548788,0.11593382269559793,False
C: lower external scores / higher credit-income ratio,POC0769,5378,Explainable Boosting Machine,0.5445407792518986,0.09696957480618937,False
C: lower external scores / higher credit-income ratio,POC0770,274173,Explainable Boosting Machine,0.6284174972222257,0.1305866528964171,False
C: lower external scores / higher credit-income ratio,POC0771,306424,Explainable Boosting Machine,0.3727101340206931,0.05176044839304275,False
C: lower external scores / higher credit-income ratio,POC0772,27394,Explainable Boosting Machine,0.5455803886184375,0.09732540024171585,False
C: lower external scores / higher credit-income ratio,POC0773,288487,Explainable Boosting Machine,0.5160277276112857,0.08769110025950691,False
C: lower external scores / higher credit-income ratio,POC0774,155153,Explainable Boosting Machine,0.39014933064661056,0.05538601244698209,False
C: lower external scores / higher credit-income ratio,POC0775,198799,Explainable Boosting Machine,0.6254806658587497,0.12921333166226923,False
C: lower external scores / higher credit-income ratio,POC0776,257062,Explainable Boosting Machine,0.5981101797427341,0.1171725021826627,False
C: lower external scores / higher credit-income ratio,POC0777,21435,Explainable Boosting Machine,0.4865487035053442,0.07897955369670547,False
C: lower external scores / higher credit-income ratio,POC0778,224429,Explainable Boosting Machine,0.7167987004266937,0.1815883485123639,True
C: lower external scores / higher credit-income ratio,POC0779,83357,Explainable Boosting Machine,0.7272315203738724,0.1891840745063642,True
C: lower external scores / higher credit-income ratio,POC0780,189909,Explainable Boosting Machine,0.8098316445742373,0.2685137834533244,True
C: lower external scores / higher credit-income ratio,POC0781,275808,Explainable Boosting Machine,0.48905807371583315,0.07968939676269074,False
C: lower external scores / higher credit-income ratio,POC0782,140407,Explainable Boosting Machine,0.5713569852150194,0.10658348441154275,False
C: lower external scores / higher credit-income ratio,POC0783,79657,Explainable Boosting Machine,0.7703128656798297,0.22560663891426574,True
C: lower external scores / higher credit-income ratio,POC0784,106834,Explainable Boosting Machine,0.6280244618019283,0.13040188978007566,False
C: lower external scores / higher credit-income ratio,POC0785,273213,Explainable Boosting Machine,0.5073553880573173,0.08504109887689366,False
C: lower external scores / higher credit-income ratio,POC0786,156939,Explainable Boosting Machine,0.7106560008283943,0.1773048192758088,True
C: lower external scores / higher credit-income ratio,POC0787,50161,Explainable Boosting Machine,0.3173641799073261,0.04127495585528405,False
C: lower external scores / higher credit-income ratio,POC0788,94024,Explainable Boosting Machine,0.5727510077823891,0.10710931569593639,False
C: lower external scores / higher credit-income ratio,POC0789,20943,Explainable Boosting Machine,0.5316426250964135,0.09266030462532555,False
C: lower external scores / higher credit-income ratio,POC0790,196856,Explainable Boosting Machine,0.6250212904000476,0.1290000254191785,False
C: lower external scores / higher credit-income ratio,POC0791,169146,Explainable Boosting Machine,0.4380286856491731,0.06627795861161634,False
C: lower external scores / higher credit-income ratio,POC0792,95011,Explainable Boosting Machine,0.4415949674929883,0.06715004561209306,False
C: lower external scores / higher credit-income ratio,POC0793,219352,Explainable Boosting Machine,0.5512007423693865,0.09927178971495605,False
C: lower external scores / higher credit-income ratio,POC0794,287797,Explainable Boosting Machine,0.8016044950934141,0.2586418872240747,True
C: lower external scores / higher credit-income ratio,POC0795,286554,Explainable Boosting Machine,0.6511594820733977,0.14181830365673453,False
C: lower external scores / higher credit-income ratio,POC0796,266702,Explainable Boosting Machine,0.6121890075177796,0.1232007366377937,False
C: lower external scores / higher credit-income ratio,POC0797,24703,Explainable Boosting Machine,0.4578204417675555,0.07123543562918562,False
C: lower external scores / higher credit-income ratio,POC0798,246684,Explainable Boosting Machine,0.4893857279614987,0.07978249924753303,False
C: lower external scores / higher credit-income ratio,POC0799,22765,Explainable Boosting Machine,0.6954907478467655,0.16728107201673378,True
C: lower external scores / higher credit-income ratio,POC0800,149948,Explainable Boosting Machine,0.547535393158717,0.09799806646938622,False
C: lower external scores / higher credit-income ratio,POC0801,57342,Explainable Boosting Machine,0.6186000938450277,0.12606021114714308,False
C: lower external scores / higher credit-income ratio,POC0802,197162,Explainable Boosting Machine,0.3000602216033278,0.0382789557163366,False
C: lower external scores / higher credit-income ratio,POC0803,236247,Explainable Boosting Machine,0.7432159739354152,0.20167667275497037,True
C: lower external scores / higher credit-income ratio,POC0804,275522,Explainable Boosting Machine,0.7209833138223458,0.18458520256964472,True
C: lower external scores / higher credit-income ratio,POC0805,134239,Explainable Boosting Machine,0.5155132077231469,0.08753175029313728,False
C: lower external scores / higher credit-income ratio,POC0806,90949,Explainable Boosting Machine,0.44831403605826164,0.06881805670575476,False
C: lower external scores / higher credit-income ratio,POC0807,216433,Explainable Boosting Machine,0.2647469429898007,0.03252721839104988,False
C: lower external scores / higher credit-income ratio,POC0808,266388,Explainable Boosting Machine,0.5711073571450473,0.10648960918407045,False
C: lower external scores / higher credit-income ratio,POC0809,282235,Explainable Boosting Machine,0.5642743929683156,0.10395314924412019,False
C: lower external scores / higher credit-income ratio,POC0810,12730,Explainable Boosting Machine,0.7345119037336434,0.19473944368205612,True
C: lower external scores / higher credit-income ratio,POC0811,305356,Explainable Boosting Machine,0.7187495597959668,0.18297736336426124,True
C: lower external scores / higher credit-income ratio,POC0812,138657,Explainable Boosting Machine,0.6775821006201527,0.15636038767703295,False
C: lower external scores / higher credit-income ratio,POC0813,44682,Explainable Boosting Machine,0.18990671105059573,0.021712803629554113,False
C: lower external scores / higher credit-income ratio,POC0814,295197,Explainable Boosting Machine,0.7625234511561048,0.2183353763065575,True
C: lower external scores / higher credit-income ratio,POC0815,106758,Explainable Boosting Machine,0.36010629031048136,0.0492416859190771,False
C: lower external scores / higher credit-income ratio,POC0816,115518,Explainable Boosting Machine,0.4668889109364583,0.07360665539942131,False
C: lower external scores / higher credit-income ratio,POC0817,63860,Explainable Boosting Machine,0.6019870724504531,0.11879920883318762,False
C: lower external scores / higher credit-income ratio,POC0818,124791,Explainable Boosting Machine,0.6544776936511179,0.14355126236363938,False
C: lower external scores / higher credit-income ratio,POC0819,138326,Explainable Boosting Machine,0.7459049412868496,0.2038883482491132,True
C: lower external scores / higher credit-income ratio,POC0820,24762,Explainable Boosting Machine,0.3924978574602556,0.05588730175345364,False
C: lower external scores / higher credit-income ratio,POC0821,31320,Explainable Boosting Machine,0.7117756118101993,0.1780755597057267,True
C: lower external scores / higher credit-income ratio,POC0822,218418,Explainable Boosting Machine,0.41074632571653186,0.05989369709703033,False
C: lower external scores / higher credit-income ratio,POC0823,266978,Explainable Boosting Machine,0.4806481444895462,0.07733234922604768,False
C: lower external scores / higher credit-income ratio,POC0824,128869,Explainable Boosting Machine,0.5215089715586793,0.08940574816765937,False
C: lower external scores / higher credit-income ratio,POC0825,122007,Explainable Boosting Machine,0.5052046243963172,0.08439549077504702,False
C: lower external scores / higher credit-income ratio,POC0826,36461,Explainable Boosting Machine,0.5147976354679213,0.08731058520493419,False
C: lower external scores / higher credit-income ratio,POC0827,32558,Explainable Boosting Machine,0.5426227650672816,0.09631648937765297,False
C: lower external scores / higher credit-income ratio,POC0828,151640,Explainable Boosting Machine,0.45259688435004747,0.06989867149631977,False
C: lower external scores / higher credit-income ratio,POC0829,83970,Explainable Boosting Machine,0.5935663009106389,0.11529695387073667,False
C: lower external scores / higher credit-income ratio,POC0830,270290,Explainable Boosting Machine,0.5980577844180434,0.11715068600910347,False
C: lower external scores / higher credit-income ratio,POC0831,1147,Explainable Boosting Machine,0.6846080462171421,0.1605339863379869,False
C: lower external scores / higher credit-income ratio,POC0832,109840,Explainable Boosting Machine,0.6423992484107047,0.13736199236955593,False
C: lower external scores / higher credit-income ratio,POC0833,8125,Explainable Boosting Machine,0.6157968429255913,0.12480077471878137,False
C: lower external scores / higher credit-income ratio,POC0834,204576,Explainable Boosting Machine,0.38244778850334327,0.05376413995999188,False
C: lower external scores / higher credit-income ratio,POC0835,246601,Explainable Boosting Machine,0.3887279280645212,0.055084153600974906,False
C: lower external scores / higher credit-income ratio,POC0836,86326,Explainable Boosting Machine,0.26045028428302947,0.03185827286435111,False
C: lower external scores / higher credit-income ratio,POC0837,25593,Explainable Boosting Machine,0.6959637973311052,0.16758249700959785,True
C: lower external scores / higher credit-income ratio,POC0838,121095,Explainable Boosting Machine,0.5883521797592077,0.11318489986343225,False
C: lower external scores / higher credit-income ratio,POC0839,268312,Explainable Boosting Machine,0.7527045093003776,0.20963300475663674,True
C: lower external scores / higher credit-income ratio,POC0840,96438,Explainable Boosting Machine,0.5480770656626743,0.09818526253641476,False
C: lower external scores / higher credit-income ratio,POC0841,299908,Explainable Boosting Machine,0.720705258001368,0.1843840371333349,True
C: lower external scores / higher credit-income ratio,POC0842,149893,Explainable Boosting Machine,0.5209485443476124,0.08922898868620571,False
C: lower external scores / higher credit-income ratio,POC0843,22985,Explainable Boosting Machine,0.513309984903976,0.0868524658514741,False
C: lower external scores / higher credit-income ratio,POC0844,278535,Explainable Boosting Machine,0.36459523649429976,0.05012933381850099,False
C: lower external scores / higher credit-income ratio,POC0845,32389,Explainable Boosting Machine,0.6829185828092772,0.15951772967066263,False
C: lower external scores / higher credit-income ratio,POC0846,182503,Explainable Boosting Machine,0.7958792105212441,0.25208851920302877,True
C: lower external scores / higher credit-income ratio,POC0847,18786,Explainable Boosting Machine,0.44733438410047216,0.0685727986925999,False
C: lower external scores / higher credit-income ratio,POC0848,196887,Explainable Boosting Machine,0.6111580356733272,0.12274776245466813,False
C: lower external scores / higher credit-income ratio,POC0849,192481,Explainable Boosting Machine,0.5128820721179099,0.08672110798636125,False
C: lower external scores / higher credit-income ratio,POC0850,40156,Explainable Boosting Machine,0.5042079885979286,0.08409785646678787,False
C: lower external scores / higher credit-income ratio,POC0851,303818,Explainable Boosting Machine,0.5068859571933614,0.08489979966566302,False
C: lower external scores / higher credit-income ratio,POC0852,130068,Explainable Boosting Machine,0.47523603742328935,0.07584795716795574,False
C: lower external scores / higher credit-income ratio,POC0853,68857,Explainable Boosting Machine,0.7359612761776134,0.195871733130011,True
C: lower external scores / higher credit-income ratio,POC0854,131049,Explainable Boosting Machine,0.43332256156570514,0.06514087791643142,False
C: lower external scores / higher credit-income ratio,POC0855,277981,Explainable Boosting Machine,0.6129930287294066,0.12355530031376986,False
C: lower external scores / higher credit-income ratio,POC0856,63973,Explainable Boosting Machine,0.468296398802513,0.07398057304944586,False
C: lower external scores / higher credit-income ratio,POC0857,199102,Explainable Boosting Machine,0.6943630797570312,0.16656532942433278,True
C: lower external scores / higher credit-income ratio,POC0858,93189,Explainable Boosting Machine,0.7419713428870567,0.20066414870110388,True
C: lower external scores / higher credit-income ratio,POC0859,88701,Explainable Boosting Machine,0.7895519751100878,0.24512811980096397,True
C: lower external scores / higher credit-income ratio,POC0860,56398,Explainable Boosting Machine,0.680777304562639,0.15824131068164396,False
C: lower external scores / higher credit-income ratio,POC0861,237176,Explainable Boosting Machine,0.729165138624161,0.19063842449357188,True
C: lower external scores / higher credit-income ratio,POC0862,139701,Explainable Boosting Machine,0.5104299714828212,0.08597194524963271,False
C: lower external scores / higher credit-income ratio,POC0863,132018,Explainable Boosting Machine,0.494089263125156,0.08112974074403993,False
C: lower external scores / higher credit-income ratio,POC0864,43600,Explainable Boosting Machine,0.44930175670443895,0.06906605480260089,False
C: lower external scores / higher credit-income ratio,POC0865,56612,Explainable Boosting Machine,0.6552063934857691,0.14393523708501035,False
C: lower external scores / higher credit-income ratio,POC0866,288672,Explainable Boosting Machine,0.7671854440199055,0.222646446794349,True
C: lower external scores / higher credit-income ratio,POC0867,117788,Explainable Boosting Machine,0.6376163584919402,0.13499899981042995,False
C: lower external scores / higher credit-income ratio,POC0868,230412,Explainable Boosting Machine,0.3182723307551798,0.04143564430136357,False
C: lower external scores / higher credit-income ratio,POC0869,146770,Explainable Boosting Machine,0.6390478385118051,0.1357011727741681,False
C: lower external scores / higher credit-income ratio,POC0870,194887,Explainable Boosting Machine,0.6324617348757976,0.13250552527495002,False
C: lower external scores / higher credit-income ratio,POC0871,220695,Explainable Boosting Machine,0.6386364211188925,0.13549892506930175,False
C: lower external scores / higher credit-income ratio,POC0872,9349,Explainable Boosting Machine,0.7474651654068657,0.20518701757314883,True
C: lower external scores / higher credit-income ratio,POC0873,275169,Explainable Boosting Machine,0.6071501981811726,0.12100449004602724,False
C: lower external scores / higher credit-income ratio,POC0874,305450,Explainable Boosting Machine,0.5240721163636416,0.09021842434500592,False
C: lower external scores / higher credit-income ratio,POC0875,223172,Explainable Boosting Machine,0.746988476893559,0.20478902915493152,True
C: lower external scores / higher credit-income ratio,POC0876,291575,Explainable Boosting Machine,0.7323451637223775,0.1930632621931511,True
C: lower external scores / higher credit-income ratio,POC0877,199474,Explainable Boosting Machine,0.8286494590257641,0.29335991744142936,True
C: lower external scores / higher credit-income ratio,POC0878,129836,Explainable Boosting Machine,0.5267303834600133,0.09106871468252266,False
C: lower external scores / higher credit-income ratio,POC0879,50055,Explainable Boosting Machine,0.599081641508294,0.11757780471804127,False
C: lower external scores / higher credit-income ratio,POC0880,298358,Explainable Boosting Machine,0.5230789328105676,0.08990269131229778,False
C: lower external scores / higher credit-income ratio,POC0881,15930,Explainable Boosting Machine,0.3228773274410734,0.04225591018522919,False
C: lower external scores / higher credit-income ratio,POC0882,87121,Explainable Boosting Machine,0.5242316456619794,0.09026923730746107,False
C: lower external scores / higher credit-income ratio,POC0883,237610,Explainable Boosting Machine,0.49915775890239683,0.08260437257619055,False
C: lower external scores / higher credit-income ratio,POC0884,257715,Explainable Boosting Machine,0.47072425771525045,0.07462936058106599,False
C: lower external scores / higher credit-income ratio,POC0885,132007,Explainable Boosting Machine,0.5613638308626855,0.10289178474965405,False
C: lower external scores / higher credit-income ratio,POC0886,147454,Explainable Boosting Machine,0.23527967143537218,0.028063624267183455,False
C: lower external scores / higher credit-income ratio,POC0887,132068,Explainable Boosting Machine,0.6730476595535166,0.15373876365325964,False
C: lower external scores / higher credit-income ratio,POC0888,175858,Explainable Boosting Machine,0.5018574729860925,0.083399708126562,False
C: lower external scores / higher credit-income ratio,POC0889,74062,Explainable Boosting Machine,0.44583091853009654,0.06819777883400097,False
C: lower external scores / higher credit-income ratio,POC0890,33816,Explainable Boosting Machine,0.7568752612004547,0.2132688453515737,True
C: lower external scores / higher credit-income ratio,POC0891,111512,Explainable Boosting Machine,0.5774784715771002,0.1089129213636416,False
C: lower external scores / higher credit-income ratio,POC0892,272856,Explainable Boosting Machine,0.7721160086155425,0.2273389871007613,True
C: lower external scores / higher credit-income ratio,POC0893,262812,Explainable Boosting Machine,0.7072595962736947,0.1749933523811813,True
C: lower external scores / higher credit-income ratio,POC0894,121365,Explainable Boosting Machine,0.5049690201482223,0.08432504293825734,False
C: lower external scores / higher credit-income ratio,POC0895,227622,Explainable Boosting Machine,0.7515804561871342,0.20866794472093145,True
C: lower external scores / higher credit-income ratio,POC0896,174709,Explainable Boosting Machine,0.45867803197039597,0.07145690816845607,False
C: lower external scores / higher credit-income ratio,POC0897,58040,Explainable Boosting Machine,0.5098896463303977,0.08580767773411907,False
C: lower external scores / higher credit-income ratio,POC0898,216675,Explainable Boosting Machine,0.5237167340991091,0.09010532690294666,False
C: lower external scores / higher credit-income ratio,POC0899,258011,Explainable Boosting Machine,0.6538228062259984,0.1432072345756487,False
C: lower external scores / higher credit-income ratio,POC0900,208258,Explainable Boosting Machine,0.4725324239695274,0.0751156996337489,False
A: higher external scores / lower credit-income ratio,POC0001,14343,XGBoost,0.13457177579402924,0.01703068378823879,False
A: higher external scores / lower credit-income ratio,POC0002,94529,XGBoost,0.12301653623580933,0.015462870982968101,False
A: higher external scores / lower credit-income ratio,POC0003,26833,XGBoost,0.12127990275621414,0.015229718028877503,False
A: higher external scores / lower credit-income ratio,POC0004,101924,XGBoost,0.1435532122850418,0.0182697409928616,False
A: higher external scores / lower credit-income ratio,POC0005,281182,XGBoost,0.30189037322998047,0.043892511788238185,False
A: higher external scores / lower credit-income ratio,POC0006,208806,XGBoost,0.04338459670543671,0.005327937332328737,False
A: higher external scores / lower credit-income ratio,POC0007,190054,XGBoost,0.12461119145154953,0.015677522681905455,False
A: higher external scores / lower credit-income ratio,POC0008,259619,XGBoost,0.08843311667442322,0.01093234542009516,False
A: higher external scores / lower credit-income ratio,POC0009,292744,XGBoost,0.19295969605445862,0.02543965646231439,False
A: higher external scores / lower credit-income ratio,POC0010,225433,XGBoost,0.05967674404382706,0.007323423083829186,False
A: higher external scores / lower credit-income ratio,POC0011,106133,XGBoost,0.13436926901340485,0.017002956275724256,False
A: higher external scores / lower credit-income ratio,POC0012,229934,XGBoost,0.08408202230930328,0.010377939877216658,False
A: higher external scores / lower credit-income ratio,POC0013,204931,XGBoost,0.0649031400680542,0.007970271152636455,False
A: higher external scores / lower credit-income ratio,POC0014,212950,XGBoost,0.2139449268579483,0.02868650191004125,False
A: higher external scores / lower credit-income ratio,POC0015,162299,XGBoost,0.08501948416233063,0.010497118401295776,False
A: higher external scores / lower credit-income ratio,POC0016,180508,XGBoost,0.07558231055736542,0.009303932426576532,False
A: higher external scores / lower credit-income ratio,POC0017,305767,XGBoost,0.05120197683572769,0.006281817030223881,False
A: higher external scores / lower credit-income ratio,POC0018,56063,XGBoost,0.1044706478714943,0.013004757278982686,False
A: higher external scores / lower credit-income ratio,POC0019,50510,XGBoost,0.14606668055057526,0.018619809366927746,False
A: higher external scores / lower credit-income ratio,POC0020,287354,XGBoost,0.06302466988563538,0.007737361958047007,False
A: higher external scores / lower credit-income ratio,POC0021,128424,XGBoost,0.15884752571582794,0.0204231195966491,False
A: higher external scores / lower credit-income ratio,POC0022,279243,XGBoost,0.103602334856987,0.012891334604530338,False
A: higher external scores / lower credit-income ratio,POC0023,285761,XGBoost,0.07537349313497543,0.009277691131494185,False
A: higher external scores / lower credit-income ratio,POC0024,4692,XGBoost,0.11243410408496857,0.014051792413275642,False
A: higher external scores / lower credit-income ratio,POC0025,144922,XGBoost,0.14060206711292267,0.017860581699585334,False
A: higher external scores / lower credit-income ratio,POC0026,70419,XGBoost,0.04461813345551491,0.005478066881577047,False
A: higher external scores / lower credit-income ratio,POC0027,112460,XGBoost,0.09804906696081161,0.01216930431561439,False
A: higher external scores / lower credit-income ratio,POC0028,44983,XGBoost,0.0548069141805172,0.006723850353800805,False
A: higher external scores / lower credit-income ratio,POC0029,123890,XGBoost,0.08547021448612213,0.010554471758352267,False
A: higher external scores / lower credit-income ratio,POC0030,372,XGBoost,0.17274010181427002,0.022429149481742152,False
A: higher external scores / lower credit-income ratio,POC0031,138704,XGBoost,0.0826537162065506,0.010196642243958675,False
A: higher external scores / lower credit-income ratio,POC0032,152894,XGBoost,0.07942567765712738,0.009788134089103593,False
A: higher external scores / lower credit-income ratio,POC0033,22520,XGBoost,0.016799967736005783,0.002109030836200602,False
A: higher external scores / lower credit-income ratio,POC0034,36968,XGBoost,0.10190124064683914,0.012669545646965407,False
A: higher external scores / lower credit-income ratio,POC0035,90871,XGBoost,0.06958329677581787,0.008552695776633966,False
A: higher external scores / lower credit-income ratio,POC0036,153653,XGBoost,0.08278922736644745,0.010213828432543008,False
A: higher external scores / lower credit-income ratio,POC0037,188807,XGBoost,0.07454082369804382,0.00917311963166709,False
A: higher external scores / lower credit-income ratio,POC0038,259279,XGBoost,0.06742691248655319,0.008283957406287077,False
A: higher external scores / lower credit-income ratio,POC0039,75254,XGBoost,0.12030265480279922,0.015098794597226467,False
A: higher external scores / lower credit-income ratio,POC0040,115899,XGBoost,0.17609664797782898,0.022921280834959434,False
A: higher external scores / lower credit-income ratio,POC0041,68788,XGBoost,0.04782137647271156,0.005868576347997682,False
A: higher external scores / lower credit-income ratio,POC0042,222804,XGBoost,0.14854532480239868,0.018966476819537302,False
A: higher external scores / lower credit-income ratio,POC0043,235973,XGBoost,0.122704416513443,0.015420920393147759,False
A: higher external scores / lower credit-income ratio,POC0044,305096,XGBoost,0.043884504586458206,0.005388763306565987,False
A: higher external scores / lower credit-income ratio,POC0045,122081,XGBoost,0.14950327575206757,0.01910084635241393,False
A: higher external scores / lower credit-income ratio,POC0046,122584,XGBoost,0.10612526535987854,0.013221290031201557,False
A: higher external scores / lower credit-income ratio,POC0047,139941,XGBoost,0.1098656952381134,0.013712739535806734,False
A: higher external scores / lower credit-income ratio,POC0048,5639,XGBoost,0.10126921534538269,0.012587281232934186,False
A: higher external scores / lower credit-income ratio,POC0049,82516,XGBoost,0.07360698282718658,0.009055968910530086,False
A: higher external scores / lower credit-income ratio,POC0050,269078,XGBoost,0.0408966988325119,0.005025534842906048,False
A: higher external scores / lower credit-income ratio,POC0051,241319,XGBoost,0.16447874903678894,0.02123034255772272,False
A: higher external scores / lower credit-income ratio,POC0052,217048,XGBoost,0.08377793431282043,0.010339313028841378,False
A: higher external scores / lower credit-income ratio,POC0053,108055,XGBoost,0.12349678575992584,0.01552745927828365,False
A: higher external scores / lower credit-income ratio,POC0054,191254,XGBoost,0.13133490085601807,0.01658857430811047,False
A: higher external scores / lower credit-income ratio,POC0055,210348,XGBoost,0.08588933199644089,0.01060783325860263,False
A: higher external scores / lower credit-income ratio,POC0056,274216,XGBoost,0.03675055503845215,0.004522603791944251,False
A: higher external scores / lower credit-income ratio,POC0057,109684,XGBoost,0.07744422554969788,0.009538212485794105,False
A: higher external scores / lower credit-income ratio,POC0058,120159,XGBoost,0.10899481177330017,0.013598071249242517,False
A: higher external scores / lower credit-income ratio,POC0059,91040,XGBoost,0.07249540835618973,0.00891669410834538,False
A: higher external scores / lower credit-income ratio,POC0060,165729,XGBoost,0.0256523285061121,0.0031804029244600694,False
A: higher external scores / lower credit-income ratio,POC0061,127775,XGBoost,0.1387317031621933,0.01760229966756561,False
A: higher external scores / lower credit-income ratio,POC0062,89528,XGBoost,0.05614927411079407,0.006888832829072682,False
A: higher external scores / lower credit-income ratio,POC0063,180150,XGBoost,0.2463759332895279,0.03397323885571344,False
A: higher external scores / lower credit-income ratio,POC0064,70842,XGBoost,0.041074566543102264,0.0050471380451281465,False
A: higher external scores / lower credit-income ratio,POC0065,47668,XGBoost,0.06704201549291611,0.008236059764446442,False
A: higher external scores / lower credit-income ratio,POC0066,247508,XGBoost,0.11474434286355972,0.014357890304777177,False
A: higher external scores / lower credit-income ratio,POC0067,102323,XGBoost,0.046188436448574066,0.005669381908656658,False
A: higher external scores / lower credit-income ratio,POC0068,173796,XGBoost,0.12030790001153946,0.015099496774593678,False
A: higher external scores / lower credit-income ratio,POC0069,156684,XGBoost,0.10423026978969574,0.012973343689803494,False
A: higher external scores / lower credit-income ratio,POC0070,144905,XGBoost,0.07520216703414917,0.009256166265035112,False
A: higher external scores / lower credit-income ratio,POC0071,229123,XGBoost,0.038053128868341446,0.004680481355649423,False
A: higher external scores / lower credit-income ratio,POC0072,218412,XGBoost,0.0962267816066742,0.011933618278715658,False
A: higher external scores / lower credit-income ratio,POC0073,70382,XGBoost,0.2409866452217102,0.03307069122274593,False
A: higher external scores / lower credit-income ratio,POC0074,124028,XGBoost,0.036324393004179,0.004470973761085623,False
A: higher external scores / lower credit-income ratio,POC0075,186554,XGBoost,0.13931457698345184,0.017682704352688452,False
A: higher external scores / lower credit-income ratio,POC0076,176407,XGBoost,0.16857489943504333,0.021822543170512087,False
A: higher external scores / lower credit-income ratio,POC0077,139785,XGBoost,0.15595589578151703,0.02001166768765226,False
A: higher external scores / lower credit-income ratio,POC0078,70870,XGBoost,0.06282152980566025,0.0077122034725533644,False
A: higher external scores / lower credit-income ratio,POC0079,258040,XGBoost,0.08855185657739639,0.01094752022716656,False
A: higher external scores / lower credit-income ratio,POC0080,36357,XGBoost,0.0871678814291954,0.01077080047230017,False
A: higher external scores / lower credit-income ratio,POC0081,225837,XGBoost,0.34906241297721863,0.05334501585356804,False
A: higher external scores / lower credit-income ratio,POC0082,63803,XGBoost,0.07818776369094849,0.009631922195108597,False
A: higher external scores / lower credit-income ratio,POC0083,33926,XGBoost,0.0675518587231636,0.008299510580318983,False
A: higher external scores / lower credit-income ratio,POC0084,260863,XGBoost,0.12953615188598633,0.016343887629873453,False
A: higher external scores / lower credit-income ratio,POC0085,131737,XGBoost,0.20556694269180298,0.027374682199844555,False
A: higher external scores / lower credit-income ratio,POC0086,58955,XGBoost,0.06265178322792053,0.0076911849418214205,False
A: higher external scores / lower credit-income ratio,POC0087,183690,XGBoost,0.07786059379577637,0.009590677494700946,False
A: higher external scores / lower credit-income ratio,POC0088,156774,XGBoost,0.23958289623260498,0.03283722601991736,False
A: higher external scores / lower credit-income ratio,POC0089,278903,XGBoost,0.2115805596113205,0.028314144865181252,False
A: higher external scores / lower credit-income ratio,POC0090,259414,XGBoost,0.4301171898841858,0.07239081475292167,False
A: higher external scores / lower credit-income ratio,POC0091,63171,XGBoost,0.1786988526582718,0.023304862621201274,False
A: higher external scores / lower credit-income ratio,POC0092,92840,XGBoost,0.06609974056482315,0.008118888697703804,False
A: higher external scores / lower credit-income ratio,POC0093,42939,XGBoost,0.11407134681940079,0.014268609997523267,False
A: higher external scores / lower credit-income ratio,POC0094,265489,XGBoost,0.05601635202765465,0.0068724864793066835,False
A: higher external scores / lower credit-income ratio,POC0095,32897,XGBoost,0.08933066576719284,0.01104711143410856,False
A: higher external scores / lower credit-income ratio,POC0096,171309,XGBoost,0.14964528381824493,0.019120784035169383,False
A: higher external scores / lower credit-income ratio,POC0097,220505,XGBoost,0.17550067603588104,0.022833683713129854,False
A: higher external scores / lower credit-income ratio,POC0098,209627,XGBoost,0.18262198567390442,0.02388658740017142,False
A: higher external scores / lower credit-income ratio,POC0099,239357,XGBoost,0.056655123829841614,0.006951060166685221,False
A: higher external scores / lower credit-income ratio,POC0100,180250,XGBoost,0.0833539068698883,0.010285476518851751,False
A: higher external scores / lower credit-income ratio,POC0101,305932,XGBoost,0.07411739975214005,0.009119984421246131,False
A: higher external scores / lower credit-income ratio,POC0102,102415,XGBoost,0.08483519405126572,0.010473678170857625,False
A: higher external scores / lower credit-income ratio,POC0103,202927,XGBoost,0.09585124254226685,0.011885123042922713,False
A: higher external scores / lower credit-income ratio,POC0104,295675,XGBoost,0.11574356257915497,0.014490616878960232,False
A: higher external scores / lower credit-income ratio,POC0105,3772,XGBoost,0.1834445297718048,0.024009082748633195,False
A: higher external scores / lower credit-income ratio,POC0106,243150,XGBoost,0.24026460945606232,0.03295052242077153,False
A: higher external scores / lower credit-income ratio,POC0107,248501,XGBoost,0.0987635925412178,0.012261884097200556,False
A: higher external scores / lower credit-income ratio,POC0108,282681,XGBoost,0.12108684331178665,0.015203837753244558,False
A: higher external scores / lower credit-income ratio,POC0109,257081,XGBoost,0.17687317728996277,0.023035557761313847,False
A: higher external scores / lower credit-income ratio,POC0110,102468,XGBoost,0.1470424234867096,0.018756105840537485,False
A: higher external scores / lower credit-income ratio,POC0111,214137,XGBoost,0.0766720250248909,0.009440982648611086,False
A: higher external scores / lower credit-income ratio,POC0112,200185,XGBoost,0.11251609772443771,0.014062637925166892,False
A: higher external scores / lower credit-income ratio,POC0113,273544,XGBoost,0.12392470240592957,0.015585050454384316,False
A: higher external scores / lower credit-income ratio,POC0114,273140,XGBoost,0.13089625537395477,0.016528839437128233,False
A: higher external scores / lower credit-income ratio,POC0115,6805,XGBoost,0.12978997826576233,0.01637837323382817,False
A: higher external scores / lower credit-income ratio,POC0116,306136,XGBoost,0.11788428574800491,0.014775654437856715,False
A: higher external scores / lower credit-income ratio,POC0117,57720,XGBoost,0.12256257236003876,0.015401862549526805,False
A: higher external scores / lower credit-income ratio,POC0118,278139,XGBoost,0.10342611372470856,0.012868333396326025,False
A: higher external scores / lower credit-income ratio,POC0119,28733,XGBoost,0.11535011231899261,0.01443833061767902,False
A: higher external scores / lower credit-income ratio,POC0120,238601,XGBoost,0.11124131828546524,0.013894171181058805,False
A: higher external scores / lower credit-income ratio,POC0121,241724,XGBoost,0.04250742867588997,0.005221260110998195,False
A: higher external scores / lower credit-income ratio,POC0122,171743,XGBoost,0.12539291381835938,0.015782945143828057,False
A: higher external scores / lower credit-income ratio,POC0123,253011,XGBoost,0.1510251760482788,0.019314768668163583,False
A: higher external scores / lower credit-income ratio,POC0124,297783,XGBoost,0.13232965767383575,0.016724197157139263,False
A: higher external scores / lower credit-income ratio,POC0125,21579,XGBoost,0.0979396253824234,0.012155132473097305,False
A: higher external scores / lower credit-income ratio,POC0126,23964,XGBoost,0.1031721755862236,0.01283519857830818,False
A: higher external scores / lower credit-income ratio,POC0127,131196,XGBoost,0.10484284907579422,0.013053419855537964,False
A: higher external scores / lower credit-income ratio,POC0128,51277,XGBoost,0.13650621473789215,0.0172960113845823,False
A: higher external scores / lower credit-income ratio,POC0129,172683,XGBoost,0.11033199727535248,0.013774198427679334,False
A: higher external scores / lower credit-income ratio,POC0130,233597,XGBoost,0.031001180410385132,0.0038268278273674043,False
A: higher external scores / lower credit-income ratio,POC0131,222818,XGBoost,0.08451315760612488,0.01043273137889778,False
A: higher external scores / lower credit-income ratio,POC0132,281506,XGBoost,0.07981032133102417,0.00983672207535509,False
A: higher external scores / lower credit-income ratio,POC0133,77011,XGBoost,0.11706878989934921,0.014666960516843434,False
A: higher external scores / lower credit-income ratio,POC0134,296587,XGBoost,0.07927057892084122,0.009768548819151178,False
A: higher external scores / lower credit-income ratio,POC0135,111967,XGBoost,0.034591756761074066,0.004261167920307192,False
A: higher external scores / lower credit-income ratio,POC0136,246331,XGBoost,0.10806576162576675,0.013475908216575664,False
A: higher external scores / lower credit-income ratio,POC0137,83901,XGBoost,0.13301466405391693,0.01681771610709612,False
A: higher external scores / lower credit-income ratio,POC0138,43423,XGBoost,0.08470234274864197,0.010456784080625496,False
A: higher external scores / lower credit-income ratio,POC0139,4795,XGBoost,0.05193538963794708,0.006371629060917898,False
A: higher external scores / lower credit-income ratio,POC0140,73450,XGBoost,0.14869938790798187,0.018988072206248506,False
A: higher external scores / lower credit-income ratio,POC0141,148307,XGBoost,0.12402366101741791,0.015598374322764454,False
A: higher external scores / lower credit-income ratio,POC0142,10564,XGBoost,0.09944826364517212,0.012350684183868046,False
A: higher external scores / lower credit-income ratio,POC0143,295869,XGBoost,0.13124646246433258,0.01657652734662228,False
A: higher external scores / lower credit-income ratio,POC0144,192847,XGBoost,0.16097554564476013,0.020727235461855946,False
A: higher external scores / lower credit-income ratio,POC0145,211192,XGBoost,0.13632071018218994,0.017270531257599333,False
A: higher external scores / lower credit-income ratio,POC0146,156187,XGBoost,0.1131104901432991,0.014141299985840048,False
A: higher external scores / lower credit-income ratio,POC0147,18847,XGBoost,0.1547272801399231,0.019837466694454724,False
A: higher external scores / lower credit-income ratio,POC0148,258327,XGBoost,0.1534150242805481,0.01965181167013573,False
A: higher external scores / lower credit-income ratio,POC0149,50386,XGBoost,0.1297881156206131,0.016378120118237503,False
A: higher external scores / lower credit-income ratio,POC0150,117743,XGBoost,0.05467257276177406,0.006707350881106706,False
A: higher external scores / lower credit-income ratio,POC0151,82020,XGBoost,0.06957266479730606,0.008551369123513399,False
A: higher external scores / lower credit-income ratio,POC0152,41141,XGBoost,0.06637287884950638,0.00815284036757777,False
A: higher external scores / lower credit-income ratio,POC0153,158665,XGBoost,0.10037707537412643,0.012471287787713385,False
A: higher external scores / lower credit-income ratio,POC0154,249190,XGBoost,0.04114243760704994,0.005055382079569521,False
A: higher external scores / lower credit-income ratio,POC0155,117485,XGBoost,0.19015711545944214,0.025015680955735496,False
A: higher external scores / lower credit-income ratio,POC0156,45546,XGBoost,0.051652178168296814,0.0063369406484799825,False
A: higher external scores / lower credit-income ratio,POC0157,53302,XGBoost,0.10548243671655655,0.01313710328003222,False
A: higher external scores / lower credit-income ratio,POC0158,41703,XGBoost,0.1102135106921196,0.01375857775646826,False
A: higher external scores / lower credit-income ratio,POC0159,139285,XGBoost,0.19401083886623383,0.02559924486753774,False
A: higher external scores / lower credit-income ratio,POC0160,53694,XGBoost,0.08920616656541824,0.011031183890639866,False
A: higher external scores / lower credit-income ratio,POC0161,159555,XGBoost,0.15573938190937042,0.01998094226060675,False
A: higher external scores / lower credit-income ratio,POC0162,236729,XGBoost,0.09988577663898468,0.012407474023897613,False
A: higher external scores / lower credit-income ratio,POC0163,85262,XGBoost,0.05379810184240341,0.006600001961667089,False
A: higher external scores / lower credit-income ratio,POC0164,13420,XGBoost,0.14396388828754425,0.01832683824044967,False
A: higher external scores / lower credit-income ratio,POC0165,15174,XGBoost,0.060041386634111404,0.0073684368084306565,False
A: higher external scores / lower credit-income ratio,POC0166,55769,XGBoost,0.011798757128417492,0.0014998086983194787,False
A: higher external scores / lower credit-income ratio,POC0167,64227,XGBoost,0.0429876446723938,0.005279653762251879,False
A: higher external scores / lower credit-income ratio,POC0168,121958,XGBoost,0.08691763877868652,0.010738882009865499,False
A: higher external scores / lower credit-income ratio,POC0169,5378,XGBoost,0.03465354070067406,0.004268646643111281,False
A: higher external scores / lower credit-income ratio,POC0170,274173,XGBoost,0.26081687211990356,0.03644167774033096,False
A: higher external scores / lower credit-income ratio,POC0171,306424,XGBoost,0.08669821918010712,0.010710903812532663,False
A: higher external scores / lower credit-income ratio,POC0172,27394,XGBoost,0.04174261912703514,0.005128299576092244,False
A: higher external scores / lower credit-income ratio,POC0173,288487,XGBoost,0.10094314813613892,0.012544869649411927,False
A: higher external scores / lower credit-income ratio,POC0174,155153,XGBoost,0.03188222646713257,0.003933359011987041,False
A: higher external scores / lower credit-income ratio,POC0175,198799,XGBoost,0.1291728913784027,0.01629455836601541,False
A: higher external scores / lower credit-income ratio,POC0176,257062,XGBoost,0.1100052148103714,0.013731123801971295,False
A: higher external scores / lower credit-income ratio,POC0177,21435,XGBoost,0.07472708821296692,0.009196502554242009,False
A: higher external scores / lower credit-income ratio,POC0178,224429,XGBoost,0.1673450618982315,0.02164428969510932,False
A: higher external scores / lower credit-income ratio,POC0179,83357,XGBoost,0.15315648913383484,0.019615283834472197,False
A: higher external scores / lower credit-income ratio,POC0180,189909,XGBoost,0.17206700146198273,0.022330816223338247,False
A: higher external scores / lower credit-income ratio,POC0181,275808,XGBoost,0.1070166751742363,0.013338163774406137,False
A: higher external scores / lower credit-income ratio,POC0182,140407,XGBoost,0.09922098368406296,0.01232119692927961,False
A: higher external scores / lower credit-income ratio,POC0183,79657,XGBoost,0.16399937868118286,0.021161316259759644,False
A: higher external scores / lower credit-income ratio,POC0184,106834,XGBoost,0.08761536329984665,0.010827903478528973,False
A: higher external scores / lower credit-income ratio,POC0185,273213,XGBoost,0.04523363709449768,0.005553028545392485,False
A: higher external scores / lower credit-income ratio,POC0186,156939,XGBoost,0.15327315032482147,0.0196317646269054,False
A: higher external scores / lower credit-income ratio,POC0187,50161,XGBoost,0.04657893255352974,0.00571699314399844,False
A: higher external scores / lower credit-income ratio,POC0188,94024,XGBoost,0.09018542617559433,0.011156536144414768,False
A: higher external scores / lower credit-income ratio,POC0189,20943,XGBoost,0.0994572713971138,0.01235185304509531,False
A: higher external scores / lower credit-income ratio,POC0190,196856,XGBoost,0.0671687051653862,0.008251823058522127,False
A: higher external scores / lower credit-income ratio,POC0191,169146,XGBoost,0.04627517610788345,0.005679956385419836,False
A: higher external scores / lower credit-income ratio,POC0192,95011,XGBoost,0.17401856184005737,0.022616245991372914,False
A: higher external scores / lower credit-income ratio,POC0193,219352,XGBoost,0.2735796570777893,0.03868640896684349,False
A: higher external scores / lower credit-income ratio,POC0194,287797,XGBoost,0.15393893420696259,0.019725883244896467,False
A: higher external scores / lower credit-income ratio,POC0195,286554,XGBoost,0.08402576297521591,0.01037079236072298,False
A: higher external scores / lower credit-income ratio,POC0196,266702,XGBoost,0.12712693214416504,0.01601725960231396,False
A: higher external scores / lower credit-income ratio,POC0197,24703,XGBoost,0.11295361816883087,0.01412053263016929,False
A: higher external scores / lower credit-income ratio,POC0198,246684,XGBoost,0.08654468506574631,0.010691331547403354,False
A: higher external scores / lower credit-income ratio,POC0199,22765,XGBoost,0.119547039270401,0.014997699916497,False
A: higher external scores / lower credit-income ratio,POC0200,149948,XGBoost,0.2097858190536499,0.028032629102850242,False
A: higher external scores / lower credit-income ratio,POC0201,57342,XGBoost,0.12523965537548065,0.01576226657061857,False
A: higher external scores / lower credit-income ratio,POC0202,197162,XGBoost,0.10907412320375443,0.013608507931316571,False
A: higher external scores / lower credit-income ratio,POC0203,236247,XGBoost,0.218654602766037,0.029433325620526224,False
A: higher external scores / lower credit-income ratio,POC0204,275522,XGBoost,0.08774559944868088,0.01084452930888897,False
A: higher external scores / lower credit-income ratio,POC0205,134239,XGBoost,0.04828878119587898,0.0059256411312214735,False
A: higher external scores / lower credit-income ratio,POC0206,90949,XGBoost,0.11341125518083572,0.014181130303204599,False
A: higher external scores / lower credit-income ratio,POC0207,216433,XGBoost,0.049692705273628235,0.006097177957015908,False
A: higher external scores / lower credit-income ratio,POC0208,266388,XGBoost,0.04225919768214226,0.005191083062328707,False
A: higher external scores / lower credit-income ratio,POC0209,282235,XGBoost,0.13308900594711304,0.016827871701923548,False
A: higher external scores / lower credit-income ratio,POC0210,12730,XGBoost,0.17851780354976654,0.023278116399756597,False
A: higher external scores / lower credit-income ratio,POC0211,305356,XGBoost,0.07269243896007538,0.008941367471815625,False
A: higher external scores / lower credit-income ratio,POC0212,138657,XGBoost,0.09048113971948624,0.011194422451176675,False
A: higher external scores / lower credit-income ratio,POC0213,44682,XGBoost,0.02237592451274395,0.002784370182651595,False
A: higher external scores / lower credit-income ratio,POC0214,295197,XGBoost,0.22957926988601685,0.031192473291000666,False
A: higher external scores / lower credit-income ratio,POC0215,106758,XGBoost,0.06823558360338211,0.008384659342549824,False
A: higher external scores / lower credit-income ratio,POC0216,115518,XGBoost,0.03136987239122391,0.0038714049522844667,False
A: higher external scores / lower credit-income ratio,POC0217,63860,XGBoost,0.07794156670570374,0.009600883772117643,False
A: higher external scores / lower credit-income ratio,POC0218,124791,XGBoost,0.18470822274684906,0.024197634454484935,False
A: higher external scores / lower credit-income ratio,POC0219,138326,XGBoost,0.1781652420759201,0.0232260579485421,False
A: higher external scores / lower credit-income ratio,POC0220,24762,XGBoost,0.03552745655179024,0.004374452075655855,False
A: higher external scores / lower credit-income ratio,POC0221,31320,XGBoost,0.09268783777952194,0.011477625888582262,False
A: higher external scores / lower credit-income ratio,POC0222,218418,XGBoost,0.12066333740949631,0.015147092614531548,False
A: higher external scores / lower credit-income ratio,POC0223,266978,XGBoost,0.09061802923679352,0.011211965676146797,False
A: higher external scores / lower credit-income ratio,POC0224,128869,XGBoost,0.03534531965851784,0.00435239734500463,False
A: higher external scores / lower credit-income ratio,POC0225,122007,XGBoost,0.046268098056316376,0.005679093469704905,False
A: higher external scores / lower credit-income ratio,POC0226,36461,XGBoost,0.10810922086238861,0.013481619013577405,False
A: higher external scores / lower credit-income ratio,POC0227,32558,XGBoost,0.04220934212207794,0.00518502281244586,False
A: higher external scores / lower credit-income ratio,POC0228,151640,XGBoost,0.049959488213062286,0.0061297976390545595,False
A: higher external scores / lower credit-income ratio,POC0229,83970,XGBoost,0.05144302919507027,0.00631132924429832,False
A: higher external scores / lower credit-income ratio,POC0230,270290,XGBoost,0.04743532836437225,0.005821460701908325,False
A: higher external scores / lower credit-income ratio,POC0231,1147,XGBoost,0.07322440296411514,0.009008012451669115,False
A: higher external scores / lower credit-income ratio,POC0232,109840,XGBoost,0.24112512171268463,0.0330937580883459,False
A: higher external scores / lower credit-income ratio,POC0233,8125,XGBoost,0.10954786837100983,0.013670874329322983,False
A: higher external scores / lower credit-income ratio,POC0234,204576,XGBoost,0.11038488894701004,0.01378117229337089,False
A: higher external scores / lower credit-income ratio,POC0235,246601,XGBoost,0.10084953904151917,0.012532697588161314,False
A: higher external scores / lower credit-income ratio,POC0236,86326,XGBoost,0.019261227920651436,0.0024074490339981306,False
A: higher external scores / lower credit-income ratio,POC0237,25593,XGBoost,0.11059564352035522,0.013808966170655634,False
A: higher external scores / lower credit-income ratio,POC0238,121095,XGBoost,0.1543823927640915,0.019788632361508348,False
A: higher external scores / lower credit-income ratio,POC0239,268312,XGBoost,0.1027798131108284,0.012784025677980307,False
A: higher external scores / lower credit-income ratio,POC0240,96438,XGBoost,0.12166330218315125,0.015281137145874571,False
A: higher external scores / lower credit-income ratio,POC0241,299908,XGBoost,0.20344001054763794,0.027044986300329074,False
A: higher external scores / lower credit-income ratio,POC0242,149893,XGBoost,0.07788212597370148,0.009593391429260264,False
A: higher external scores / lower credit-income ratio,POC0243,22985,XGBoost,0.14509044587612152,0.018483667407461365,False
A: higher external scores / lower credit-income ratio,POC0244,278535,XGBoost,0.046309832483530045,0.00568418156205497,False
A: higher external scores / lower credit-income ratio,POC0245,32389,XGBoost,0.09475088119506836,0.01174317493284312,False
A: higher external scores / lower credit-income ratio,POC0246,182503,XGBoost,0.12343402951955795,0.015519016484738265,False
A: higher external scores / lower credit-income ratio,POC0247,18786,XGBoost,0.026565292850136757,0.003290723288646813,False
A: higher external scores / lower credit-income ratio,POC0248,196887,XGBoost,0.1217181459069252,0.015288494957524174,False
A: higher external scores / lower credit-income ratio,POC0249,192481,XGBoost,0.23952943086624146,0.03282834703766666,False
A: higher external scores / lower credit-income ratio,POC0250,40156,XGBoost,0.07608813792467117,0.009367525868477892,False
A: higher external scores / lower credit-income ratio,POC0251,303818,XGBoost,0.1984454244375229,0.026275986180565796,False
A: higher external scores / lower credit-income ratio,POC0252,130068,XGBoost,0.1072666272521019,0.013370962913434072,False
A: higher external scores / lower credit-income ratio,POC0253,68857,XGBoost,0.14881175756454468,0.0190038268705973,False
A: higher external scores / lower credit-income ratio,POC0254,131049,XGBoost,0.04110701382160187,0.005051079245193395,False
A: higher external scores / lower credit-income ratio,POC0255,277981,XGBoost,0.18222548067569733,0.02382760454621928,False
A: higher external scores / lower credit-income ratio,POC0256,63973,XGBoost,0.12270835041999817,0.015421449003867998,False
A: higher external scores / lower credit-income ratio,POC0257,199102,XGBoost,0.06965558975934982,0.00856171689672426,False
A: higher external scores / lower credit-income ratio,POC0258,93189,XGBoost,0.30851125717163086,0.04515793869469353,False
A: higher external scores / lower credit-income ratio,POC0259,88701,XGBoost,0.2283250391483307,0.030988573026739307,False
A: higher external scores / lower credit-income ratio,POC0260,56398,XGBoost,0.1062563806772232,0.013238471067811522,False
A: higher external scores / lower credit-income ratio,POC0261,237176,XGBoost,0.15241175889968872,0.019510152730677206,False
A: higher external scores / lower credit-income ratio,POC0262,139701,XGBoost,0.03441861271858215,0.00424021046994463,False
A: higher external scores / lower credit-income ratio,POC0263,132018,XGBoost,0.1475180983543396,0.01882263154518865,False
A: higher external scores / lower credit-income ratio,POC0264,43600,XGBoost,0.06277778744697571,0.007706786793845305,False
A: higher external scores / lower credit-income ratio,POC0265,56612,XGBoost,0.1028318926692009,0.012790816345856422,False
A: higher external scores / lower credit-income ratio,POC0266,288672,XGBoost,0.08981986343860626,0.011109721974499033,False
A: higher external scores / lower credit-income ratio,POC0267,117788,XGBoost,0.086016945540905,0.010624086745998743,False
A: higher external scores / lower credit-income ratio,POC0268,230412,XGBoost,0.052608590573072433,0.006454119995545781,False
A: higher external scores / lower credit-income ratio,POC0269,146770,XGBoost,0.25504523515701294,0.03544622127579202,False
A: higher external scores / lower credit-income ratio,POC0270,194887,XGBoost,0.1646827906370163,0.021259740879060726,False
A: higher external scores / lower credit-income ratio,POC0271,220695,XGBoost,0.20346032083034515,0.02704812829068093,False
A: higher external scores / lower credit-income ratio,POC0272,9349,XGBoost,0.1418638527393341,0.01803527568376756,False
A: higher external scores / lower credit-income ratio,POC0273,275169,XGBoost,0.05909743905067444,0.007251945010584759,False
A: higher external scores / lower credit-income ratio,POC0274,305450,XGBoost,0.11983560025691986,0.015036292829766679,False
A: higher external scores / lower credit-income ratio,POC0275,223172,XGBoost,0.08128578215837479,0.01002332312425653,False
A: higher external scores / lower credit-income ratio,POC0276,291575,XGBoost,0.1825181096792221,0.023871131004224756,False
A: higher external scores / lower credit-income ratio,POC0277,199474,XGBoost,0.12894703447818756,0.0162639023948277,False
A: higher external scores / lower credit-income ratio,POC0278,129836,XGBoost,0.01657337136566639,0.0020815216408964885,False
A: higher external scores / lower credit-income ratio,POC0279,50055,XGBoost,0.20573872327804565,0.027401368304111072,False
A: higher external scores / lower credit-income ratio,POC0280,298358,XGBoost,0.19242727756500244,0.02535894192027593,False
A: higher external scores / lower credit-income ratio,POC0281,15930,XGBoost,0.054687533527612686,0.006709188219824995,False
A: higher external scores / lower credit-income ratio,POC0282,87121,XGBoost,0.07712480425834656,0.009497981932578005,False
A: higher external scores / lower credit-income ratio,POC0283,237610,XGBoost,0.10176575183868408,0.012651904098071503,False
A: higher external scores / lower credit-income ratio,POC0284,257715,XGBoost,0.052975013852119446,0.006499041133584109,False
A: higher external scores / lower credit-income ratio,POC0285,132007,XGBoost,0.13808870315551758,0.017513690274073467,False
A: higher external scores / lower credit-income ratio,POC0286,147454,XGBoost,0.02571500465273857,0.003187976744523599,False
A: higher external scores / lower credit-income ratio,POC0287,132068,XGBoost,0.14539103209972382,0.018525562282286544,False
A: higher external scores / lower credit-income ratio,POC0288,175858,XGBoost,0.04401928186416626,0.005405165975517643,False
A: higher external scores / lower credit-income ratio,POC0289,74062,XGBoost,0.11692003905773163,0.014647148860513036,False
A: higher external scores / lower credit-income ratio,POC0290,33816,XGBoost,0.17294704914093018,0.022459406205198703,False
A: higher external scores / lower credit-income ratio,POC0291,111512,XGBoost,0.07496961206197739,0.009226956046525531,False
A: higher external scores / lower credit-income ratio,POC0292,272856,XGBoost,0.12535460293293,0.015777775533485475,False
A: higher external scores / lower credit-income ratio,POC0293,262812,XGBoost,0.25885653495788574,0.03610222251574098,False
A: higher external scores / lower credit-income ratio,POC0294,121365,XGBoost,0.045938991010189056,0.005638975855916839,False
A: higher external scores / lower credit-income ratio,POC0295,227622,XGBoost,0.2342313975095749,0.031953244316838124,False
A: higher external scores / lower credit-income ratio,POC0296,174709,XGBoost,0.06548886001110077,0.008042992635426427,False
A: higher external scores / lower credit-income ratio,POC0297,58040,XGBoost,0.08273965120315552,0.010207540589435965,False
A: higher external scores / lower credit-income ratio,POC0298,216675,XGBoost,0.2863348424434662,0.04099203168404338,False
A: higher external scores / lower credit-income ratio,POC0299,258011,XGBoost,0.043177247047424316,0.0053027145191312415,False
A: higher external scores / lower credit-income ratio,POC0300,208258,XGBoost,0.09945210814476013,0.012351183050838037,False
B: EXT_SOURCE_1 missing / moderate other scores,POC0301,14343,XGBoost,0.4457118809223175,0.07655039388560846,False
B: EXT_SOURCE_1 missing / moderate other scores,POC0302,94529,XGBoost,0.4378160536289215,0.0744217228350235,False
B: EXT_SOURCE_1 missing / moderate other scores,POC0303,26833,XGBoost,0.43967634439468384,0.07491901063297043,False
B: EXT_SOURCE_1 missing / moderate other scores,POC0304,101924,XGBoost,0.1968502700328827,0.026031908623553465,False
B: EXT_SOURCE_1 missing / moderate other scores,POC0305,281182,XGBoost,0.4364606440067291,0.07406102039934616,False
B: EXT_SOURCE_1 missing / moderate other scores,POC0306,208806,XGBoost,0.11513610929250717,0.014409904594195447,False
B: EXT_SOURCE_1 missing / moderate other scores,POC0307,190054,XGBoost,0.19709306955337524,0.02606901263407793,False
B: EXT_SOURCE_1 missing / moderate other scores,POC0308,259619,XGBoost,0.20031003654003143,0.026562225046244288,False
B: EXT_SOURCE_1 missing / moderate other scores,POC0309,292744,XGBoost,0.32373926043510437,0.048141864694218266,False
B: EXT_SOURCE_1 missing / moderate other scores,POC0310,225433,XGBoost,0.14305931329727173,0.018201124818766817,False
B: EXT_SOURCE_1 missing / moderate other scores,POC0311,106133,XGBoost,0.27994826436042786,0.039829632120294924,False
B: EXT_SOURCE_1 missing / moderate other scores,POC0312,229934,XGBoost,0.1497924029827118,0.01914144436590088,False
B: EXT_SOURCE_1 missing / moderate other scores,POC0313,204931,XGBoost,0.20138467848300934,0.026727653137162025,False
B: EXT_SOURCE_1 missing / moderate other scores,POC0314,212950,XGBoost,0.31455788016319275,0.04633031788064262,False
B: EXT_SOURCE_1 missing / moderate other scores,POC0315,162299,XGBoost,0.3576405644416809,0.05518038370090149,False
B: EXT_SOURCE_1 missing / moderate other scores,POC0316,180508,XGBoost,0.17645280063152313,0.022973673727069144,False
B: EXT_SOURCE_1 missing / moderate other scores,POC0317,305767,XGBoost,0.11144833266735077,0.013921506879024641,False
B: EXT_SOURCE_1 missing / moderate other scores,POC0318,56063,XGBoost,0.3723328709602356,0.05841524670296566,False
B: EXT_SOURCE_1 missing / moderate other scores,POC0319,50510,XGBoost,0.16111637651920319,0.020747401356143943,False
B: EXT_SOURCE_1 missing / moderate other scores,POC0320,287354,XGBoost,0.1643887758255005,0.02121738255884431,False
B: EXT_SOURCE_1 missing / moderate other scores,POC0321,128424,XGBoost,0.3646758496761322,0.05671467717680205,False
B: EXT_SOURCE_1 missing / moderate other scores,POC0322,279243,XGBoost,0.24020516872406006,0.03294063751304975,False
B: EXT_SOURCE_1 missing / moderate other scores,POC0323,285761,XGBoost,0.1635981947183609,0.021103592885652275,False
B: EXT_SOURCE_1 missing / moderate other scores,POC0324,4692,XGBoost,0.30659300088882446,0.044789361159108594,False
B: EXT_SOURCE_1 missing / moderate other scores,POC0325,144922,XGBoost,0.3097835183143616,0.04540327880263751,False
B: EXT_SOURCE_1 missing / moderate other scores,POC0326,70419,XGBoost,0.1903650462627411,0.025047061100609173,False
B: EXT_SOURCE_1 missing / moderate other scores,POC0327,112460,XGBoost,0.2485678493976593,0.03434317804547227,False
B: EXT_SOURCE_1 missing / moderate other scores,POC0328,44983,XGBoost,0.1112135648727417,0.013890507063959575,False
B: EXT_SOURCE_1 missing / moderate other scores,POC0329,123890,XGBoost,0.21598084270954132,0.029008501888537576,False
B: EXT_SOURCE_1 missing / moderate other scores,POC0330,372,XGBoost,0.3568209111690521,0.05500334877841248,False
B: EXT_SOURCE_1 missing / moderate other scores,POC0331,138704,XGBoost,0.13491114974021912,0.01707717182662931,False
B: EXT_SOURCE_1 missing / moderate other scores,POC0332,152894,XGBoost,0.2275305688381195,0.030859678868846746,False
B: EXT_SOURCE_1 missing / moderate other scores,POC0333,22520,XGBoost,0.08764538913965225,0.010831736292534025,False
B: EXT_SOURCE_1 missing / moderate other scores,POC0334,36968,XGBoost,0.2127620428800583,0.028500000266540763,False
B: EXT_SOURCE_1 missing / moderate other scores,POC0335,90871,XGBoost,0.14367829263210297,0.018287127064492745,False
B: EXT_SOURCE_1 missing / moderate other scores,POC0336,153653,XGBoost,0.22155743837356567,0.029897067217281664,False
B: EXT_SOURCE_1 missing / moderate other scores,POC0337,188807,XGBoost,0.19223397970199585,0.02532965779051412,False
B: EXT_SOURCE_1 missing / moderate other scores,POC0338,259279,XGBoost,0.11371319741010666,0.014221134796288571,False
B: EXT_SOURCE_1 missing / moderate other scores,POC0339,75254,XGBoost,0.34584012627601624,0.05266538057573286,False
B: EXT_SOURCE_1 missing / moderate other scores,POC0340,115899,XGBoost,0.47324326634407043,0.08436005699041646,False
B: EXT_SOURCE_1 missing / moderate other scores,POC0341,68788,XGBoost,0.24863916635513306,0.034355242538391985,False
B: EXT_SOURCE_1 missing / moderate other scores,POC0342,222804,XGBoost,0.14346012473106384,0.018256804248011346,False
B: EXT_SOURCE_1 missing / moderate other scores,POC0343,235973,XGBoost,0.5278944373130798,0.10192130770300288,False
B: EXT_SOURCE_1 missing / moderate other scores,POC0344,305096,XGBoost,0.0936279296875,0.01159853744548793,False
B: EXT_SOURCE_1 missing / moderate other scores,POC0345,122081,XGBoost,0.3660145401954651,0.057009657512764746,False
B: EXT_SOURCE_1 missing / moderate other scores,POC0346,122584,XGBoost,0.17396095395088196,0.022607806133373546,False
B: EXT_SOURCE_1 missing / moderate other scores,POC0347,139941,XGBoost,0.2416020631790161,0.033173254822078134,False
B: EXT_SOURCE_1 missing / moderate other scores,POC0348,5639,XGBoost,0.33931171894073486,0.051304438889584546,False
B: EXT_SOURCE_1 missing / moderate other scores,POC0349,82516,XGBoost,0.16578556597232819,0.021418811346276212,False
B: EXT_SOURCE_1 missing / moderate other scores,POC0350,269078,XGBoost,0.10191461443901062,0.012671287191571705,False
B: EXT_SOURCE_1 missing / moderate other scores,POC0351,241319,XGBoost,0.34765923023223877,0.0530484115113198,False
B: EXT_SOURCE_1 missing / moderate other scores,POC0352,217048,XGBoost,0.11185140162706375,0.013974755514454621,False
B: EXT_SOURCE_1 missing / moderate other scores,POC0353,108055,XGBoost,0.2183191180229187,0.029379900036696906,False
B: EXT_SOURCE_1 missing / moderate other scores,POC0354,191254,XGBoost,0.2993944585323334,0.0434203443867292,False
B: EXT_SOURCE_1 missing / moderate other scores,POC0355,210348,XGBoost,0.26646533608436584,0.03742764238646958,False
B: EXT_SOURCE_1 missing / moderate other scores,POC0356,274216,XGBoost,0.09644074738025665,0.011961260210849069,False
B: EXT_SOURCE_1 missing / moderate other scores,POC0357,109684,XGBoost,0.13765932619571686,0.01745457156707299,False
B: EXT_SOURCE_1 missing / moderate other scores,POC0358,120159,XGBoost,0.22494153678417206,0.03044104321752246,False
B: EXT_SOURCE_1 missing / moderate other scores,POC0359,91040,XGBoost,0.17641066014766693,0.02296747277289221,False
B: EXT_SOURCE_1 missing / moderate other scores,POC0360,165729,XGBoost,0.10142021626234055,0.012606928687777354,False
B: EXT_SOURCE_1 missing / moderate other scores,POC0361,127775,XGBoost,0.2533927261829376,0.03516340569465425,False
B: EXT_SOURCE_1 missing / moderate other scores,POC0362,89528,XGBoost,0.4185134470462799,0.06940987277742594,False
B: EXT_SOURCE_1 missing / moderate other scores,POC0363,180150,XGBoost,0.5701286196708679,0.11779819797101354,False
B: EXT_SOURCE_1 missing / moderate other scores,POC0364,70842,XGBoost,0.13773347437381744,0.01746477767253381,False
B: EXT_SOURCE_1 missing / moderate other scores,POC0365,47668,XGBoost,0.24278858304023743,0.03337135931242468,False
B: EXT_SOURCE_1 missing / moderate other scores,POC0366,247508,XGBoost,0.27055591344833374,0.038149070907482874,False
B: EXT_SOURCE_1 missing / moderate other scores,POC0367,102323,XGBoost,0.13711555302143097,0.017379761970016547,False
B: EXT_SOURCE_1 missing / moderate other scores,POC0368,173796,XGBoost,0.28266996145248413,0.040323023563990694,False
B: EXT_SOURCE_1 missing / moderate other scores,POC0369,156684,XGBoost,0.17096208035945892,0.022169654098912944,False
B: EXT_SOURCE_1 missing / moderate other scores,POC0370,144905,XGBoost,0.22503386437892914,0.03045593534036851,False
B: EXT_SOURCE_1 missing / moderate other scores,POC0371,229123,XGBoost,0.07845816761255264,0.009666023509121949,False
B: EXT_SOURCE_1 missing / moderate other scores,POC0372,218412,XGBoost,0.2710823118686676,0.038242365635092,False
B: EXT_SOURCE_1 missing / moderate other scores,POC0373,70382,XGBoost,0.31117257475852966,0.04567195251248107,False
B: EXT_SOURCE_1 missing / moderate other scores,POC0374,124028,XGBoost,0.07492505013942719,0.009221359768916849,False
B: EXT_SOURCE_1 missing / moderate other scores,POC0375,186554,XGBoost,0.2728475332260132,0.0385559868137527,False
B: EXT_SOURCE_1 missing / moderate other scores,POC0376,176407,XGBoost,0.2457953542470932,0.033875530466000926,False
B: EXT_SOURCE_1 missing / moderate other scores,POC0377,139785,XGBoost,0.36015784740448,0.055726315353160985,False
B: EXT_SOURCE_1 missing / moderate other scores,POC0378,70870,XGBoost,0.1513352394104004,0.019358419823818567,False
B: EXT_SOURCE_1 missing / moderate other scores,POC0379,258040,XGBoost,0.26505449414253235,0.037180270718463915,False
B: EXT_SOURCE_1 missing / moderate other scores,POC0380,36357,XGBoost,0.25156137347221375,0.034851112701647674,False
B: EXT_SOURCE_1 missing / moderate other scores,POC0381,225837,XGBoost,0.4195753335952759,0.06967877105163388,False
B: EXT_SOURCE_1 missing / moderate other scores,POC0382,63803,XGBoost,0.12108081579208374,0.015203029869116645,False
B: EXT_SOURCE_1 missing / moderate other scores,POC0383,33926,XGBoost,0.1256718933582306,0.01582059964943788,False
B: EXT_SOURCE_1 missing / moderate other scores,POC0384,260863,XGBoost,0.19774530827999115,0.026168769950988394,False
B: EXT_SOURCE_1 missing / moderate other scores,POC0385,131737,XGBoost,0.3527073264122009,0.05412019890312159,False
B: EXT_SOURCE_1 missing / moderate other scores,POC0386,58955,XGBoost,0.1496446579694748,0.019120696156581594,False
B: EXT_SOURCE_1 missing / moderate other scores,POC0387,183690,XGBoost,0.33295145630836487,0.049998733768897845,False
B: EXT_SOURCE_1 missing / moderate other scores,POC0388,156774,XGBoost,0.33213087916374207,0.049831701472317455,False
B: EXT_SOURCE_1 missing / moderate other scores,POC0389,278903,XGBoost,0.3805698752403259,0.060281467100295284,False
B: EXT_SOURCE_1 missing / moderate other scores,POC0390,259414,XGBoost,0.3854130804538727,0.06139711065827756,False
B: EXT_SOURCE_1 missing / moderate other scores,POC0391,63171,XGBoost,0.4594269096851349,0.08036310565179906,False
B: EXT_SOURCE_1 missing / moderate other scores,POC0392,92840,XGBoost,0.25092726945877075,0.03474325715622025,False
B: EXT_SOURCE_1 missing / moderate other scores,POC0393,42939,XGBoost,0.2918725609779358,0.04201316417533228,False
B: EXT_SOURCE_1 missing / moderate other scores,POC0394,265489,XGBoost,0.11249113827943802,0.014059336332187828,False
B: EXT_SOURCE_1 missing / moderate other scores,POC0395,32897,XGBoost,0.23693005740642548,0.032397826467739366,False
B: EXT_SOURCE_1 missing / moderate other scores,POC0396,171309,XGBoost,0.36392441391944885,0.05654952669908435,False
B: EXT_SOURCE_1 missing / moderate other scores,POC0397,220505,XGBoost,0.5065023303031921,0.09468848149198911,False
B: EXT_SOURCE_1 missing / moderate other scores,POC0398,209627,XGBoost,0.4283212423324585,0.07192323769909433,False
B: EXT_SOURCE_1 missing / moderate other scores,POC0399,239357,XGBoost,0.2504887878894806,0.034668757883370746,False
B: EXT_SOURCE_1 missing / moderate other scores,POC0400,180250,XGBoost,0.2915879786014557,0.04196038438754866,False
B: EXT_SOURCE_1 missing / moderate other scores,POC0401,305932,XGBoost,0.2670802175998688,0.037535684955725485,False
B: EXT_SOURCE_1 missing / moderate other scores,POC0402,102415,XGBoost,0.22488677501678467,0.030432211617036374,False
B: EXT_SOURCE_1 missing / moderate other scores,POC0403,202927,XGBoost,0.2137143462896347,0.028650113459848414,False
B: EXT_SOURCE_1 missing / moderate other scores,POC0404,295675,XGBoost,0.33616507053375244,0.0506560018635408,False
B: EXT_SOURCE_1 missing / moderate other scores,POC0405,3772,XGBoost,0.4572429358959198,0.07974589126825302,False
B: EXT_SOURCE_1 missing / moderate other scores,POC0406,243150,XGBoost,0.5376495718955994,0.10538998889379465,False
B: EXT_SOURCE_1 missing / moderate other scores,POC0407,248501,XGBoost,0.3184911012649536,0.04710167702751419,False
B: EXT_SOURCE_1 missing / moderate other scores,POC0408,282681,XGBoost,0.3315200209617615,0.0497075677298227,False
B: EXT_SOURCE_1 missing / moderate other scores,POC0409,257081,XGBoost,0.27375006675720215,0.038716795499458515,False
B: EXT_SOURCE_1 missing / moderate other scores,POC0410,102468,XGBoost,0.40475010871887207,0.0659930648760532,False
B: EXT_SOURCE_1 missing / moderate other scores,POC0411,214137,XGBoost,0.15522192418575287,0.01990755628429949,False
B: EXT_SOURCE_1 missing / moderate other scores,POC0412,200185,XGBoost,0.18286141753196716,0.02392222521327424,False
B: EXT_SOURCE_1 missing / moderate other scores,POC0413,273544,XGBoost,0.32892683148384094,0.0491825786363433,False
B: EXT_SOURCE_1 missing / moderate other scores,POC0414,273140,XGBoost,0.32846295833587646,0.0490890039165542,False
B: EXT_SOURCE_1 missing / moderate other scores,POC0415,6805,XGBoost,0.18559029698371887,0.024329504989972495,False
B: EXT_SOURCE_1 missing / moderate other scores,POC0416,306136,XGBoost,0.11450221389532089,0.014325758704936836,False
B: EXT_SOURCE_1 missing / moderate other scores,POC0417,57720,XGBoost,0.15733905136585236,0.020208221534274855,False
B: EXT_SOURCE_1 missing / moderate other scores,POC0418,278139,XGBoost,0.1990792155265808,0.026373167313510536,False
B: EXT_SOURCE_1 missing / moderate other scores,POC0419,28733,XGBoost,0.2224220335483551,0.03003570168845661,False
B: EXT_SOURCE_1 missing / moderate other scores,POC0420,238601,XGBoost,0.13622544705867767,0.01725744931714629,False
B: EXT_SOURCE_1 missing / moderate other scores,POC0421,241724,XGBoost,0.10432983934879303,0.012986354506921635,False
B: EXT_SOURCE_1 missing / moderate other scores,POC0422,171743,XGBoost,0.22520147264003754,0.03048297692219566,False
B: EXT_SOURCE_1 missing / moderate other scores,POC0423,253011,XGBoost,0.2409065216779709,0.03305734752398036,False
B: EXT_SOURCE_1 missing / moderate other scores,POC0424,297783,XGBoost,0.2530357539653778,0.035102439679631205,False
B: EXT_SOURCE_1 missing / moderate other scores,POC0425,21579,XGBoost,0.15688267350196838,0.020143315976361882,False
B: EXT_SOURCE_1 missing / moderate other scores,POC0426,23964,XGBoost,0.15715980529785156,0.020182723260791617,False
B: EXT_SOURCE_1 missing / moderate other scores,POC0427,131196,XGBoost,0.29419633746147156,0.042445385832233645,False
B: EXT_SOURCE_1 missing / moderate other scores,POC0428,51277,XGBoost,0.26566705107688904,0.03728758337099184,False
B: EXT_SOURCE_1 missing / moderate other scores,POC0429,172683,XGBoost,0.391117125749588,0.06272892625046077,False
B: EXT_SOURCE_1 missing / moderate other scores,POC0430,233597,XGBoost,0.08356019109487534,0.010311663600083136,False
B: EXT_SOURCE_1 missing / moderate other scores,POC0431,222818,XGBoost,0.16842494904994965,0.021800788489865372,False
B: EXT_SOURCE_1 missing / moderate other scores,POC0432,281506,XGBoost,0.3844722807407379,0.061179314452886005,False
B: EXT_SOURCE_1 missing / moderate other scores,POC0433,77011,XGBoost,0.38834020495414734,0.06207811242340991,False
B: EXT_SOURCE_1 missing / moderate other scores,POC0434,296587,XGBoost,0.2702775001525879,0.03809976947755158,False
B: EXT_SOURCE_1 missing / moderate other scores,POC0435,111967,XGBoost,0.12348734587430954,0.015526189247709817,False
B: EXT_SOURCE_1 missing / moderate other scores,POC0436,246331,XGBoost,0.29878607392311096,0.04330565162208581,False
B: EXT_SOURCE_1 missing / moderate other scores,POC0437,83901,XGBoost,0.25811880826950073,0.035974837118960004,False
B: EXT_SOURCE_1 missing / moderate other scores,POC0438,43423,XGBoost,0.12380634993314743,0.015569118105126569,False
B: EXT_SOURCE_1 missing / moderate other scores,POC0439,4795,XGBoost,0.17354482412338257,0.02254686679845146,False
B: EXT_SOURCE_1 missing / moderate other scores,POC0440,73450,XGBoost,0.3707351088523865,0.05805770740691547,False
B: EXT_SOURCE_1 missing / moderate other scores,POC0441,148307,XGBoost,0.1039205864071846,0.012932889261679114,False
B: EXT_SOURCE_1 missing / moderate other scores,POC0442,10564,XGBoost,0.238408625125885,0.032642436263825535,False
B: EXT_SOURCE_1 missing / moderate other scores,POC0443,295869,XGBoost,0.4412250220775604,0.0753349774346271,False
B: EXT_SOURCE_1 missing / moderate other scores,POC0444,192847,XGBoost,0.4460568130016327,0.07664446840736457,False
B: EXT_SOURCE_1 missing / moderate other scores,POC0445,211192,XGBoost,0.1981358379125595,0.026228558483542847,False
B: EXT_SOURCE_1 missing / moderate other scores,POC0446,156187,XGBoost,0.22009694576263428,0.029663416945248683,False
B: EXT_SOURCE_1 missing / moderate other scores,POC0447,18847,XGBoost,0.4482905864715576,0.07725592202670298,False
B: EXT_SOURCE_1 missing / moderate other scores,POC0448,258327,XGBoost,0.3946807086467743,0.06357098082245449,False
B: EXT_SOURCE_1 missing / moderate other scores,POC0449,50386,XGBoost,0.4014098346233368,0.06518249812509665,False
B: EXT_SOURCE_1 missing / moderate other scores,POC0450,117743,XGBoost,0.09682844579219818,0.012011367656865378,False
B: EXT_SOURCE_1 missing / moderate other scores,POC0451,82020,XGBoost,0.2101617157459259,0.02809151020707021,False
B: EXT_SOURCE_1 missing / moderate other scores,POC0452,41141,XGBoost,0.09430744498968124,0.011686032786174782,False
B: EXT_SOURCE_1 missing / moderate other scores,POC0453,158665,XGBoost,0.2065703272819519,0.02753068179678069,False
B: EXT_SOURCE_1 missing / moderate other scores,POC0454,249190,XGBoost,0.08634625375270844,0.01066604179933656,False
B: EXT_SOURCE_1 missing / moderate other scores,POC0455,117485,XGBoost,0.3715219497680664,0.0582336039713604,False
B: EXT_SOURCE_1 missing / moderate other scores,POC0456,45546,XGBoost,0.09463191032409668,0.011727840618228057,False
B: EXT_SOURCE_1 missing / moderate other scores,POC0457,53302,XGBoost,0.3384830057621002,0.05113319370329481,False
B: EXT_SOURCE_1 missing / moderate other scores,POC0458,41703,XGBoost,0.3286793828010559,0.049132649456618445,False
B: EXT_SOURCE_1 missing / moderate other scores,POC0459,139285,XGBoost,0.3198671340942383,0.04737318814744581,False
B: EXT_SOURCE_1 missing / moderate other scores,POC0460,53694,XGBoost,0.1527993083000183,0.019564845116223615,False
B: EXT_SOURCE_1 missing / moderate other scores,POC0461,159555,XGBoost,0.3536565601825714,0.054323205704903975,False
B: EXT_SOURCE_1 missing / moderate other scores,POC0462,236729,XGBoost,0.41349828243255615,0.0681502492121783,False
B: EXT_SOURCE_1 missing / moderate other scores,POC0463,85262,XGBoost,0.25824692845344543,0.035996945897523426,False
B: EXT_SOURCE_1 missing / moderate other scores,POC0464,13420,XGBoost,0.3336001932621002,0.05013101596416623,False
B: EXT_SOURCE_1 missing / moderate other scores,POC0465,15174,XGBoost,0.19515815377235413,0.02577379235468046,False
B: EXT_SOURCE_1 missing / moderate other scores,POC0466,55769,XGBoost,0.04281291365623474,0.005258404456362514,False
B: EXT_SOURCE_1 missing / moderate other scores,POC0467,64227,XGBoost,0.12100091576576233,0.015192321378121345,False
B: EXT_SOURCE_1 missing / moderate other scores,POC0468,121958,XGBoost,0.31579411029815674,0.04657200976562964,False
B: EXT_SOURCE_1 missing / moderate other scores,POC0469,5378,XGBoost,0.21243509650230408,0.028448526898798284,False
B: EXT_SOURCE_1 missing / moderate other scores,POC0470,274173,XGBoost,0.46335434913635254,0.08148291087691671,False
B: EXT_SOURCE_1 missing / moderate other scores,POC0471,306424,XGBoost,0.15953819453716278,0.02052170011485769,False
B: EXT_SOURCE_1 missing / moderate other scores,POC0472,27394,XGBoost,0.2238818109035492,0.030270307435278473,False
B: EXT_SOURCE_1 missing / moderate other scores,POC0473,288487,XGBoost,0.11785025149583817,0.014771115428989083,False
B: EXT_SOURCE_1 missing / moderate other scores,POC0474,155153,XGBoost,0.19499799609184265,0.025749404173391537,False
B: EXT_SOURCE_1 missing / moderate other scores,POC0475,198799,XGBoost,0.42143791913986206,0.07015229924028478,False
B: EXT_SOURCE_1 missing / moderate other scores,POC0476,257062,XGBoost,0.19643613696098328,0.025968660858468544,False
B: EXT_SOURCE_1 missing / moderate other scores,POC0477,21435,XGBoost,0.11235597729682922,0.014041459629967244,False
B: EXT_SOURCE_1 missing / moderate other scores,POC0478,224429,XGBoost,0.40098312497138977,0.06507946303231829,False
B: EXT_SOURCE_1 missing / moderate other scores,POC0479,83357,XGBoost,0.5264371037483215,0.10141259175708686,False
B: EXT_SOURCE_1 missing / moderate other scores,POC0480,189909,XGBoost,0.4439648687839508,0.0760753301535767,False
B: EXT_SOURCE_1 missing / moderate other scores,POC0481,275808,XGBoost,0.16688406467437744,0.02157757223084944,False
B: EXT_SOURCE_1 missing / moderate other scores,POC0482,140407,XGBoost,0.3303363621234894,0.04946754066242581,False
B: EXT_SOURCE_1 missing / moderate other scores,POC0483,79657,XGBoost,0.4316249191761017,0.07278514310274087,False
B: EXT_SOURCE_1 missing / moderate other scores,POC0484,106834,XGBoost,0.24052682518959045,0.032994142754759544,False
B: EXT_SOURCE_1 missing / moderate other scores,POC0485,273213,XGBoost,0.08590380102396011,0.010609675966477264,False
B: EXT_SOURCE_1 missing / moderate other scores,POC0486,156939,XGBoost,0.3203164339065552,0.047462028315979385,False
B: EXT_SOURCE_1 missing / moderate other scores,POC0487,50161,XGBoost,0.036768991500139236,0.004524837635049287,False
B: EXT_SOURCE_1 missing / moderate other scores,POC0488,94024,XGBoost,0.23547860980033875,0.03215841217698085,False
B: EXT_SOURCE_1 missing / moderate other scores,POC0489,20943,XGBoost,0.17441922426223755,0.02267496925922526,False
B: EXT_SOURCE_1 missing / moderate other scores,POC0490,196856,XGBoost,0.3596876561641693,0.055624086899762615,False
B: EXT_SOURCE_1 missing / moderate other scores,POC0491,169146,XGBoost,0.09680774807929993,0.012008691922254663,False
B: EXT_SOURCE_1 missing / moderate other scores,POC0492,95011,XGBoost,0.21823954582214355,0.02936723338635924,False
B: EXT_SOURCE_1 missing / moderate other scores,POC0493,219352,XGBoost,0.34329015016555786,0.05213126872849128,False
B: EXT_SOURCE_1 missing / moderate other scores,POC0494,287797,XGBoost,0.4073440134525299,0.06662746440268899,False
B: EXT_SOURCE_1 missing / moderate other scores,POC0495,286554,XGBoost,0.22649656236171722,0.030692226749689782,False
B: EXT_SOURCE_1 missing / moderate other scores,POC0496,266702,XGBoost,0.3719668984413147,0.05833322478232401,False
B: EXT_SOURCE_1 missing / moderate other scores,POC0497,24703,XGBoost,0.18681301176548004,0.024512655117527177,False
B: EXT_SOURCE_1 missing / moderate other scores,POC0498,246684,XGBoost,0.27184703946113586,0.038378086977476626,False
B: EXT_SOURCE_1 missing / moderate other scores,POC0499,22765,XGBoost,0.36729881167411804,0.0572935694951077,False
B: EXT_SOURCE_1 missing / moderate other scores,POC0500,149948,XGBoost,0.2750639021396637,0.03895144503911084,False
B: EXT_SOURCE_1 missing / moderate other scores,POC0501,57342,XGBoost,0.29802119731903076,0.04316167781281791,False
B: EXT_SOURCE_1 missing / moderate other scores,POC0502,197162,XGBoost,0.18573632836341858,0.02435135735691464,False
B: EXT_SOURCE_1 missing / moderate other scores,POC0503,236247,XGBoost,0.41818270087242126,0.06932627643667941,False
B: EXT_SOURCE_1 missing / moderate other scores,POC0504,275522,XGBoost,0.3230172097682953,0.04799800300838851,False
B: EXT_SOURCE_1 missing / moderate other scores,POC0505,134239,XGBoost,0.268812358379364,0.03784080370646078,False
B: EXT_SOURCE_1 missing / moderate other scores,POC0506,90949,XGBoost,0.31605690717697144,0.046623476780143606,False
B: EXT_SOURCE_1 missing / moderate other scores,POC0507,216433,XGBoost,0.11049320548772812,0.013795455757503355,False
B: EXT_SOURCE_1 missing / moderate other scores,POC0508,266388,XGBoost,0.13053183257579803,0.016479244279976258,False
B: EXT_SOURCE_1 missing / moderate other scores,POC0509,282235,XGBoost,0.24763813614845276,0.034186062840677295,False
B: EXT_SOURCE_1 missing / moderate other scores,POC0510,12730,XGBoost,0.5007477402687073,0.09282514004927768,False
B: EXT_SOURCE_1 missing / moderate other scores,POC0511,305356,XGBoost,0.34940993785858154,0.05341863102192901,False
B: EXT_SOURCE_1 missing / moderate other scores,POC0512,138657,XGBoost,0.4132845997810364,0.06809695609529844,False
B: EXT_SOURCE_1 missing / moderate other scores,POC0513,44682,XGBoost,0.05619685351848602,0.00689468451521085,False
B: EXT_SOURCE_1 missing / moderate other scores,POC0514,295197,XGBoost,0.3206109404563904,0.047520311214026875,False
B: EXT_SOURCE_1 missing / moderate other scores,POC0515,106758,XGBoost,0.26537632942199707,0.03723663507099876,False
B: EXT_SOURCE_1 missing / moderate other scores,POC0516,115518,XGBoost,0.10173685103654861,0.01264814146748472,False
B: EXT_SOURCE_1 missing / moderate other scores,POC0517,63860,XGBoost,0.18396465480327606,0.024086636182818463,False
B: EXT_SOURCE_1 missing / moderate other scores,POC0518,124791,XGBoost,0.4156346619129181,0.06868475164564233,False
B: EXT_SOURCE_1 missing / moderate other scores,POC0519,138326,XGBoost,0.374569296836853,0.058918115932652115,False
B: EXT_SOURCE_1 missing / moderate other scores,POC0520,24762,XGBoost,0.09672953933477402,0.011998582049819989,False
B: EXT_SOURCE_1 missing / moderate other scores,POC0521,31320,XGBoost,0.39452967047691345,0.06353513317414528,False
B: EXT_SOURCE_1 missing / moderate other scores,POC0522,218418,XGBoost,0.1903083473443985,0.02503850311112312,False
B: EXT_SOURCE_1 missing / moderate other scores,POC0523,266978,XGBoost,0.2775081992149353,0.03938976199069464,False
B: EXT_SOURCE_1 missing / moderate other scores,POC0524,128869,XGBoost,0.15213696658611298,0.019471394938836633,False
B: EXT_SOURCE_1 missing / moderate other scores,POC0525,122007,XGBoost,0.19568125903606415,0.025853499716861104,False
B: EXT_SOURCE_1 missing / moderate other scores,POC0526,36461,XGBoost,0.18327660858631134,0.023984060545050846,False
B: EXT_SOURCE_1 missing / moderate other scores,POC0527,32558,XGBoost,0.09149918705224991,0.011324970081950332,False
B: EXT_SOURCE_1 missing / moderate other scores,POC0528,151640,XGBoost,0.12413957715034485,0.015613984005587505,False
B: EXT_SOURCE_1 missing / moderate other scores,POC0529,83970,XGBoost,0.12241240590810776,0.015381691156069152,False
B: EXT_SOURCE_1 missing / moderate other scores,POC0530,270290,XGBoost,0.09585227817296982,0.011885256743888148,False
B: EXT_SOURCE_1 missing / moderate other scores,POC0531,1147,XGBoost,0.3252674639225006,0.048447141723604877,False
B: EXT_SOURCE_1 missing / moderate other scores,POC0532,109840,XGBoost,0.37703946232795715,0.05947684229503424,False
B: EXT_SOURCE_1 missing / moderate other scores,POC0533,8125,XGBoost,0.37164679169654846,0.05826154397532135,False
B: EXT_SOURCE_1 missing / moderate other scores,POC0534,204576,XGBoost,0.20635934174060822,0.027497854325186755,False
B: EXT_SOURCE_1 missing / moderate other scores,POC0535,246601,XGBoost,0.28933796286582947,0.04154425143172424,False
B: EXT_SOURCE_1 missing / moderate other scores,POC0536,86326,XGBoost,0.045201029628515244,0.005549056442846457,False
B: EXT_SOURCE_1 missing / moderate other scores,POC0537,25593,XGBoost,0.3089507818222046,0.045242615612940684,False
B: EXT_SOURCE_1 missing / moderate other scores,POC0538,121095,XGBoost,0.2896203100681305,0.04159635754154404,False
B: EXT_SOURCE_1 missing / moderate other scores,POC0539,268312,XGBoost,0.2965390384197235,0.042883386660758735,False
B: EXT_SOURCE_1 missing / moderate other scores,POC0540,96438,XGBoost,0.20815294981002808,0.02777734682310088,False
B: EXT_SOURCE_1 missing / moderate other scores,POC0541,299908,XGBoost,0.46708348393440247,0.08255809356167033,False
B: EXT_SOURCE_1 missing / moderate other scores,POC0542,149893,XGBoost,0.3012019097805023,0.04376200721597205,False
B: EXT_SOURCE_1 missing / moderate other scores,POC0543,22985,XGBoost,0.17283572256565094,0.022443128317531258,False
B: EXT_SOURCE_1 missing / moderate other scores,POC0544,278535,XGBoost,0.16795489192008972,0.021732630396112586,False
B: EXT_SOURCE_1 missing / moderate other scores,POC0545,32389,XGBoost,0.31526079773902893,0.04646765935076684,False
B: EXT_SOURCE_1 missing / moderate other scores,POC0546,182503,XGBoost,0.4768342971801758,0.08542581548438953,False
B: EXT_SOURCE_1 missing / moderate other scores,POC0547,18786,XGBoost,0.17942103743553162,0.02341163762697788,False
B: EXT_SOURCE_1 missing / moderate other scores,POC0548,196887,XGBoost,0.29599639773368835,0.04278172944749116,False
B: EXT_SOURCE_1 missing / moderate other scores,POC0549,192481,XGBoost,0.3814690411090851,0.06048755237338272,False
B: EXT_SOURCE_1 missing / moderate other scores,POC0550,40156,XGBoost,0.21511486172676086,0.02887138294530143,False
B: EXT_SOURCE_1 missing / moderate other scores,POC0551,303818,XGBoost,0.22700321674346924,0.030774233949501285,False
B: EXT_SOURCE_1 missing / moderate other scores,POC0552,130068,XGBoost,0.27704569697380066,0.03930664786500741,False
B: EXT_SOURCE_1 missing / moderate other scores,POC0553,68857,XGBoost,0.40513876080513,0.06608784165427295,False
B: EXT_SOURCE_1 missing / moderate other scores,POC0554,131049,XGBoost,0.04618033021688461,0.005668393710244428,False
B: EXT_SOURCE_1 missing / moderate other scores,POC0555,277981,XGBoost,0.44740167260169983,0.0770121347722706,False
B: EXT_SOURCE_1 missing / moderate other scores,POC0556,63973,XGBoost,0.2700100541114807,0.038052437690279994,False
B: EXT_SOURCE_1 missing / moderate other scores,POC0557,199102,XGBoost,0.22705979645252228,0.03078339707030763,False
B: EXT_SOURCE_1 missing / moderate other scores,POC0558,93189,XGBoost,0.5878815650939941,0.12520311546962737,False
B: EXT_SOURCE_1 missing / moderate other scores,POC0559,88701,XGBoost,0.5248253345489502,0.10085277238129275,False
B: EXT_SOURCE_1 missing / moderate other scores,POC0560,56398,XGBoost,0.2483249008655548,0.03430209239937755,False
B: EXT_SOURCE_1 missing / moderate other scores,POC0561,237176,XGBoost,0.3199358284473419,0.04738676513223044,False
B: EXT_SOURCE_1 missing / moderate other scores,POC0562,139701,XGBoost,0.09879548847675323,0.012266018991925157,False
B: EXT_SOURCE_1 missing / moderate other scores,POC0563,132018,XGBoost,0.22637435793876648,0.03067245903812252,False
B: EXT_SOURCE_1 missing / moderate other scores,POC0564,43600,XGBoost,0.1474725753068924,0.018816262594434613,False
B: EXT_SOURCE_1 missing / moderate other scores,POC0565,56612,XGBoost,0.38446858525276184,0.06117845997628333,False
B: EXT_SOURCE_1 missing / moderate other scores,POC0566,288672,XGBoost,0.3827452063560486,0.06078085527021004,False
B: EXT_SOURCE_1 missing / moderate other scores,POC0567,117788,XGBoost,0.2626096308231354,0.03675334052976199,False
B: EXT_SOURCE_1 missing / moderate other scores,POC0568,230412,XGBoost,0.09500790387392044,0.011776311633391953,False
B: EXT_SOURCE_1 missing / moderate other scores,POC0569,146770,XGBoost,0.4410803020000458,0.07529602985468384,False
B: EXT_SOURCE_1 missing / moderate other scores,POC0570,194887,XGBoost,0.3952067196369171,0.06369593506087355,False
B: EXT_SOURCE_1 missing / moderate other scores,POC0571,220695,XGBoost,0.2957468330860138,0.042735017661969306,False
B: EXT_SOURCE_1 missing / moderate other scores,POC0572,9349,XGBoost,0.2864709794521332,0.041016986231979476,False
B: EXT_SOURCE_1 missing / moderate other scores,POC0573,275169,XGBoost,0.2507781684398651,0.03471791689557544,False
B: EXT_SOURCE_1 missing / moderate other scores,POC0574,305450,XGBoost,0.18008986115455627,0.02351064796698865,False
B: EXT_SOURCE_1 missing / moderate other scores,POC0575,223172,XGBoost,0.24651239812374115,0.03399622205137832,False
B: EXT_SOURCE_1 missing / moderate other scores,POC0576,291575,XGBoost,0.4961082935333252,0.09134698655493032,False
B: EXT_SOURCE_1 missing / moderate other scores,POC0577,199474,XGBoost,0.43997111916542053,0.07499804664245173,False
B: EXT_SOURCE_1 missing / moderate other scores,POC0578,129836,XGBoost,0.06154334545135498,0.007554029041019595,False
B: EXT_SOURCE_1 missing / moderate other scores,POC0579,50055,XGBoost,0.27060839533805847,0.038158367682165066,False
B: EXT_SOURCE_1 missing / moderate other scores,POC0580,298358,XGBoost,0.22958950698375702,0.031194139631660123,False
B: EXT_SOURCE_1 missing / moderate other scores,POC0581,15930,XGBoost,0.09464803338050842,0.011729918591293425,False
B: EXT_SOURCE_1 missing / moderate other scores,POC0582,87121,XGBoost,0.19435618817806244,0.025651745440301136,False
B: EXT_SOURCE_1 missing / moderate other scores,POC0583,237610,XGBoost,0.22579172253608704,0.030578278063409164,False
B: EXT_SOURCE_1 missing / moderate other scores,POC0584,257715,XGBoost,0.1813042163848877,0.02369072461922545,False
B: EXT_SOURCE_1 missing / moderate other scores,POC0585,132007,XGBoost,0.21390844881534576,0.028680744143512897,False
B: EXT_SOURCE_1 missing / moderate other scores,POC0586,147454,XGBoost,0.06101658567786217,0.007488905599622418,False
B: EXT_SOURCE_1 missing / moderate other scores,POC0587,132068,XGBoost,0.2115560919046402,0.02831030040750518,False
B: EXT_SOURCE_1 missing / moderate other scores,POC0588,175858,XGBoost,0.065957210958004,0.008101176107296989,False
B: EXT_SOURCE_1 missing / moderate other scores,POC0589,74062,XGBoost,0.25536924600601196,0.03550178752127847,False
B: EXT_SOURCE_1 missing / moderate other scores,POC0590,33816,XGBoost,0.5570066571235657,0.11261763128277197,False
B: EXT_SOURCE_1 missing / moderate other scores,POC0591,111512,XGBoost,0.2088991403579712,0.027893906704877944,False
B: EXT_SOURCE_1 missing / moderate other scores,POC0592,272856,XGBoost,0.47394946217536926,0.08456874743056635,False
B: EXT_SOURCE_1 missing / moderate other scores,POC0593,262812,XGBoost,0.3838571012020111,0.06103718276129761,False
B: EXT_SOURCE_1 missing / moderate other scores,POC0594,121365,XGBoost,0.08887387067079544,0.010988685463308948,False
B: EXT_SOURCE_1 missing / moderate other scores,POC0595,227622,XGBoost,0.5355681777000427,0.10464048902729008,False
B: EXT_SOURCE_1 missing / moderate other scores,POC0596,174709,XGBoost,0.16321006417274475,0.021047786263555163,False
B: EXT_SOURCE_1 missing / moderate other scores,POC0597,58040,XGBoost,0.20922741293907166,0.027945237956838176,False
B: EXT_SOURCE_1 missing / moderate other scores,POC0598,216675,XGBoost,0.33815765380859375,0.05106605520064133,False
B: EXT_SOURCE_1 missing / moderate other scores,POC0599,258011,XGBoost,0.09253338724374771,0.01145777600332164,False
B: EXT_SOURCE_1 missing / moderate other scores,POC0600,208258,XGBoost,0.1832086145877838,0.02397393083498728,False
C: lower external scores / higher credit-income ratio,POC0601,14343,XGBoost,0.7938257455825806,0.26931651283044283,True
C: lower external scores / higher credit-income ratio,POC0602,94529,XGBoost,0.7596084475517273,0.2339116042954094,True
C: lower external scores / higher credit-income ratio,POC0603,26833,XGBoost,0.6666392683982849,0.16489840178616946,False
C: lower external scores / higher credit-income ratio,POC0604,101924,XGBoost,0.6060863137245178,0.1333153220389513,False
C: lower external scores / higher credit-income ratio,POC0605,281182,XGBoost,0.6977956295013428,0.18463924203946913,True
C: lower external scores / higher credit-income ratio,POC0606,208806,XGBoost,0.4402971863746643,0.0750855488917037,False
C: lower external scores / higher credit-income ratio,POC0607,190054,XGBoost,0.454175740480423,0.078885598881488,False
C: lower external scores / higher credit-income ratio,POC0608,259619,XGBoost,0.5779361128807068,0.12099647439919331,False
C: lower external scores / higher credit-income ratio,POC0609,292744,XGBoost,0.6105737686157227,0.1354021968429072,False
C: lower external scores / higher credit-income ratio,POC0610,225433,XGBoost,0.5705524682998657,0.11796954955007868,False
C: lower external scores / higher credit-income ratio,POC0611,106133,XGBoost,0.5793948769569397,0.12160403280046679,False
C: lower external scores / higher credit-income ratio,POC0612,229934,XGBoost,0.46715566515922546,0.08257902073418509,False
C: lower external scores / higher credit-income ratio,POC0613,204931,XGBoost,0.524580717086792,0.1007680649845511,False
C: lower external scores / higher credit-income ratio,POC0614,212950,XGBoost,0.7398302555084229,0.2163925500184952,True
C: lower external scores / higher credit-income ratio,POC0615,162299,XGBoost,0.6812247037887573,0.1737927866043303,True
C: lower external scores / higher credit-income ratio,POC0616,180508,XGBoost,0.5266726613044739,0.10149465480183528,False
C: lower external scores / higher credit-income ratio,POC0617,305767,XGBoost,0.2889125347137451,0.04146580134774495,False
C: lower external scores / higher credit-income ratio,POC0618,56063,XGBoost,0.5264678001403809,0.10142328213188542,False
C: lower external scores / higher credit-income ratio,POC0619,50510,XGBoost,0.5203106999397278,0.09930018217328372,False
C: lower external scores / higher credit-income ratio,POC0620,287354,XGBoost,0.5379607677459717,0.10550249525969312,False
C: lower external scores / higher credit-income ratio,POC0621,128424,XGBoost,0.7837159633636475,0.2580917191375652,True
C: lower external scores / higher credit-income ratio,POC0622,279243,XGBoost,0.4440132975578308,0.07608846782842135,False
C: lower external scores / higher credit-income ratio,POC0623,285761,XGBoost,0.7010988593101501,0.18690358936557006,True
C: lower external scores / higher credit-income ratio,POC0624,4692,XGBoost,0.6742604374885559,0.16947380650009058,False
C: lower external scores / higher credit-income ratio,POC0625,144922,XGBoost,0.570541262626648,0.11796501605707145,False
C: lower external scores / higher credit-income ratio,POC0626,70419,XGBoost,0.6256021857261658,0.14266183097825488,False
C: lower external scores / higher credit-income ratio,POC0627,112460,XGBoost,0.35573798418045044,0.05476999369169947,False
C: lower external scores / higher credit-income ratio,POC0628,44983,XGBoost,0.49070489406585693,0.08965186869339346,False
C: lower external scores / higher credit-income ratio,POC0629,123890,XGBoost,0.35918986797332764,0.055515987018435964,False
C: lower external scores / higher credit-income ratio,POC0630,372,XGBoost,0.5286346077919006,0.10218060993376772,False
C: lower external scores / higher credit-income ratio,POC0631,138704,XGBoost,0.4510784149169922,0.07802449867130284,False
C: lower external scores / higher credit-income ratio,POC0632,152894,XGBoost,0.7300987243652344,0.20843021400483,True
C: lower external scores / higher credit-income ratio,POC0633,22520,XGBoost,0.20233139395713806,0.02687366764689098,False
C: lower external scores / higher credit-income ratio,POC0634,36968,XGBoost,0.31728440523147583,0.046864285722812496,False
C: lower external scores / higher credit-income ratio,POC0635,90871,XGBoost,0.6044220328330994,0.13255040971056756,False
C: lower external scores / higher credit-income ratio,POC0636,153653,XGBoost,0.28217002749443054,0.04023217630687567,False
C: lower external scores / higher credit-income ratio,POC0637,188807,XGBoost,0.4984850287437439,0.0921015746048759,False
C: lower external scores / higher credit-income ratio,POC0638,259279,XGBoost,0.5439580082893372,0.10769368263439444,False
C: lower external scores / higher credit-income ratio,POC0639,75254,XGBoost,0.4783165156841278,0.08586904630698149,False
C: lower external scores / higher credit-income ratio,POC0640,115899,XGBoost,0.7359291911125183,0.21315194476104887,True
C: lower external scores / higher credit-income ratio,POC0641,68788,XGBoost,0.5200156569480896,0.0991995024290903,False
C: lower external scores / higher credit-income ratio,POC0642,222804,XGBoost,0.5112296342849731,0.09624457692787447,False
C: lower external scores / higher credit-income ratio,POC0643,235973,XGBoost,0.7880479693412781,0.26281597105885557,True
C: lower external scores / higher credit-income ratio,POC0644,305096,XGBoost,0.40601131319999695,0.06630097757476941,False
C: lower external scores / higher credit-income ratio,POC0645,122081,XGBoost,0.4917946457862854,0.08999148125895547,False
C: lower external scores / higher credit-income ratio,POC0646,122584,XGBoost,0.5752286314964294,0.11987725326403456,False
C: lower external scores / higher credit-income ratio,POC0647,139941,XGBoost,0.6688444018363953,0.16620650016277178,False
C: lower external scores / higher credit-income ratio,POC0648,5639,XGBoost,0.7340517044067383,0.21161582348564478,True
C: lower external scores / higher credit-income ratio,POC0649,82516,XGBoost,0.41877251863479614,0.06947540550241744,False
C: lower external scores / higher credit-income ratio,POC0650,269078,XGBoost,0.5182509422302246,0.09859930663427684,False
C: lower external scores / higher credit-income ratio,POC0651,241319,XGBoost,0.6639242172241211,0.16330504028841442,False
C: lower external scores / higher credit-income ratio,POC0652,217048,XGBoost,0.4120092988014221,0.06777952521364453,False
C: lower external scores / higher credit-income ratio,POC0653,108055,XGBoost,0.7477843761444092,0.2232121201375309,True
C: lower external scores / higher credit-income ratio,POC0654,191254,XGBoost,0.5197156667709351,0.09909723254164785,False
C: lower external scores / higher credit-income ratio,POC0655,210348,XGBoost,0.47218436002731323,0.08404795260237295,False
C: lower external scores / higher credit-income ratio,POC0656,274216,XGBoost,0.6068949699401855,0.13368874058294,False
C: lower external scores / higher credit-income ratio,POC0657,109684,XGBoost,0.35124585032463074,0.05380855613332082,False
C: lower external scores / higher credit-income ratio,POC0658,120159,XGBoost,0.3861553966999054,0.06156932837785327,False
C: lower external scores / higher credit-income ratio,POC0659,91040,XGBoost,0.6291680335998535,0.14444848357143722,False
C: lower external scores / higher credit-income ratio,POC0660,165729,XGBoost,0.33200815320014954,0.049806747757847096,False
C: lower external scores / higher credit-income ratio,POC0661,127775,XGBoost,0.698295533657074,0.18497965076253847,True
C: lower external scores / higher credit-income ratio,POC0662,89528,XGBoost,0.6674560904502869,0.16538147177807397,False
C: lower external scores / higher credit-income ratio,POC0663,180150,XGBoost,0.7589320540428162,0.2332804256311245,True
C: lower external scores / higher credit-income ratio,POC0664,70842,XGBoost,0.6864295601844788,0.17711069204236002,True
C: lower external scores / higher credit-income ratio,POC0665,47668,XGBoost,0.6755034923553467,0.1702348473220654,True
C: lower external scores / higher credit-income ratio,POC0666,247508,XGBoost,0.6358132362365723,0.14784715146307498,False
C: lower external scores / higher credit-income ratio,POC0667,102323,XGBoost,0.6018416285514832,0.13137396399720155,False
C: lower external scores / higher credit-income ratio,POC0668,173796,XGBoost,0.4443735182285309,0.07618624417766329,False
C: lower external scores / higher credit-income ratio,POC0669,156684,XGBoost,0.3997817039489746,0.06478998194314109,False
C: lower external scores / higher credit-income ratio,POC0670,144905,XGBoost,0.566131055355072,0.11619464963473992,False
C: lower external scores / higher credit-income ratio,POC0671,229123,XGBoost,0.5266255736351013,0.10147824546000618,False
C: lower external scores / higher credit-income ratio,POC0672,218412,XGBoost,0.5766202807426453,0.12045117573151172,False
C: lower external scores / higher credit-income ratio,POC0673,70382,XGBoost,0.718654215335846,0.1995626910596533,True
C: lower external scores / higher credit-income ratio,POC0674,124028,XGBoost,0.48657649755477905,0.08837547194337794,False
C: lower external scores / higher credit-income ratio,POC0675,186554,XGBoost,0.6968629956245422,0.18400631161019693,True
C: lower external scores / higher credit-income ratio,POC0676,176407,XGBoost,0.5665987730026245,0.11638110033904192,False
C: lower external scores / higher credit-income ratio,POC0677,139785,XGBoost,0.765661358833313,0.23966859875295116,True
C: lower external scores / higher credit-income ratio,POC0678,70870,XGBoost,0.5005040168762207,0.09274695817080338,False
C: lower external scores / higher credit-income ratio,POC0679,258040,XGBoost,0.6399468779563904,0.15000805777669526,False
C: lower external scores / higher credit-income ratio,POC0680,36357,XGBoost,0.5034210085868835,0.09368658005649556,False
C: lower external scores / higher credit-income ratio,POC0681,225837,XGBoost,0.850189745426178,0.3478517528008958,True
C: lower external scores / higher credit-income ratio,POC0682,63803,XGBoost,0.5418410301208496,0.10691517823099783,False
C: lower external scores / higher credit-income ratio,POC0683,33926,XGBoost,0.5178141593933105,0.09845127727319657,False
C: lower external scores / higher credit-income ratio,POC0684,260863,XGBoost,0.43810024857521057,0.07449752595797086,False
C: lower external scores / higher credit-income ratio,POC0685,131737,XGBoost,0.7657374739646912,0.23974226268613485,True
C: lower external scores / higher credit-income ratio,POC0686,58955,XGBoost,0.3973715901374817,0.06421200663002992,False
C: lower external scores / higher credit-income ratio,POC0687,183690,XGBoost,0.653154194355011,0.15716533372717897,False
C: lower external scores / higher credit-income ratio,POC0688,156774,XGBoost,0.5478153824806213,0.10912657127646008,False
C: lower external scores / higher credit-income ratio,POC0689,278903,XGBoost,0.765104353427887,0.23913050656009602,True
C: lower external scores / higher credit-income ratio,POC0690,259414,XGBoost,0.6359767317771912,0.14793192943599276,False
C: lower external scores / higher credit-income ratio,POC0691,63171,XGBoost,0.7377092242240906,0.21462235416278055,True
C: lower external scores / higher credit-income ratio,POC0692,92840,XGBoost,0.30532604455947876,0.04454680085469252,False
C: lower external scores / higher credit-income ratio,POC0693,42939,XGBoost,0.6554747819900513,0.15846442823512608,False
C: lower external scores / higher credit-income ratio,POC0694,265489,XGBoost,0.42283105850219727,0.07050804739614659,False
C: lower external scores / higher credit-income ratio,POC0695,32897,XGBoost,0.7114048004150391,0.1942032699436737,True
C: lower external scores / higher credit-income ratio,POC0696,171309,XGBoost,0.5465404391288757,0.10865090202778922,False
C: lower external scores / higher credit-income ratio,POC0697,220505,XGBoost,0.690034806728363,0.179455760994675,True
C: lower external scores / higher credit-income ratio,POC0698,209627,XGBoost,0.7955037951469421,0.2712488664232065,True
C: lower external scores / higher credit-income ratio,POC0699,239357,XGBoost,0.6109018325805664,0.13555617720526572,False
C: lower external scores / higher credit-income ratio,POC0700,180250,XGBoost,0.5604159832000732,0.11394090234476101,False
C: lower external scores / higher credit-income ratio,POC0701,305932,XGBoost,0.6237080693244934,0.141723064804877,False
C: lower external scores / higher credit-income ratio,POC0702,102415,XGBoost,0.7054747343063354,0.18995870458779154,True
C: lower external scores / higher credit-income ratio,POC0703,202927,XGBoost,0.6160038709640503,0.13797619230693886,False
C: lower external scores / higher credit-income ratio,POC0704,295675,XGBoost,0.6720407605171204,0.1681252721247692,False
C: lower external scores / higher credit-income ratio,POC0705,3772,XGBoost,0.793839156627655,0.2693318755955044,True
C: lower external scores / higher credit-income ratio,POC0706,243150,XGBoost,0.8124415874481201,0.29196611326891625,True
C: lower external scores / higher credit-income ratio,POC0707,248501,XGBoost,0.5928518176078796,0.12736348801002795,False
C: lower external scores / higher credit-income ratio,POC0708,282681,XGBoost,0.5757951140403748,0.12011052776887253,False
C: lower external scores / higher credit-income ratio,POC0709,257081,XGBoost,0.5750101208686829,0.11978739813793506,False
C: lower external scores / higher credit-income ratio,POC0710,102468,XGBoost,0.831027626991272,0.3175863914937174,True
C: lower external scores / higher credit-income ratio,POC0711,214137,XGBoost,0.40162771940231323,0.06523515405676177,False
C: lower external scores / higher credit-income ratio,POC0712,200185,XGBoost,0.5102943181991577,0.09593485105601489,False
C: lower external scores / higher credit-income ratio,POC0713,273544,XGBoost,0.677038848400116,0.17118069946616798,True
C: lower external scores / higher credit-income ratio,POC0714,273140,XGBoost,0.6323339343070984,0.14605629540202683,False
C: lower external scores / higher credit-income ratio,POC0715,6805,XGBoost,0.4345656633377075,0.07355900172371467,False
C: lower external scores / higher credit-income ratio,POC0716,306136,XGBoost,0.5757873058319092,0.12010730917111372,False
C: lower external scores / higher credit-income ratio,POC0717,57720,XGBoost,0.4397127628326416,0.07492877173831518,False
C: lower external scores / higher credit-income ratio,POC0718,278139,XGBoost,0.647720217704773,0.15417270296147215,False
C: lower external scores / higher credit-income ratio,POC0719,28733,XGBoost,0.6647194623947144,0.16376978965330097,False
C: lower external scores / higher credit-income ratio,POC0720,238601,XGBoost,0.46709251403808594,0.08256071137605145,False
C: lower external scores / higher credit-income ratio,POC0721,241724,XGBoost,0.6546615958213806,0.15800773794698403,False
C: lower external scores / higher credit-income ratio,POC0722,171743,XGBoost,0.41521120071411133,0.06857856176997838,False
C: lower external scores / higher credit-income ratio,POC0723,253011,XGBoost,0.7115567326545715,0.19431363803088478,True
C: lower external scores / higher credit-income ratio,POC0724,297783,XGBoost,0.49324262142181396,0.09044448757270279,False
C: lower external scores / higher credit-income ratio,POC0725,21579,XGBoost,0.6750920414924622,0.16998247550703563,True
C: lower external scores / higher credit-income ratio,POC0726,23964,XGBoost,0.39643600583076477,0.06398862055002803,False
C: lower external scores / higher credit-income ratio,POC0727,131196,XGBoost,0.6244199872016907,0.14207507928255939,False
C: lower external scores / higher credit-income ratio,POC0728,51277,XGBoost,0.5995432734489441,0.13033573217607783,False
C: lower external scores / higher credit-income ratio,POC0729,172683,XGBoost,0.8032884001731873,0.2804878385606669,True
C: lower external scores / higher credit-income ratio,POC0730,233597,XGBoost,0.5289779901504517,0.10230111964049356,False
C: lower external scores / higher credit-income ratio,POC0731,222818,XGBoost,0.44564536213874817,0.0765322625351778,False
C: lower external scores / higher credit-income ratio,POC0732,281506,XGBoost,0.7177132368087769,0.19885610894140224,True
C: lower external scores / higher credit-income ratio,POC0733,77011,XGBoost,0.6588973999023438,0.16040405835962748,False
C: lower external scores / higher credit-income ratio,POC0734,296587,XGBoost,0.5210828185081482,0.09956411152868558,False
C: lower external scores / higher credit-income ratio,POC0735,111967,XGBoost,0.4452292025089264,0.07641890518686346,False
C: lower external scores / higher credit-income ratio,POC0736,246331,XGBoost,0.7526653409004211,0.2275444619769001,True
C: lower external scores / higher credit-income ratio,POC0737,83901,XGBoost,0.715351939201355,0.19709750397102346,True
C: lower external scores / higher credit-income ratio,POC0738,43423,XGBoost,0.3390028476715088,0.051240574305412546,False
C: lower external scores / higher credit-income ratio,POC0739,4795,XGBoost,0.7390278577804565,0.21572054089401888,True
C: lower external scores / higher credit-income ratio,POC0740,73450,XGBoost,0.6135784387588501,0.1368197850043489,False
C: lower external scores / higher credit-income ratio,POC0741,148307,XGBoost,0.34363192319869995,0.05220266623290583,False
C: lower external scores / higher credit-income ratio,POC0742,10564,XGBoost,0.4880683422088623,0.08883486429715924,False
C: lower external scores / higher credit-income ratio,POC0743,295869,XGBoost,0.6389452815055847,0.14948110123549757,False
C: lower external scores / higher credit-income ratio,POC0744,192847,XGBoost,0.7349438667297363,0.21234389317956434,True
C: lower external scores / higher credit-income ratio,POC0745,211192,XGBoost,0.5066325068473816,0.09473102232851943,False
C: lower external scores / higher credit-income ratio,POC0746,156187,XGBoost,0.6458588242530823,0.15316316900219495,False
C: lower external scores / higher credit-income ratio,POC0747,18847,XGBoost,0.7074338793754578,0.19134750829827335,True
C: lower external scores / higher credit-income ratio,POC0748,258327,XGBoost,0.6854480504989624,0.17647896670559607,True
C: lower external scores / higher credit-income ratio,POC0749,50386,XGBoost,0.6968178153038025,0.1839757207244537,True
C: lower external scores / higher credit-income ratio,POC0750,117743,XGBoost,0.4856927990913391,0.08810432831235249,False
C: lower external scores / higher credit-income ratio,POC0751,82020,XGBoost,0.5649641156196594,0.11573079535284883,False
C: lower external scores / higher credit-income ratio,POC0752,41141,XGBoost,0.3521983325481415,0.054011536337780205,False
C: lower external scores / higher credit-income ratio,POC0753,158665,XGBoost,0.5636852979660034,0.11522464554984713,False
C: lower external scores / higher credit-income ratio,POC0754,249190,XGBoost,0.5325108170509338,0.10354887655683559,False
C: lower external scores / higher credit-income ratio,POC0755,117485,XGBoost,0.7491843104362488,0.22444292005355337,True
C: lower external scores / higher credit-income ratio,POC0756,45546,XGBoost,0.3070625364780426,0.04487943080323269,False
C: lower external scores / higher credit-income ratio,POC0757,53302,XGBoost,0.7095935940742493,0.19289385202158432,True
C: lower external scores / higher credit-income ratio,POC0758,41703,XGBoost,0.704244077205658,0.18909300158460773,True
C: lower external scores / higher credit-income ratio,POC0759,139285,XGBoost,0.38201215863227844,0.06061226133608721,False
C: lower external scores / higher credit-income ratio,POC0760,53694,XGBoost,0.47512760758399963,0.08491787999435625,False
C: lower external scores / higher credit-income ratio,POC0761,159555,XGBoost,0.711772084236145,0.19447021663710504,True
C: lower external scores / higher credit-income ratio,POC0762,236729,XGBoost,0.6819993257522583,0.1742816125205159,True
C: lower external scores / higher credit-income ratio,POC0763,85262,XGBoost,0.5822779536247253,0.12281426205079295,False
C: lower external scores / higher credit-income ratio,POC0764,13420,XGBoost,0.47425878047943115,0.08466029289650885,False
C: lower external scores / higher credit-income ratio,POC0765,15174,XGBoost,0.4280344843864441,0.07184879333595345,False
C: lower external scores / higher credit-income ratio,POC0766,55769,XGBoost,0.16830267012119293,0.021783052637177728,False
C: lower external scores / higher credit-income ratio,POC0767,64227,XGBoost,0.3028532862663269,0.04407537932086662,False
C: lower external scores / higher credit-income ratio,POC0768,121958,XGBoost,0.700007975101471,0.18615186280660603,True
C: lower external scores / higher credit-income ratio,POC0769,5378,XGBoost,0.48044735193252563,0.0865096858377142,False
C: lower external scores / higher credit-income ratio,POC0770,274173,XGBoost,0.6276600360870361,0.1436898002864175,False
C: lower external scores / higher credit-income ratio,POC0771,306424,XGBoost,0.3159085810184479,0.0465944242782083,False
C: lower external scores / higher credit-income ratio,POC0772,27394,XGBoost,0.49049296975135803,0.0895859553946266,False
C: lower external scores / higher credit-income ratio,POC0773,288487,XGBoost,0.5484528541564941,0.10936517824860623,False
C: lower external scores / higher credit-income ratio,POC0774,155153,XGBoost,0.410664826631546,0.06744604679542912,False
C: lower external scores / higher credit-income ratio,POC0775,198799,XGBoost,0.7587270736694336,0.23308962006653042,True
C: lower external scores / higher credit-income ratio,POC0776,257062,XGBoost,0.6903334259986877,0.17965175809153908,True
C: lower external scores / higher credit-income ratio,POC0777,21435,XGBoost,0.5703557729721069,0.11788999844581444,False
C: lower external scores / higher credit-income ratio,POC0778,224429,XGBoost,0.7676209211349487,0.24157534115369406,True
C: lower external scores / higher credit-income ratio,POC0779,83357,XGBoost,0.7607558965682983,0.234987855322624,True
C: lower external scores / higher credit-income ratio,POC0780,189909,XGBoost,0.6955862045288086,0.18314431821381086,True
C: lower external scores / higher credit-income ratio,POC0781,275808,XGBoost,0.47469764947891235,0.0847903243129128,False
C: lower external scores / higher credit-income ratio,POC0782,140407,XGBoost,0.6451092958450317,0.15275886624426604,False
C: lower external scores / higher credit-income ratio,POC0783,79657,XGBoost,0.704412579536438,0.18921123152109173,True
C: lower external scores / higher credit-income ratio,POC0784,106834,XGBoost,0.6905418038368225,0.17978868653586236,True
C: lower external scores / higher credit-income ratio,POC0785,273213,XGBoost,0.5576117634773254,0.11285135412802373,False
C: lower external scores / higher credit-income ratio,POC0786,156939,XGBoost,0.7764653563499451,0.25045637157502726,True
C: lower external scores / higher credit-income ratio,POC0787,50161,XGBoost,0.3031785190105438,0.04413723392783944,False
C: lower external scores / higher credit-income ratio,POC0788,94024,XGBoost,0.6614631414413452,0.16187688103808684,False
C: lower external scores / higher credit-income ratio,POC0789,20943,XGBoost,0.43762847781181335,0.0743717237760289,False
C: lower external scores / higher credit-income ratio,POC0790,196856,XGBoost,0.7254445552825928,0.20476174680314307,True
C: lower external scores / higher credit-income ratio,POC0791,169146,XGBoost,0.5902482271194458,0.12622686715073736,False
C: lower external scores / higher credit-income ratio,POC0792,95011,XGBoost,0.5737807750701904,0.11928317775665928,False
C: lower external scores / higher credit-income ratio,POC0793,219352,XGBoost,0.5810689926147461,0.12230523768854121,False
C: lower external scores / higher credit-income ratio,POC0794,287797,XGBoost,0.7938945889472961,0.2693953887456384,True
C: lower external scores / higher credit-income ratio,POC0795,286554,XGBoost,0.6358720064163208,0.1478776192941674,False
C: lower external scores / higher credit-income ratio,POC0796,266702,XGBoost,0.7181642055511475,0.1991943282189735,True
C: lower external scores / higher credit-income ratio,POC0797,24703,XGBoost,0.5730913877487183,0.11900139035806802,False
C: lower external scores / higher credit-income ratio,POC0798,246684,XGBoost,0.6869415044784546,0.17744132358243167,True
C: lower external scores / higher credit-income ratio,POC0799,22765,XGBoost,0.7445112466812134,0.22037057981614638,True
C: lower external scores / higher credit-income ratio,POC0800,149948,XGBoost,0.6386495232582092,0.1493259114805342,False
C: lower external scores / higher credit-income ratio,POC0801,57342,XGBoost,0.6223191618919373,0.14103915725572086,False
C: lower external scores / higher credit-income ratio,POC0802,197162,XGBoost,0.5164162516593933,0.09797890520204008,False
C: lower external scores / higher credit-income ratio,POC0803,236247,XGBoost,0.7554727792739868,0.23008946080728582,True
C: lower external scores / higher credit-income ratio,POC0804,275522,XGBoost,0.6409692764282227,0.15054820005440525,False
C: lower external scores / higher credit-income ratio,POC0805,134239,XGBoost,0.4699780344963074,0.08340078407192854,False
C: lower external scores / higher credit-income ratio,POC0806,90949,XGBoost,0.5906345844268799,0.12639484410179558,False
C: lower external scores / higher credit-income ratio,POC0807,216433,XGBoost,0.20894119143486023,0.027900480330765236,False
C: lower external scores / higher credit-income ratio,POC0808,266388,XGBoost,0.5353167057037354,0.10455028519734653,False
C: lower external scores / higher credit-income ratio,POC0809,282235,XGBoost,0.43686535954475403,0.07416858096453284,False
C: lower external scores / higher credit-income ratio,POC0810,12730,XGBoost,0.7850533127784729,0.2595368509646279,True
C: lower external scores / higher credit-income ratio,POC0811,305356,XGBoost,0.6922627091407776,0.18092460193728316,True
C: lower external scores / higher credit-income ratio,POC0812,138657,XGBoost,0.6837837100028992,0.17541421807348898,True
C: lower external scores / higher credit-income ratio,POC0813,44682,XGBoost,0.312256395816803,0.04588217791629833,False
C: lower external scores / higher credit-income ratio,POC0814,295197,XGBoost,0.6573464274406433,0.15952158928875199,False
C: lower external scores / higher credit-income ratio,POC0815,106758,XGBoost,0.571742594242096,0.11845206828890488,False
C: lower external scores / higher credit-income ratio,POC0816,115518,XGBoost,0.5695199370384216,0.11755257225434237,False
C: lower external scores / higher credit-income ratio,POC0817,63860,XGBoost,0.5545538067817688,0.11167519651941629,False
C: lower external scores / higher credit-income ratio,POC0818,124791,XGBoost,0.5559971332550049,0.11222878702497048,False
C: lower external scores / higher credit-income ratio,POC0819,138326,XGBoost,0.7478395700454712,0.22326046872262525,True
C: lower external scores / higher credit-income ratio,POC0820,24762,XGBoost,0.3358829915523529,0.05059810922424403,False
C: lower external scores / higher credit-income ratio,POC0821,31320,XGBoost,0.722481906414032,0.2024714728308253,True
C: lower external scores / higher credit-income ratio,POC0822,218418,XGBoost,0.5231071710586548,0.10025921781437541,False
C: lower external scores / higher credit-income ratio,POC0823,266978,XGBoost,0.5583558678627014,0.11313943632049676,False
C: lower external scores / higher credit-income ratio,POC0824,128869,XGBoost,0.555548369884491,0.11205636827100597,False
C: lower external scores / higher credit-income ratio,POC0825,122007,XGBoost,0.4853307902812958,0.08799346312569124,False
C: lower external scores / higher credit-income ratio,POC0826,36461,XGBoost,0.4060708284378052,0.06631553312874541,False
C: lower external scores / higher credit-income ratio,POC0827,32558,XGBoost,0.5043463110923767,0.09398642997395847,False
C: lower external scores / higher credit-income ratio,POC0828,151640,XGBoost,0.39099735021591187,0.06270075869155423,False
C: lower external scores / higher credit-income ratio,POC0829,83970,XGBoost,0.6392955780029297,0.14966515179856618,False
C: lower external scores / higher credit-income ratio,POC0830,270290,XGBoost,0.6026959419250488,0.13176218511410148,False
C: lower external scores / higher credit-income ratio,POC0831,1147,XGBoost,0.6163886785507202,0.13816066765757962,False
C: lower external scores / higher credit-income ratio,POC0832,109840,XGBoost,0.4342886805534363,0.07348584440345397,False
C: lower external scores / higher credit-income ratio,POC0833,8125,XGBoost,0.47689101099967957,0.08544273869485373,False
C: lower external scores / higher credit-income ratio,POC0834,204576,XGBoost,0.4826680123806,0.0871817030966073,False
C: lower external scores / higher credit-income ratio,POC0835,246601,XGBoost,0.4150039553642273,0.06852663560952958,False
C: lower external scores / higher credit-income ratio,POC0836,86326,XGBoost,0.38241028785705566,0.06070378815770073,False
C: lower external scores / higher credit-income ratio,POC0837,25593,XGBoost,0.7124006748199463,0.1949282014623314,True
C: lower external scores / higher credit-income ratio,POC0838,121095,XGBoost,0.49543264508247375,0.09113348401130222,False
C: lower external scores / higher credit-income ratio,POC0839,268312,XGBoost,0.7740777134895325,0.24801335341581598,True
C: lower external scores / higher credit-income ratio,POC0840,96438,XGBoost,0.7326973676681519,0.2105170338271235,True
C: lower external scores / higher credit-income ratio,POC0841,299908,XGBoost,0.8057677745819092,0.2835291114629017,True
C: lower external scores / higher credit-income ratio,POC0842,149893,XGBoost,0.425730437040329,0.07125276588505934,False
C: lower external scores / higher credit-income ratio,POC0843,22985,XGBoost,0.49170348048210144,0.08996302690930996,False
C: lower external scores / higher credit-income ratio,POC0844,278535,XGBoost,0.46955570578575134,0.08327738423675465,False
C: lower external scores / higher credit-income ratio,POC0845,32389,XGBoost,0.6843254566192627,0.1757599078162079,True
C: lower external scores / higher credit-income ratio,POC0846,182503,XGBoost,0.8379803895950317,0.32807199475135923,True
C: lower external scores / higher credit-income ratio,POC0847,18786,XGBoost,0.36077702045440674,0.05586111576656747,False
C: lower external scores / higher credit-income ratio,POC0848,196887,XGBoost,0.6152917146682739,0.1376355158836759,False
C: lower external scores / higher credit-income ratio,POC0849,192481,XGBoost,0.69610196352005,0.1834918965415768,True
C: lower external scores / higher credit-income ratio,POC0850,40156,XGBoost,0.7266388535499573,0.20569479079419112,True
C: lower external scores / higher credit-income ratio,POC0851,303818,XGBoost,0.6502515077590942,0.15555823728059326,False
C: lower external scores / higher credit-income ratio,POC0852,130068,XGBoost,0.49340537190437317,0.09049553068953377,False
C: lower external scores / higher credit-income ratio,POC0853,68857,XGBoost,0.7239208817481995,0.20357957792618606,True
C: lower external scores / higher credit-income ratio,POC0854,131049,XGBoost,0.27130091190338135,0.03828113941733557,False
C: lower external scores / higher credit-income ratio,POC0855,277981,XGBoost,0.43351075053215027,0.07328067594424702,False
C: lower external scores / higher credit-income ratio,POC0856,63973,XGBoost,0.689751386642456,0.17926999041885902,True
C: lower external scores / higher credit-income ratio,POC0857,199102,XGBoost,0.6921900510787964,0.18087645855678397,True
C: lower external scores / higher credit-income ratio,POC0858,93189,XGBoost,0.7554272413253784,0.23004786348521164,True
C: lower external scores / higher credit-income ratio,POC0859,88701,XGBoost,0.8393489718437195,0.33019974070463154,True
C: lower external scores / higher credit-income ratio,POC0860,56398,XGBoost,0.6402748823165894,0.15018109801416557,False
C: lower external scores / higher credit-income ratio,POC0861,237176,XGBoost,0.6355122327804565,0.14769121845457672,False
C: lower external scores / higher credit-income ratio,POC0862,139701,XGBoost,0.4467613995075226,0.07683691819833366,False
C: lower external scores / higher credit-income ratio,POC0863,132018,XGBoost,0.5886445045471191,0.12553216809401505,False
C: lower external scores / higher credit-income ratio,POC0864,43600,XGBoost,0.36155059933662415,0.056029820980660776,False
C: lower external scores / higher credit-income ratio,POC0865,56612,XGBoost,0.6535000801086426,0.1573581544623874,False
C: lower external scores / higher credit-income ratio,POC0866,288672,XGBoost,0.733204185962677,0.2109273154949285,True
C: lower external scores / higher credit-income ratio,POC0867,117788,XGBoost,0.660019040107727,0.16104591672809457,False
C: lower external scores / higher credit-income ratio,POC0868,230412,XGBoost,0.3388810157775879,0.05121539631584078,False
C: lower external scores / higher credit-income ratio,POC0869,146770,XGBoost,0.7384077310562134,0.2152031338899008,True
C: lower external scores / higher credit-income ratio,POC0870,194887,XGBoost,0.6353363990783691,0.14760021719263472,False
C: lower external scores / higher credit-income ratio,POC0871,220695,XGBoost,0.7927922606468201,0.2681365004401819,True
C: lower external scores / higher credit-income ratio,POC0872,9349,XGBoost,0.7802944183349609,0.2544472335063521,True
C: lower external scores / higher credit-income ratio,POC0873,275169,XGBoost,0.6057230830192566,0.13314796529763737,False
C: lower external scores / higher credit-income ratio,POC0874,305450,XGBoost,0.4835127592086792,0.0874385220055312,False
C: lower external scores / higher credit-income ratio,POC0875,223172,XGBoost,0.6836779117584229,0.17534680763065477,True
C: lower external scores / higher credit-income ratio,POC0876,291575,XGBoost,0.6832212805747986,0.17505623297901898,True
C: lower external scores / higher credit-income ratio,POC0877,199474,XGBoost,0.8273453116416931,0.3122426429845882,True
C: lower external scores / higher credit-income ratio,POC0878,129836,XGBoost,0.5876025557518005,0.12508301005802652,False
C: lower external scores / higher credit-income ratio,POC0879,50055,XGBoost,0.767414927482605,0.24137388837241197,True
C: lower external scores / higher credit-income ratio,POC0880,298358,XGBoost,0.5904300212860107,0.12630587613154484,False
C: lower external scores / higher credit-income ratio,POC0881,15930,XGBoost,0.251578152179718,0.03485396853379653,False
C: lower external scores / higher credit-income ratio,POC0882,87121,XGBoost,0.620138943195343,0.1399731388924708,False
C: lower external scores / higher credit-income ratio,POC0883,237610,XGBoost,0.5640197396278381,0.11535679708719573,False
C: lower external scores / higher credit-income ratio,POC0884,257715,XGBoost,0.45503073930740356,0.07912464876826802,False
C: lower external scores / higher credit-income ratio,POC0885,132007,XGBoost,0.508466899394989,0.09533234571798943,False
C: lower external scores / higher credit-income ratio,POC0886,147454,XGBoost,0.25467899441719055,0.03538345789119939,False
C: lower external scores / higher credit-income ratio,POC0887,132068,XGBoost,0.8163724541664124,0.29711440326784017,True
C: lower external scores / higher credit-income ratio,POC0888,175858,XGBoost,0.4959309697151184,0.09129090981204405,False
C: lower external scores / higher credit-income ratio,POC0889,74062,XGBoost,0.4113946259021759,0.06762691522581327,False
C: lower external scores / higher credit-income ratio,POC0890,33816,XGBoost,0.7697827816009521,0.24370405907695825,True
C: lower external scores / higher credit-income ratio,POC0891,111512,XGBoost,0.6854000091552734,0.17644811892484466,True
C: lower external scores / higher credit-income ratio,POC0892,272856,XGBoost,0.7774031162261963,0.251425358415526,True
C: lower external scores / higher credit-income ratio,POC0893,262812,XGBoost,0.7057729363441467,0.19016924771356852,True
C: lower external scores / higher credit-income ratio,POC0894,121365,XGBoost,0.46739456057548523,0.08264831418014539,False
C: lower external scores / higher credit-income ratio,POC0895,227622,XGBoost,0.7973780632019043,0.2734315175837591,True
C: lower external scores / higher credit-income ratio,POC0896,174709,XGBoost,0.4413629472255707,0.0753721110571901,False
C: lower external scores / higher credit-income ratio,POC0897,58040,XGBoost,0.4859448969364166,0.08818160506204209,False
C: lower external scores / higher credit-income ratio,POC0898,216675,XGBoost,0.6366252303123474,0.14826875460440822,False
C: lower external scores / higher credit-income ratio,POC0899,258011,XGBoost,0.44735872745513916,0.07700037249348655,False
C: lower external scores / higher credit-income ratio,POC0900,208258,XGBoost,0.46687185764312744,0.08249676322896451,False
