split_seed,model,n,default_n,default_prevalence,threshold,roc_auc,pr_auc_average_precision,accuracy,balanced_accuracy,precision,recall_sensitivity,specificity,f1,mcc,brier_score,log_loss,true_negative,false_positive,false_negative,true_positive,predicted_positive_rate,false_negative_cost,false_positive_cost,cost_ratio_fn_to_fp,test_expected_cost_total,test_expected_cost_per_applicant,threshold_selection_set,validation_cost_total,validation_cost_per_applicant,test_cost_rank_within_ratio
0,Explainable Boosting Machine,61503,4965,0.08072776937710356,0.5664337320182357,0.76921817183121,0.25362421751460407,0.9198413085540543,0.5074747096811288,0.6446280991735537,0.01570996978851964,0.999239449573738,0.03067243413291388,0.09190538728639143,0.06726896955149828,0.24323534463285412,56495,43,4887,78,0.0019673837048599257,1.0,1.0,1.0,4930.0,0.08015869144594573,training OOF predictions,19796.0,0.08046892783974505,1.0
0,Logistic regression,61503,4965,0.08072776937710356,0.5179591196441816,0.7543653464163895,0.23171926489387765,0.9194023055785897,0.503377756574489,0.5625,0.0072507552870090634,0.9995047578619689,0.014316961622588983,0.05707897092375231,0.06826322012144961,0.24777818125363035,56510,28,4929,36,0.0010405996455457457,1.0,1.0,1.0,4957.0,0.08059769442141033,training OOF predictions,19837.0,0.08063558908653377,3.0
0,XGBoost,61503,4965,0.08072776937710356,0.5098879135505983,0.7713073423476523,0.25583587629897375,0.9196949742288995,0.5065683652702527,0.6160714285714286,0.013897280966767372,0.999239449573738,0.027181406342328147,0.08393745047821591,0.0671155665499817,0.24259601923331156,56495,43,4896,69,0.001821049379705055,1.0,1.0,1.0,4939.0,0.0803050257711006,training OOF predictions,19796.0,0.08046892783974505,2.0
0,Explainable Boosting Machine,61503,4965,0.08072776937710356,0.3538916066558855,0.76921817183121,0.25362421751460407,0.9163292847503374,0.5397369028813496,0.4162812210915819,0.09063444108761329,0.9888393646750858,0.14885874958650347,0.16475684333869053,0.06726896955149828,0.24323534463285412,55907,631,4515,450,0.017576378388046113,2.0,1.0,2.0,9661.0,0.15708176836902266,training OOF predictions,38492.0,0.15646645637540244,2.0
0,Logistic regression,61503,4965,0.08072776937710356,0.3344792092211271,0.7543653464163895,0.23171926489387765,0.916394322228184,0.5300349768767663,0.3976878612716763,0.06928499496475328,0.9907849587887793,0.11801029159519726,0.13896539195031282,0.06826322012144961,0.24777818125363035,56017,521,4621,344,0.01406435458432922,2.0,1.0,2.0,9763.0,0.15874022405411117,training OOF predictions,39046.0,0.1587184156612793,3.0
0,XGBoost,61503,4965,0.08072776937710356,0.3374484083757323,0.7713073423476523,0.25583587629897375,0.9162479879030291,0.5432752765057407,0.42010309278350516,0.09848942598187312,0.9880611270296084,0.1595692608908468,0.1730310925385566,0.0671155665499817,0.24259601923331156,55863,675,4476,489,0.01892590605336325,2.0,1.0,2.0,9627.0,0.15652894980732648,training OOF predictions,38517.0,0.15656807908685896,1.0
0,Explainable Boosting Machine,61503,4965,0.08072776937710356,0.15553348813341858,0.76921817183121,0.25362421751460407,0.8574866266686177,0.6535158023815012,0.2586995173990348,0.41027190332326285,0.8967597014397396,0.3173144325882078,0.2503314269889018,0.06726896955149828,0.24323534463285412,50701,5837,2928,2037,0.12802627514105003,5.0,1.0,5.0,20477.0,0.3329431084662537,training OOF predictions,83323.0,0.33870036746772464,2.0
0,Logistic regression,61503,4965,0.08072776937710356,0.165989106651294,0.7543653464163895,0.23171926489387765,0.8655350145521357,0.6318966341809626,0.25744899456920595,0.3532729103726083,0.910520357989317,0.2978434369162846,0.228965685053144,0.06826322012144961,0.24777818125363035,51479,5059,3211,1754,0.11077508414223697,5.0,1.0,5.0,21114.0,0.3433003268133262,training OOF predictions,85863.0,0.3490252349517089,3.0
0,XGBoost,61503,4965,0.08072776937710356,0.16368718605838717,0.7713073423476523,0.25583587629897375,0.8569500674763832,0.6551530510880632,0.25890049062775194,0.41450151057401813,0.8958045916021083,0.3187238655722472,0.25198109428632554,0.0671155665499817,0.24259601923331156,50647,5891,2907,2058,0.12924572785067395,5.0,1.0,5.0,20426.0,0.3321138806237094,training OOF predictions,83052.0,0.3375987772755358,1.0
0,Explainable Boosting Machine,61503,4965,0.08072776937710356,0.08926843167154357,0.76921817183121,0.25362421751460407,0.7343381623660634,0.7034737698539035,0.18395020562409692,0.6666666666666666,0.7402808730411404,0.2883400844984538,0.24367718302079522,0.06726896955149828,0.24323534463285412,41854,14684,1655,3310,0.29257109409297105,10.0,1.0,10.0,31234.0,0.5078451457652472,training OOF predictions,129441.99999999999,0.5261698806542876,2.0
0,Logistic regression,61503,4965,0.08072776937710356,0.09397665047931539,0.7543653464163895,0.23171926489387765,0.7362567679625384,0.6879822772994748,0.17869376569993148,0.6304128902316214,0.7455516643673281,0.27845736399626353,0.2269327152399629,0.06826322012144961,0.24777818125363035,42152,14386,1835,3130,0.2847991154903013,10.0,1.0,10.0,32736.0,0.532266718696649,training OOF predictions,134330.00000000003,0.5460391531982701,3.0
0,XGBoost,61503,4965,0.08072776937710356,0.08757471741903011,0.7713073423476523,0.25583587629897375,0.7168755995642488,0.7064688733262734,0.1781799379524302,0.6940584088620343,0.7188793377905126,0.2835630528697799,0.2422816059227287,0.0671155665499817,0.24259601923331156,40644,15894,1519,3446,0.31445620538835506,10.0,1.0,10.0,31084.0,0.5054062403459993,training OOF predictions,129630.99999999999,0.526938148352899,1.0
0,Explainable Boosting Machine,61503,4965,0.08072776937710356,0.05048939999205802,0.76921817183121,0.25362421751460407,0.5348031803326667,0.6781713531385303,0.13142964025188603,0.8491440080563948,0.5071986982206658,0.22762735199632858,0.1943282071086243,0.06726896955149828,0.24323534463285412,28676,27862,749,4216,0.5215680535908818,20.0,1.0,20.0,42842.0,0.6965839064761069,training OOF predictions,174399.0,0.7089159702123509,1.0
0,Logistic regression,61503,4965,0.08072776937710356,0.04887024538691213,0.7543653464163895,0.23171926489387765,0.4955205437133148,0.6616738425478402,0.12338150289017341,0.8598187311178248,0.4635289539778556,0.21579679009225325,0.17756656690083217,0.06826322012144961,0.24777818125363035,26207,30331,696,4269,0.5625741833731688,20.0,1.0,20.0,44251.0,0.7194933580475749,training OOF predictions,181401.0,0.737378459237098,3.0
0,XGBoost,61503,4965,0.08072776937710356,0.050909138619152285,0.7713073423476523,0.25583587629897375,0.5328032778888835,0.677542895781454,0.13104219055602123,0.8501510574018127,0.5049347341610952,0.22708198837959975,0.19368077991971414,0.0671155665499817,0.24259601923331156,28548,27990,744,4221,0.5237305497292815,20.0,1.0,20.0,42870.0,0.6970391688210331,training OOF predictions,174414.0,0.7089769438392247,2.0
1,Explainable Boosting Machine,61503,4965,0.08072776937710356,0.620375442071346,0.7703676130878583,0.2550138389960429,0.9194510836869746,0.5034042874033121,0.5901639344262295,0.0072507552870090634,0.9995578195196151,0.01432550736171906,0.0589234912519315,0.06723193235965425,0.24287773303711654,56513,25,4929,36,0.0009918215371607889,1.0,1.0,1.0,4954.0,0.08054891631302538,training OOF predictions,19800.0,0.0804851874735781,2.0
1,Logistic regression,61503,4965,0.08072776937710356,0.4853538515482989,0.751725586837175,0.22662078074483066,0.9192884899923581,0.5048774938311147,0.5047619047619047,0.010674723061430011,0.9990802646007995,0.020907297830374753,0.0643701927863055,0.06846585275224089,0.2484821441634541,56486,52,4912,53,0.001707233793473489,1.0,1.0,1.0,4964.0,0.0807115100076419,training OOF predictions,19820.0,0.08056648564274332,3.0
1,XGBoost,61503,4965,0.08072776937710356,0.4701906850835372,0.7701044226348386,0.25599675971232216,0.9197762710762076,0.5116649561896665,0.5714285714285714,0.024974823766364552,0.9983550886129683,0.04785796989579313,0.1071846143070154,0.06715939765509572,0.24278587872464744,56445,93,4841,124,0.003528283173178544,1.0,1.0,1.0,4934.0,0.08022372892379233,training OOF predictions,19742.0,0.08024942278299893,1.0
1,Explainable Boosting Machine,61503,4965,0.08072776937710356,0.3407493962343242,0.7703676130878583,0.2550138389960429,0.9160691348389509,0.5475873403968926,0.4225019669551534,0.1081570996978852,0.9870175810959001,0.17222578576010264,0.18224887608307933,0.06723193235965425,0.24287773303711654,55804,734,4428,537,0.020665658585760045,2.0,1.0,2.0,9590.0,0.15592735313724534,training OOF predictions,38574.0,0.15679977886897986,2.0
1,Logistic regression,61503,4965,0.08072776937710356,0.3672212857901136,0.751725586837175,0.22662078074483066,0.9175487374599613,0.5232221058392511,0.4161392405063291,0.05297079556898288,0.9934734161095192,0.09397891727711274,0.12545780519442598,0.06846585275224089,0.2484821441634541,56169,369,4702,263,0.010275921499764239,2.0,1.0,2.0,9773.0,0.1589028177487277,training OOF predictions,39077.0,0.1588444278234854,3.0
1,XGBoost,61503,4965,0.08072776937710356,0.3397845893702461,0.7701044226348386,0.25599675971232216,0.9166707315090321,0.5452505755292887,0.43197278911564624,0.10231621349446123,0.9881849375641162,0.16544536720403843,0.1800215201953957,0.06715939765509572,0.24278587872464744,55870,668,4457,508,0.019121018486903077,2.0,1.0,2.0,9582.0,0.15579727818155212,training OOF predictions,38483.0,0.15642987219927806,1.0
1,Explainable Boosting Machine,61503,4965,0.08072776937710356,0.16298634713736151,0.7703676130878583,0.2550138389960429,0.8644131180592817,0.6495668287799163,0.26826923076923076,0.3933534743202417,0.9057801832395911,0.3189873417721519,0.25225377118035236,0.06723193235965425,0.24287773303711654,51211,5327,3012,1953,0.11836820968082858,5.0,1.0,5.0,20387.0,0.33147976521470496,training OOF predictions,83649.0,0.3400255276251179,1.0
1,Logistic regression,61503,4965,0.08072776937710356,0.1606859476821609,0.751725586837175,0.22662078074483066,0.8593401947872461,0.6338551757666073,0.2478796169630643,0.3649546827794562,0.9027556687537586,0.29523421588594706,0.22535371734542237,0.06846585275224089,0.2484821441634541,51040,5498,3153,1812,0.11885599076467815,5.0,1.0,5.0,21263.0,0.3457229728631124,training OOF predictions,85674.0,0.34825696725309746,3.0
1,XGBoost,61503,4965,0.08072776937710356,0.16896883947386224,0.7701044226348386,0.25599675971232216,0.8634863339999674,0.6498894949566845,0.26675730795377295,0.39516616314199393,0.904612826771375,0.3185064935064935,0.25167987550573623,0.06715939765509572,0.24278587872464744,51145,5393,3003,1962,0.1195876623904525,5.0,1.0,5.0,20408.0,0.3318212119733997,training OOF predictions,83315.0,0.3386678482000585,2.0
1,Explainable Boosting Machine,61503,4965,0.08072776937710356,0.09063562926539097,0.7703676130878583,0.2550138389960429,0.737915223647627,0.7009181590458263,0.18448744059742023,0.656797583081571,0.7450387350100817,0.2880614813833311,0.24188902538926946,0.06723193235965425,0.24287773303711654,42123,14415,1704,3261,0.28740061460416566,10.0,1.0,10.0,31455.0,0.5114384664162723,training OOF predictions,128970.99999999999,0.5242553087704465,1.0
1,Logistic regression,61503,4965,0.08072776937710356,0.09213270901021056,0.751725586837175,0.22662078074483066,0.7279644895370958,0.6846662336236924,0.17410813206292933,0.633031218529708,0.7363012487176767,0.273102489464309,0.22094530836457904,0.06846585275224089,0.2484821441634541,41629,14909,1822,3143,0.29351413752174693,10.0,1.0,10.0,33129.0,0.5386566508950783,training OOF predictions,134118.99999999997,0.5451814575135767,3.0
1,XGBoost,61503,4965,0.08072776937710356,0.09482986733576455,0.7701044226348386,0.25599675971232216,0.7385330796871697,0.6990495444125006,0.1840250142126208,0.6519637462235649,0.7461353426014362,0.2870317002881844,0.23998912213832305,0.06715939765509572,0.24278587872464744,42185,14353,1728,3237,0.28600230883046357,10.0,1.0,10.0,31633.0,0.5143326341804465,training OOF predictions,129328.99999999999,0.5257105459985041,2.0
1,Explainable Boosting Machine,61503,4965,0.08072776937710356,0.048500410035254064,0.7703676130878583,0.2550138389960429,0.5165764271661545,0.6741367915640835,0.12842440063612087,0.8620342396777442,0.48623934345042275,0.22354538807061528,0.19042001769662126,0.06723193235965425,0.24287773303711654,27491,29047,685,4280,0.5418760060484854,20.0,1.0,20.0,42747.0,0.6950392663772499,training OOF predictions,174568.0,0.709602939741797,1.0
1,Logistic regression,61503,4965,0.08072776937710356,0.04776295806115186,0.751725586837175,0.22662078074483066,0.48490317545485584,0.657093162698157,0.12137532242977409,0.8624370594159114,0.45174926598040255,0.21280190835901003,0.1730651108253904,0.06846585275224089,0.2484821441634541,25541,30997,683,4282,0.5736142952376306,20.0,1.0,20.0,44657.0,0.7260946620490057,training OOF predictions,181913.0,0.7394596923677279,3.0
1,XGBoost,61503,4965,0.08072776937710356,0.047067348560891606,0.7701044226348386,0.25599675971232216,0.4984147114774889,0.6693108525036606,0.1254558083000521,0.8731117824773413,0.46550992252997986,0.21938814241251045,0.1859191596117334,0.06715939765509572,0.24278587872464744,26319,30219,630,4335,0.5618262523779328,20.0,1.0,20.0,42819.0,0.6962099409784889,training OOF predictions,174979.0,0.7112736171181425,2.0
2,Explainable Boosting Machine,61503,4965,0.08072776937710356,0.5691335706610496,0.7647741484601416,0.24337932031591694,0.9196787148594378,0.5072025509351836,0.5984251968503937,0.015307150050352467,0.9990979518200148,0.029850746268656716,0.08644602536795855,0.06778146470907126,0.24493972721485502,56487,51,4889,76,0.0020649399216298393,1.0,1.0,1.0,4940.0,0.08032128514056225,training OOF predictions,19804.0,0.08050144710741114,1.0
2,Logistic regression,61503,4965,0.08072776937710356,0.5038403224248567,0.7458287142617089,0.2176186205353472,0.9192397118839731,0.5042997950526871,0.4895833333333333,0.0094662638469285,0.9991333262584456,0.018573404465520648,0.059342117837436675,0.06892173180078573,0.2504133961419194,56489,49,4918,47,0.0015608994683186186,1.0,1.0,1.0,4967.0,0.08076028811602685,training OOF predictions,19834.0,0.08062339436115899,3.0
2,XGBoost,61503,4965,0.08072776937710356,0.5001500171321339,0.7664663059186423,0.2472083213605393,0.9194836024258979,0.5071882889448254,0.5460992907801419,0.015508559919436053,0.9988680179702147,0.030160595377986682,0.08188909269371163,0.06756691007631646,0.24419746508358428,56474,64,4888,77,0.002292571094092971,1.0,1.0,1.0,4952.0,0.08051639757410207,training OOF predictions,19780.0,0.08040388930441286,2.0
2,Explainable Boosting Machine,61503,4965,0.08072776937710356,0.32685273538205106,0.7647741484601416,0.24337932031591694,0.9143781604149391,0.548504831496374,0.39363957597173144,0.11218529707955689,0.9848243659131911,0.17460815047021944,0.17626770442029907,0.06778146470907126,0.24493972721485502,55680,858,4408,557,0.02300700778823797,2.0,1.0,2.0,9674.0,0.15729314017202412,training OOF predictions,38439.0,0.15625101622711457,2.0
2,Logistic regression,61503,4965,0.08072776937710356,0.3624122794552252,0.7458287142617089,0.2176186205353472,0.9167032502479554,0.5232215447643213,0.3861671469740634,0.05397784491440081,0.9924652446142418,0.09471638098603993,0.11978082051311109,0.06892173180078573,0.2504133961419194,56112,426,4697,268,0.01128400240638668,2.0,1.0,2.0,9820.0,0.15966700811342535,training OOF predictions,38970.0,0.15840948261845142,3.0
2,XGBoost,61503,4965,0.08072776937710356,0.3518298423735235,0.7664663059186423,0.2472083213605393,0.9167357689868787,0.5372021533735192,0.42168674698795183,0.08459214501510574,0.9898121617319325,0.14091595369904378,0.16058147478219464,0.06756691007631646,0.24419746508358428,55962,576,4545,420,0.016194331983805668,2.0,1.0,2.0,9666.0,0.15716306521633092,training OOF predictions,38334.0,0.15582420083899712,1.0
2,Explainable Boosting Machine,61503,4965,0.08072776937710356,0.16633364034549275,0.7647741484601416,0.24337932031591694,0.8620067313789571,0.6358566956918743,0.2539815590947192,0.3661631419939577,0.9055502493897909,0.29992576095025986,0.2308156472168132,0.06778146470907126,0.24493972721485502,51198,5340,3147,1818,0.116384566606507,5.0,1.0,5.0,21075.0,0.34266621140432174,training OOF predictions,82992.0,0.33735488276804004,2.0
2,Logistic regression,61503,4965,0.08072776937710356,0.16281874168508673,0.7458287142617089,0.2176186205353472,0.8586085231614718,0.6272106432387425,0.2415847070231334,0.3512588116817724,0.9031624747957127,0.2862770847012475,0.21533213659979134,0.06892173180078573,0.2504133961419194,51063,5475,3221,1744,0.11737638814366778,5.0,1.0,5.0,21580.0,0.3508771929824561,training OOF predictions,85042.0,0.3456879451074762,3.0
2,XGBoost,61503,4965,0.08072776937710356,0.15752477495014636,0.7664663059186423,0.2472083213605393,0.8481700079670911,0.653684509597534,0.24459759373904919,0.4217522658610272,0.8856167533340408,0.3096259056631672,0.24189534898326912,0.06756691007631646,0.24419746508358428,50071,6467,2871,2094,0.13919646196120514,5.0,1.0,5.0,20822.0,0.3385525909305237,training OOF predictions,83028.0,0.3375012194725375,1.0
2,Explainable Boosting Machine,61503,4965,0.08072776937710356,0.0908926783745957,0.7647741484601416,0.24337932031591694,0.7354112807505325,0.697627155342625,0.18214526647177873,0.6525679758308157,0.7426863348544341,0.28479760910649143,0.2374803391659552,0.06778146470907126,0.24493972721485502,41990,14548,1725,3240,0.2892216639838707,10.0,1.0,10.0,31798.0,0.5170154301416191,training OOF predictions,128930.00000000001,0.5240886475236578,2.0
2,Logistic regression,61503,4965,0.08072776937710356,0.09209937694646936,0.7458287142617089,0.2176186205353472,0.72505406240346,0.6810622783553644,0.17160609226370485,0.628600201409869,0.7335243553008596,0.2696095369730477,0.21616387540806412,0.06892173180078573,0.2504133961419194,41472,15066,1844,3121,0.29570915239907,10.0,1.0,10.0,33506.0,0.5447864331821212,training OOF predictions,133848.0,0.5440798673213879,3.0
2,XGBoost,61503,4965,0.08072776937710356,0.08710398412412501,0.7664663059186423,0.2472083213605393,0.7139163943222282,0.7004499927808359,0.17492021002779778,0.6843907351460221,0.7165092504156496,0.2786273625517609,0.23493721249257768,0.06756691007631646,0.24419746508358428,40510,16028,1567,3398,0.31585451116205715,10.0,1.0,10.0,31698.0,0.5153894931954539,training OOF predictions,129079.00000000001,0.5246943188839388,1.0
2,Explainable Boosting Machine,61503,4965,0.08072776937710356,0.05116472856464333,0.7647741484601416,0.24337932031591694,0.5376973480968408,0.6784594570996231,0.131839859437751,0.8463242698892246,0.5105946443100216,0.22814018513994083,0.19459048373063956,0.06778146470907126,0.24493972721485502,28868,27670,763,4202,0.5182186234817814,20.0,1.0,20.0,42930.0,0.6980147309887322,training OOF predictions,173996.0,0.7072778121036715,2.0
2,Logistic regression,61503,4965,0.08072776937710356,0.04526395674180639,0.7458287142617089,0.2176186205353472,0.4630993610067802,0.6487246125617303,0.11772400261608895,0.8700906344410876,0.4273585906823729,0.20738820479585224,0.1651757175668717,0.06892173180078573,0.2504133961419194,24162,32376,645,4320,0.596653821764792,20.0,1.0,20.0,45276.0,0.7361592117457685,training OOF predictions,181477.0,0.7376873922799259,3.0
2,XGBoost,61503,4965,0.08072776937710356,0.05054275718988796,0.7664663059186423,0.2472083213605393,0.5284132481342374,0.6769004863611234,0.13038531320151295,0.8539778449144008,0.49982312780784605,0.2262298580727777,0.19308170191400734,0.06756691007631646,0.24419746508358428,28259,28279,725,4240,0.5287384355234704,20.0,1.0,20.0,42779.0,0.6955595662000228,training OOF predictions,174490.0,0.7092858768820526,1.0
3,Explainable Boosting Machine,61503,4965,0.08072776937710356,0.5058232837493368,0.7700773075756123,0.2525771066379199,0.9196787148594378,0.5118874785068225,0.5545851528384279,0.025579053373615306,0.9981959036400297,0.04890257989988448,0.10633928362047158,0.06731477125929619,0.2432146150955891,56436,102,4838,127,0.0037233956067183713,1.0,1.0,1.0,4940.0,0.08032128514056225,training OOF predictions,19806.0,0.08050957692432767,2.0
3,Logistic regression,61503,4965,0.08072776937710356,0.5205193501060323,0.7517781034506038,0.22871351800413167,0.9194023055785897,0.5034696178994231,0.5606060606060606,0.0074521651560926485,0.9994870706427536,0.014708805406479826,0.057737041216785585,0.0684289390621041,0.24842409996053605,56509,29,4928,37,0.0010731183844690502,1.0,1.0,1.0,4957.0,0.08059769442141033,training OOF predictions,19850.0,0.08068843289649118,3.0
3,XGBoost,61503,4965,0.08072776937710356,0.46991555041638094,0.7733337829057532,0.2578803235960887,0.9197437523372843,0.5104530717463078,0.5751295336787565,0.022356495468277945,0.9985496480243377,0.04303993796044979,0.1018261823360055,0.06703131670726546,0.24208431576631265,56456,82,4854,111,0.0031380583060988893,1.0,1.0,1.0,4936.0,0.08025624766271564,training OOF predictions,19776.0,0.08038762967057982,1.0
3,Explainable Boosting Machine,61503,4965,0.08072776937710356,0.3382373598776632,0.7700773075756123,0.2525771066379199,0.9160040973611043,0.5450717101852413,0.4176904176904177,0.1027190332326284,0.9874243871378542,0.16488845780795344,0.1760403493071878,0.06731477125929619,0.2432146150955891,55827,711,4455,510,0.01985269011267743,2.0,1.0,2.0,9621.0,0.15643139359055655,training OOF predictions,38480.0,0.15641767747390328,2.0
3,Logistic regression,61503,4965,0.08072776937710356,0.3503232462924344,0.7517781034506038,0.22871351800413167,0.9170284376371884,0.5264298406793003,0.40675675675675677,0.060624370594159115,0.9922353107644416,0.10552147239263804,0.13207448449919065,0.0684289390621041,0.24842409996053605,56099,439,4664,301,0.012031933401622685,2.0,1.0,2.0,9767.0,0.1588052615319578,training OOF predictions,39075.0,0.1588362980065689,3.0
3,XGBoost,61503,4965,0.08072776937710356,0.303761329534147,0.7733337829057532,0.2578803235960887,0.9138090824837812,0.5587593575275255,0.4,0.13534743202416918,0.9821712830308819,0.20225733634311513,0.19640301321437417,0.06703131670726546,0.24208431576631265,55530,1008,4293,672,0.027315740695575824,2.0,1.0,2.0,9594.0,0.15599239061509196,training OOF predictions,38459.0,0.1563323143962798,1.0
3,Explainable Boosting Machine,61503,4965,0.08072776937710356,0.15020766723674467,0.7700773075756123,0.2525771066379199,0.8505926540168772,0.6552777914038832,0.24910905203136136,0.42235649546827797,0.8881990873394885,0.3133826496301278,0.24613808450408703,0.06731477125929619,0.2432146150955891,50217,6321,2868,2097,0.13687137212818887,5.0,1.0,5.0,20661.0,0.3359348324471977,training OOF predictions,83322.0,0.33869630255926636,2.0
3,Logistic regression,61503,4965,0.08072776937710356,0.15849615402850178,0.7517781034506038,0.22871351800413167,0.8576492203632343,0.6328435790424727,0.2443335132218025,0.36475327291037263,0.9009338851745728,0.2926395734022784,0.22231573390497006,0.0684289390621041,0.24842409996053605,50937,5601,3154,1811,0.12051444644976668,5.0,1.0,5.0,21371.0,0.3474789847649708,training OOF predictions,85372.0,0.3470293648987025,3.0
3,XGBoost,61503,4965,0.08072776937710356,0.16977997806514786,0.7733337829057532,0.2578803235960887,0.863648927694584,0.6497942084028933,0.26699359760250646,0.3947633434038268,0.9048250734019597,0.3185437997724687,0.2517270617710064,0.06703131670726546,0.24208431576631265,51157,5381,3005,1960,0.11936003121798937,5.0,1.0,5.0,20406.0,0.33178869323447635,training OOF predictions,83320.0,0.33868817274234986,1.0
3,Explainable Boosting Machine,61503,4965,0.08072776937710356,0.08652081501363344,0.7700773075756123,0.2525771066379199,0.7226314163536738,0.7046389995809572,0.17968005085284458,0.6831822759315207,0.7260957232303937,0.2845279536971019,0.24173417896871435,0.06731477125929619,0.2432146150955891,41052,15486,1573,3392,0.3069443766970717,10.0,1.0,10.0,31216.0,0.5075524771149375,training OOF predictions,129419.0,0.5260763877597476,2.0
3,Logistic regression,61503,4965,0.08072776937710356,0.09727464524273362,0.7517781034506038,0.22871351800413167,0.7444189714322879,0.6840623887535362,0.18054895437262358,0.6120845921450151,0.7560401853620574,0.27884571271275865,0.2249283504298003,0.0684289390621041,0.24842409996053605,42745,13793,1926,3039,0.27367770677853115,10.0,1.0,10.0,33053.0,0.5374209388159927,training OOF predictions,134065.0,0.5449619524568307,3.0
3,XGBoost,61503,4965,0.08072776937710356,0.09043503983675524,0.7733337829057532,0.2578803235960887,0.7244524657333788,0.7056294838570194,0.18075242459767665,0.6831822759315207,0.728076691782518,0.2858708019046816,0.2433085417560452,0.06703131670726546,0.24208431576631265,41164,15374,1573,3392,0.30512332731736663,10.0,1.0,10.0,31104.0,0.5057314277352324,training OOF predictions,129662.99999999999,0.5270682254235634,1.0
3,Explainable Boosting Machine,61503,4965,0.08072776937710356,0.04802238720019495,0.7700773075756123,0.2525771066379199,0.5116986163276588,0.6749744390292698,0.12811915853188144,0.8696878147029204,0.48026106335561924,0.22333712630598945,0.19154806737013774,0.06731477125929619,0.2432146150955891,27153,29385,647,4318,0.5479895289660667,20.0,1.0,20.0,42325.0,0.6881778124644327,training OOF predictions,174378.0,0.7088306071347273,1.0
3,Logistic regression,61503,4965,0.08072776937710356,0.0469915841003455,0.7517781034506038,0.22871351800413167,0.4742858071963969,0.6540741253723534,0.1198044009779951,0.8684793554884189,0.43966889525628783,0.21056229704324048,0.1703816510749984,0.0684289390621041,0.24842409996053605,24858,31680,653,4312,0.5852072256637888,20.0,1.0,20.0,44740.0,0.7274441897143229,training OOF predictions,181835.0,0.7391426295079835,3.0
3,XGBoost,61503,4965,0.08072776937710356,0.04779351388061823,0.7733337829057532,0.2578803235960887,0.50472334682861,0.6731096183311835,0.12696787031076257,0.8739174219536757,0.4723018147086915,0.22172257850226118,0.18981095043488036,0.06703131670726546,0.24208431576631265,26703,29835,626,4339,0.555647691982505,20.0,1.0,20.0,42355.0,0.6886655935482822,training OOF predictions,174902.0,0.7109606191668564,2.0
4,Explainable Boosting Machine,61503,4965,0.08072776937710356,0.5554157341734983,0.7599776738488888,0.2425523589944541,0.9196461961205145,0.5081034769653092,0.5771812080536913,0.01732124874118832,0.9988857051894301,0.03363316386390301,0.08980834010819805,0.06787160939636967,0.24584536504237012,56475,63,4879,86,0.002422646049786189,1.0,1.0,1.0,4942.0,0.08035380387948556,training OOF predictions,19784.0,0.08042014893824591,1.0
4,Logistic regression,61503,4965,0.08072776937710356,0.521858056034093,0.7437974057106456,0.22102715113591614,0.919386046209128,0.5039200809144859,0.5454545454545454,0.008459214501510574,0.9993809473274612,0.016660055533518445,0.06039950702039027,0.0688696007067822,0.25050511569657735,56503,35,4923,42,0.0012519714485472253,1.0,1.0,1.0,4958.0,0.080613953790872,training OOF predictions,19839.0,0.08064371890345029,3.0
4,XGBoost,61503,4965,0.08072776937710356,0.5283461578899161,0.7594737929381292,0.24409500651120414,0.9195323805342829,0.5054694545999007,0.58,0.011681772406847936,0.9992571367929534,0.022902270483711747,0.07396207205651081,0.06779325279678416,0.2457941117384943,56496,42,4907,58,0.0016259369461652277,1.0,1.0,1.0,4949.0,0.08046761946571712,training OOF predictions,19783.0,0.08041608402978764,2.0
4,Explainable Boosting Machine,61503,4965,0.08072776937710356,0.35497180790187705,0.7599776738488888,0.2425523589944541,0.916394322228184,0.5408746132189894,0.4196185286103542,0.09305135951661632,0.9886978669213626,0.152324431256182,0.16795548059332516,0.06787160939636967,0.24584536504237012,55899,639,4503,462,0.017901565777279155,2.0,1.0,2.0,9645.0,0.1568216184576362,training OOF predictions,38397.0,0.15608029007186758,2.0
4,Logistic regression,61503,4965,0.08072776937710356,0.34453337980912796,0.7437974057106456,0.22102715113591614,0.9162479879030291,0.5305065523399015,0.39503386004514673,0.07049345417925479,0.9905196505005484,0.11963766877456845,0.13948865658978576,0.0688696007067822,0.25050511569657735,56002,536,4615,350,0.014405801343023918,2.0,1.0,2.0,9766.0,0.15878900216249614,training OOF predictions,39026.0,0.15863711749211407,3.0
4,XGBoost,61503,4965,0.08072776937710356,0.3280959159228718,0.7594737929381292,0.24409500651120414,0.9144106791538624,0.5510946358137441,0.39823008849557523,0.11782477341389729,0.9843644982135908,0.1818464407833385,0.18231634784124334,0.06779325279678416,0.2457941117384943,55654,884,4380,585,0.023885013739167196,2.0,1.0,2.0,9644.0,0.15680535908817456,training OOF predictions,38510.0,0.15653962472765112,1.0
4,Explainable Boosting Machine,61503,4965,0.08072776937710356,0.16653415649218403,0.7599776738488888,0.2425523589944541,0.8626408467879616,0.6355585671920359,0.25489092188599577,0.36475327291037263,0.9063638614736991,0.30008285004142504,0.23105390092833053,0.06787160939636967,0.24584536504237012,51244,5294,3154,1811,0.11552282002503943,5.0,1.0,5.0,21064.0,0.3424873583402436,training OOF predictions,82650.0,0.3359646840753146,2.0
4,Logistic regression,61503,4965,0.08072776937710356,0.17080209935548316,0.7437974057106456,0.22102715113591614,0.8644781555371283,0.620482163214239,0.24631135200240892,0.32950654582074523,0.9114577806077329,0.28189885413974325,0.21149558406289845,0.0688696007067822,0.25050511569657735,51532,5006,3329,1636,0.10799473196429442,5.0,1.0,5.0,21651.0,0.35203160821423346,training OOF predictions,85008.0,0.34554973821989526,3.0
4,XGBoost,61503,4965,0.08072776937710356,0.16558247551477429,0.7594737929381292,0.24409500651120414,0.8548200900769068,0.6451758510357817,0.2487322515212982,0.39516616314199393,0.8951855389295695,0.3052983739204855,0.23655254087991714,0.06779325279678416,0.2457941117384943,50612,5926,3003,1962,0.12825390631351316,5.0,1.0,5.0,20941.0,0.34048745589646034,training OOF predictions,82666.0,0.3360297226106468,1.0
4,Explainable Boosting Machine,61503,4965,0.08072776937710356,0.09320536011682916,0.7599776738488888,0.2425523589944541,0.7395086418548689,0.6900265831958166,0.1808682600161644,0.6310171198388721,0.749036046552761,0.2811504464486023,0.23017460919336993,0.06787160939636967,0.24584536504237012,42349,14189,1832,3133,0.2816447978147407,10.0,1.0,10.0,32509.0,0.5285758418288539,training OOF predictions,128086.99999999999,0.5206619296933432,1.0
4,Logistic regression,61503,4965,0.08072776937710356,0.09303676094035303,0.7437974057106456,0.22102715113591614,0.7266312212412402,0.6757653997167266,0.1700824237023836,0.6151057401812688,0.7364250592521844,0.26648052004711836,0.21062470499486638,0.0688696007067822,0.25050511569657735,41636,14902,1911,3054,0.29195323805342827,10.0,1.0,10.0,34012.0,0.5530136741297172,training OOF predictions,133262.0,0.5416978309648467,3.0
4,XGBoost,61503,4965,0.08072776937710356,0.09367983197847518,0.7594737929381292,0.24409500651120414,0.7307611010845,0.6894943421738438,0.17708333333333334,0.640281973816717,0.7387067105309704,0.27743596456778813,0.22709135665987465,0.06779325279678416,0.2457941117384943,41765,14773,1786,3179,0.2918882005755817,10.0,1.0,10.0,32633.0,0.5305920036420988,training OOF predictions,127988.0,0.5202595037559754,2.0
4,Explainable Boosting Machine,61503,4965,0.08072776937710356,0.05470004330722528,0.7599776738488888,0.2425523589944541,0.5582817098352926,0.6801937503947563,0.13483552631578946,0.8255790533736153,0.5348084474158973,0.23181111268203025,0.19636389374741892,0.06787160939636967,0.24584536504237012,30237,26301,866,4099,0.4942848316342292,20.0,1.0,20.0,43621.0,0.709249955286734,training OOF predictions,174347.0,0.7087045949725213,1.0
4,Logistic regression,61503,4965,0.08072776937710356,0.04543898660152096,0.7437974057106456,0.22102715113591614,0.46262783929239226,0.6480088412584366,0.11752689636388397,0.8690835850956697,0.4269340974212034,0.20705374280230326,0.16440120310392056,0.0688696007067822,0.25050511569657735,24138,32400,650,4315,0.5969627497845633,20.0,1.0,20.0,45400.0,0.7381753735590134,training OOF predictions,181375.0,0.7372727716171832,3.0
4,XGBoost,61503,4965,0.08072776937710356,0.047358926849155186,0.7594737929381292,0.24409500651120414,0.5030974098824448,0.6648763513756862,0.12484610423872897,0.8578046324269889,0.4719480703243836,0.21796873000844444,0.18074396301265386,0.06779325279678416,0.2457941117384943,26683,29855,706,4259,0.5546721298148057,20.0,1.0,20.0,43975.0,0.7150057720761589,training OOF predictions,173840.0,0.7066436863841826,2.0
5,Explainable Boosting Machine,61503,4965,0.08072776937710356,0.5335842191476164,0.7623623206728825,0.24961839865051366,0.9197925304456693,0.5110307705247354,0.5792079207920792,0.023564954682779457,0.9984965863666915,0.045287400812850785,0.10504036651970645,0.0675208446679325,0.2446979866826003,56453,85,4848,117,0.00328439263125376,1.0,1.0,1.0,4933.0,0.08020746955433068,training OOF predictions,19766.0,0.08034698058599721,1.0
5,Logistic regression,61503,4965,0.08072776937710356,0.4845506662923815,0.7455515966820985,0.22415464918197803,0.9192234525145115,0.5053014260173544,0.48739495798319327,0.011681772406847936,0.9989210796278609,0.022816679779701022,0.06572815998034116,0.06867633971250918,0.24980162530128422,56477,61,4907,58,0.001934864965936621,1.0,1.0,1.0,4968.0,0.08077654748548851,training OOF predictions,19825.0,0.08058681018503464,3.0
5,XGBoost,61503,4965,0.08072776937710356,0.5195756071825145,0.7613857706481719,0.2543959127415184,0.9196787148594378,0.5060083537110405,0.6237623762376238,0.012688821752265862,0.999327885669815,0.024871693643900513,0.08084690315641976,0.06736412730004317,0.24466744819434957,56500,38,4902,63,0.00164219631562688,1.0,1.0,1.0,4940.0,0.08032128514056225,training OOF predictions,19786.0,0.08042827875516244,2.0
5,Explainable Boosting Machine,61503,4965,0.08072776937710356,0.33401287530949125,0.7623623206728825,0.24961839865051366,0.9155488350161781,0.5480392354889191,0.4131918119787718,0.10976837865055387,0.9863100923272843,0.17345639719923617,0.18067289684718546,0.0675208446679325,0.2446979866826003,55764,774,4420,545,0.021446108319919353,2.0,1.0,2.0,9614.0,0.156317578004325,training OOF predictions,38552.0,0.15671035088289811,2.0
5,Logistic regression,61503,4965,0.08072776937710356,0.3317951515049804,0.7455515966820985,0.22415464918197803,0.9158415036664879,0.5329494405227979,0.391124871001032,0.07633434038267875,0.989564540662917,0.12773845635321873,0.14416051092073603,0.06867633971250918,0.24980162530128422,55948,590,4586,379,0.015755329008341055,2.0,1.0,2.0,9762.0,0.15872396468464953,training OOF predictions,39033.0,0.1586655718513219,3.0
5,XGBoost,61503,4965,0.08072776937710356,0.32599696900027403,0.7613857706481719,0.2543959127415184,0.9161179129473359,0.5513801855480136,0.42814814814814817,0.11641490433031218,0.9863454667657151,0.18305621536025338,0.19105569206349252,0.06736412730004317,0.24466744819434957,55766,772,4387,578,0.021950148773230573,2.0,1.0,2.0,9546.0,0.15521194088093263,training OOF predictions,38496.0,0.15648271600923547,1.0
5,Explainable Boosting Machine,61503,4965,0.08072776937710356,0.1619838119904079,0.7623623206728825,0.24961839865051366,0.861356356600491,0.6430355799521622,0.2580820429231187,0.3826787512588117,0.9033924086455127,0.3082664070739028,0.24007275755984567,0.0675208446679325,0.2446979866826003,51076,5462,3065,1900,0.11970147797668407,5.0,1.0,5.0,20787.0,0.3379835129993659,training OOF predictions,82929.0,0.3370987935351696,2.0
5,Logistic regression,61503,4965,0.08072776937710356,0.16358565324195426,0.7455515966820985,0.22415464918197803,0.8608197974082565,0.6303424619690053,0.24771929824561403,0.3554884189325277,0.905196505005483,0.2919768403639371,0.22189203502381807,0.06867633971250918,0.24980162530128422,51178,5360,3200,1765,0.11584800741427248,5.0,1.0,5.0,21360.0,0.34730013170089263,training OOF predictions,85487.0,0.3474968293714026,3.0
5,XGBoost,61503,4965,0.08072776937710356,0.15167314371440208,0.7613857706481719,0.2543959127415184,0.8437474594735216,0.6607407642524521,0.2430578603827857,0.44249748237663644,0.8789840461282677,0.31376749500142814,0.24734035446884298,0.06736412730004317,0.24466744819434957,49696,6842,2768,2197,0.14696844056387492,5.0,1.0,5.0,20682.0,0.33627627920589237,training OOF predictions,83033.0,0.3375215440148288,1.0
5,Explainable Boosting Machine,61503,4965,0.08072776937710356,0.08496960871118693,0.7623623206728825,0.24961839865051366,0.7144204347755394,0.694385713258222,0.17287220231604092,0.6704934541792548,0.7182779723371892,0.27487408141359093,0.2283689592895897,0.0675208446679325,0.2446979866826003,40610,15928,1636,3329,0.3131066777230379,10.0,1.0,10.0,32288.0,0.5249825211778287,training OOF predictions,128086.0,0.5206578647848851,1.0
5,Logistic regression,61503,4965,0.08072776937710356,0.09459482152874733,0.7455515966820985,0.22415464918197803,0.7320781100108937,0.674502387988337,0.17160134634035026,0.605840886203424,0.7431638897732499,0.267449097537121,0.21061275093652312,0.06867633971250918,0.24980162530128422,42017,14521,1957,3008,0.28501048729330275,10.0,1.0,10.0,34091.0,0.5542981643171878,training OOF predictions,133286.0,0.5417953887678449,3.0
5,XGBoost,61503,4965,0.08072776937710356,0.0893959524341765,0.7613857706481719,0.2543959127415184,0.7173308619091752,0.6931210183050429,0.17343289861169542,0.6642497482376637,0.7219922883724221,0.2750510821066678,0.2276678822867533,0.06736412730004317,0.24466744819434957,40820,15718,1667,3298,0.3091881696827797,10.0,1.0,10.0,32388.0,0.5266084581239939,training OOF predictions,128407.00000000001,0.521962700399987,2.0
5,Explainable Boosting Machine,61503,4965,0.08072776937710356,0.051343442573157726,0.7623623206728825,0.24961839865051366,0.5364941547566785,0.6753247742154329,0.13091057318449767,0.8408862034239678,0.509763345006898,0.22655126570258025,0.1911770325723137,0.0675208446679325,0.2446979866826003,28821,27717,790,4175,0.5185438108710144,20.0,1.0,20.0,43517.0,0.7075589808627222,training OOF predictions,173182.0,0.7039689766186465,1.0
5,Logistic regression,61503,4965,0.08072776937710356,0.04753994458704815,0.7455515966820985,0.22415464918197803,0.4815862640846788,0.6528088105649661,0.12009935363685116,0.8569989929506546,0.44861862817927767,0.21067485270089617,0.1684709249780919,0.06867633971250918,0.24980162530128422,25364,31174,710,4255,0.5760532006568785,20.0,1.0,20.0,45374.0,0.7377526299530104,training OOF predictions,180502.0,0.7337241065331209,3.0
5,XGBoost,61503,4965,0.08072776937710356,0.049683169042263504,0.7613857706481719,0.2543959127415184,0.5213404224184186,0.669195340534543,0.12771524186188013,0.8455186304128902,0.4928720506561958,0.22191092903396326,0.18480553016080278,0.06736412730004317,0.24466744819434957,27866,28672,767,4198,0.5344454742045104,20.0,1.0,20.0,44012.0,0.71560736874624,training OOF predictions,172951.0,0.7030299827647881,2.0
6,Explainable Boosting Machine,61503,4965,0.08072776937710356,0.5595530605181253,0.7629731406840704,0.24467339662007292,0.9193535274702047,0.507393124042766,0.5161290322580645,0.016112789526686808,0.9986734585588454,0.03125,0.08033814176392054,0.067689805857626,0.24495054426799834,56463,75,4885,80,0.0025202022665561027,1.0,1.0,1.0,4960.0,0.08064647252979529,training OOF predictions,19777.0,0.08039169457903808,2.0
6,Logistic regression,61503,4965,0.08072776937710356,0.5086380967445375,0.7479829926254804,0.22223602092774652,0.91910963692828,0.5034941555763527,0.4431818181818182,0.00785498489425982,0.9991333262584456,0.015436374431031071,0.05036438284795526,0.06869985950854349,0.24947644762474663,56489,49,4926,39,0.0014308245126254005,1.0,1.0,1.0,4975.0,0.08089036307172008,training OOF predictions,19822.0,0.08057461545965985,3.0
6,XGBoost,61503,4965,0.08072776937710356,0.4972353876837369,0.763059022553324,0.24970616987303665,0.919711233598361,0.509057464653081,0.5818181818181818,0.01933534743202417,0.9987795818741377,0.03742690058479532,0.095402490678149,0.06751400348994709,0.244563211639243,56469,69,4869,96,0.002682795961172626,1.0,1.0,1.0,4938.0,0.08028876640163894,training OOF predictions,19746.0,0.08026568241683198,1.0
6,Explainable Boosting Machine,61503,4965,0.08072776937710356,0.34456670096062975,0.7629731406840704,0.24467339662007292,0.9158415036664879,0.5465449166130439,0.416600790513834,0.10614300100704935,0.9869468322190386,0.16918138041733546,0.1786699700420662,0.067689805857626,0.24495054426799834,55800,738,4438,527,0.02056810236899013,2.0,1.0,2.0,9614.0,0.156317578004325,training OOF predictions,38524.0,0.1565965334460668,2.0
6,Logistic regression,61503,4965,0.08072776937710356,0.35417952725174745,0.7479829926254804,0.22223602092774652,0.9168008064647253,0.5253874168954517,0.39645776566757496,0.05861027190332326,0.9921645618875801,0.10212317950517635,0.12737649161728767,0.06869985950854349,0.24947644762474663,56095,443,4674,291,0.011934377184852771,2.0,1.0,2.0,9791.0,0.15919548639903744,training OOF predictions,38967.0,0.15839728789307664,3.0
6,XGBoost,61503,4965,0.08072776937710356,0.34540168650141245,0.763059022553324,0.24970616987303665,0.9167357689868787,0.5432650008191694,0.4308510638297872,0.09788519637462235,0.9886448052637165,0.15952732644017725,0.1756764057437557,0.06751400348994709,0.244563211639243,55896,642,4479,486,0.018340568752743768,2.0,1.0,2.0,9600.0,0.15608994683186186,training OOF predictions,38484.0,0.15643393710773634,1.0
6,Explainable Boosting Machine,61503,4965,0.08072776937710356,0.15887386046731566,0.7629731406840704,0.24467339662007292,0.8573728110823863,0.6469317430439266,0.2540379894043158,0.3959718026183283,0.897891683469525,0.3095088161209068,0.24137220838050252,0.067689805857626,0.24495054426799834,50765,5773,2999,1966,0.12583126026372699,5.0,1.0,5.0,20768.0,0.3376745849795945,training OOF predictions,82937.0,0.3371313128028357,1.0
6,Logistic regression,61503,4965,0.08072776937710356,0.1667570625407299,0.7479829926254804,0.22223602092774652,0.8646895273401297,0.6272111455343939,0.25217776465377234,0.34400805639476334,0.9104142346740246,0.2910206168001363,0.22140210436368388,0.06869985950854349,0.24947644762474663,51473,5065,3257,1708,0.11012470936377088,5.0,1.0,5.0,21350.0,0.3471375380062761,training OOF predictions,85422.0,0.34723261032161556,3.0
6,XGBoost,61503,4965,0.08072776937710356,0.16657111919241924,0.763059022553324,0.24970616987303665,0.8578768515356975,0.6457361137428197,0.25403856175091194,0.39274924471299094,0.8987229827726485,0.3085198955778815,0.24024782041484777,0.06751400348994709,0.244563211639243,50812,5726,3015,1950,0.12480691998764287,5.0,1.0,5.0,20801.0,0.338211144171829,training OOF predictions,83061.0,0.3376353614516601,2.0
6,Explainable Boosting Machine,61503,4965,0.08072776937710356,0.08975895358618524,0.7629731406840704,0.24467339662007292,0.7318992569468156,0.6947983224180213,0.17960409252669038,0.6505538771399798,0.7390427676960628,0.28149374700422675,0.23332563404063295,0.067689805857626,0.24495054426799834,41784,14754,1735,3230,0.29240850039835453,10.0,1.0,10.0,32104.0,0.5219907971968847,training OOF predictions,128393.0,0.5219057916815714,1.0
6,Logistic regression,61503,4965,0.08072776937710356,0.09185370541842466,0.7479829926254804,0.22223602092774652,0.7239972033884526,0.6824165315544799,0.17175030064502023,0.6328298086606243,0.7320032544483356,0.2701749860269143,0.21741153964688922,0.06869985950854349,0.24947644762474663,41386,15152,1823,3142,0.29744890493146675,10.0,1.0,10.0,33382.0,0.5427702713688763,training OOF predictions,133977.0,0.5446042405125037,3.0
6,XGBoost,61503,4965,0.08072776937710356,0.09086128795461498,0.763059022553324,0.24970616987303665,0.7253467310537698,0.6950925233933513,0.1771425477775973,0.6590130916414905,0.731171955145212,0.2792285372930534,0.23187797505963595,0.06751400348994709,0.244563211639243,41339,15199,1693,3272,0.3003268133261792,10.0,1.0,10.0,32129.0,0.522397281433426,training OOF predictions,128102.99999999999,0.5207269682286755,2.0
6,Explainable Boosting Machine,61503,4965,0.08072776937710356,0.04645555734779149,0.7629731406840704,0.24467339662007292,0.5025933694291336,0.6674499005508046,0.12541292717864763,0.8640483383685801,0.47085146273302914,0.21903400388032268,0.18362750704532813,0.067689805857626,0.24495054426799834,26621,29917,675,4290,0.5561842511747395,20.0,1.0,20.0,43417.0,0.7059330439165569,training OOF predictions,172866.0,0.7026844655458359,1.0
6,Logistic regression,61503,4965,0.08072776937710356,0.048449423233001145,0.7479829926254804,0.22223602092774652,0.49139066387005514,0.6570391712591985,0.12191828055858858,0.8545820745216516,0.45949626799674553,0.21339301430834612,0.1726243168136588,0.06869985950854349,0.24947644762474663,25979,30559,722,4243,0.5658585760044226,20.0,1.0,20.0,44999.0,0.7316553664048908,training OOF predictions,181502.0,0.7377890149913824,3.0
6,XGBoost,61503,4965,0.08072776937710356,0.0502564875105648,0.763059022553324,0.24970616987303665,0.5306082630115604,0.6737768913862601,0.12985444410034067,0.8445115810674723,0.503042201705048,0.22509730237552006,0.18959625951838724,0.06751400348994709,0.244563211639243,28441,28097,772,4193,0.525015039916752,20.0,1.0,20.0,43537.0,0.7078841682519552,training OOF predictions,173281.0,0.7043714025560145,2.0
7,Explainable Boosting Machine,61503,4965,0.08072776937710356,0.6165996188602992,0.7627590273661002,0.24957989376598158,0.9194836024258979,0.5040650038970662,0.589041095890411,0.00866062437059416,0.9994693834235382,0.017070265978562923,0.06432341912854891,0.06751642859466181,0.24466692014912475,56508,30,4922,43,0.0011869339707006163,1.0,1.0,1.0,4952.0,0.08051639757410207,training OOF predictions,19797.0,0.08047299274820331,2.0
7,Logistic regression,61503,4965,0.08072776937710356,0.5078213737468579,0.7463106259718841,0.22553341815672806,0.9192397118839731,0.5034730431282802,0.48717948717948717,0.007653575025176234,0.9992925112313842,0.015070394606385089,0.05316797690984069,0.06861129313186247,0.24966914037415752,56498,40,4927,38,0.0012682308180088776,1.0,1.0,1.0,4967.0,0.08076028811602685,training OOF predictions,19829.0,0.08060306981886768,3.0
7,XGBoost,61503,4965,0.08072776937710356,0.49372734686577063,0.763838530187452,0.250723615020817,0.919711233598361,0.5088737420032128,0.5838509316770186,0.018932527693857,0.9988149563125686,0.03667577058134998,0.09461821197095259,0.06743938395324511,0.2442313337327705,56471,67,4871,94,0.0026177584833260168,1.0,1.0,1.0,4938.0,0.08028876640163894,training OOF predictions,19752.0,0.08029007186758154,1.0
7,Explainable Boosting Machine,61503,4965,0.08072776937710356,0.3326709685088686,0.7627590273661002,0.24957989376598158,0.9157276880802563,0.5487795444691425,0.4175491679273828,0.11117824773413898,0.9863808412041459,0.17560044536344838,0.1832534483176072,0.06751642859466181,0.24466692014912475,55768,770,4413,552,0.02149488642830431,2.0,1.0,2.0,9596.0,0.15602490935401525,training OOF predictions,38561.0,0.15674693505902246,2.0
7,Logistic regression,61503,4965,0.08072776937710356,0.31632427135996727,0.7463106259718841,0.22553341815672806,0.9149147196071736,0.5361198077725229,0.37884267631103075,0.08439073514602216,0.9878488803990236,0.1380332729369132,0.14808805398298103,0.06861129313186247,0.24966914037415752,55851,687,4546,419,0.01798286262458742,2.0,1.0,2.0,9779.0,0.15900037396549763,training OOF predictions,39026.0,0.15863711749211407,3.0
7,XGBoost,61503,4965,0.08072776937710356,0.33392401587054493,0.763838530187452,0.250723615020817,0.9169634001593419,0.547063264351041,0.440536013400335,0.10594159113796577,0.9881849375641162,0.1708069491800617,0.1858440506207502,0.06743938395324511,0.2442313337327705,55870,668,4439,526,0.01941368713721282,2.0,1.0,2.0,9546.0,0.15521194088093263,training OOF predictions,38407.0,0.1561209391564502,1.0
7,Explainable Boosting Machine,61503,4965,0.08072776937710356,0.15649265571777654,0.7627590273661002,0.24957989376598158,0.8563322114368405,0.650223927676266,0.25459617091416253,0.40443101711983886,0.8960168382326931,0.31248054777466544,0.24479121606482107,0.06751642859466181,0.24466692014912475,50659,5879,2957,2008,0.12823764694405151,5.0,1.0,5.0,20664.0,0.3359836105555827,training OOF predictions,83051.0,0.3375947123670775,2.0
7,Logistic regression,61503,4965,0.08072776937710356,0.15485500903684696,0.7463106259718841,0.22553341815672806,0.8526413345690455,0.6379279599027,0.2403041825095057,0.38187311178247735,0.8939828080229226,0.29498249708284713,0.2247183819050325,0.06861129313186247,0.24966914037415752,50544,5994,3069,1896,0.12828642505243645,5.0,1.0,5.0,21339.0,0.34695868494219795,training OOF predictions,85343.0,0.3469114825534129,3.0
7,XGBoost,61503,4965,0.08072776937710356,0.16871952873075877,0.763838530187452,0.250723615020817,0.8604783506495618,0.6476103979047217,0.25976614403401543,0.39375629405840884,0.9014645017510347,0.3130253782723561,0.24540890362037432,0.06743938395324511,0.2442313337327705,50967,5571,3010,1955,0.12236801456839504,5.0,1.0,5.0,20621.0,0.3352844576687316,training OOF predictions,83143.0,0.33796868394523755,1.0
7,Explainable Boosting Machine,61503,4965,0.08072776937710356,0.09265149789497011,0.7627590273661002,0.24957989376598158,0.7410045038453409,0.6919425311789338,0.18227657354816273,0.6334340382678751,0.7504510240899925,0.28309104820198927,0.23277398061439664,0.06751642859466181,0.24466692014912475,42429,14109,1820,3145,0.2805391606913484,10.0,1.0,10.0,32309.0,0.5253239679365235,training OOF predictions,128295.00000000001,0.5215074306526618,1.0
7,Logistic regression,61503,4965,0.08072776937710356,0.089283272038263,0.7463106259718841,0.22553341815672806,0.7165504121750158,0.6812138594271115,0.1686510045710641,0.6390735146022155,0.7233542042520075,0.266874132638042,0.21426571880665518,0.06861129313186247,0.24966914037415752,40897,15641,1792,3173,0.30590377705152594,10.0,1.0,10.0,33561.0,0.5456806985025121,training OOF predictions,133922.0,0.5443806705472993,3.0
7,XGBoost,61503,4965,0.08072776937710356,0.08944451903186078,0.763838530187452,0.250723615020817,0.7185015365104142,0.6920123930230493,0.1734370041256744,0.6604229607250756,0.723601825321023,0.2747266557747895,0.22672518727701768,0.06743938395324511,0.2442313337327705,40911,15627,1686,3279,0.30739963904199796,10.0,1.0,10.0,32487.0,0.5282181357006975,training OOF predictions,128030.0,0.5204302299112225,2.0
7,Explainable Boosting Machine,61503,4965,0.08072776937710356,0.053429662373442995,0.7627590273661002,0.24957989376598158,0.5548509828788839,0.6794300846667413,0.13419291659866167,0.8279959718026183,0.5308641975308642,0.23095505617977527,0.1955203278393383,0.06751642859466181,0.24466692014912475,30014,26524,854,4111,0.4981057834577175,20.0,1.0,20.0,43604.0,0.7089735460058859,training OOF predictions,173078.0,0.7035462261389873,2.0
7,Logistic regression,61503,4965,0.08072776937710356,0.04720294692212378,0.7463106259718841,0.22553341815672806,0.4797489553355121,0.6536467091779783,0.12014501714349952,0.8610271903323263,0.44626622802363014,0.21086640195328876,0.16952823951159682,0.06861129313186247,0.24966914037415752,25231,31307,690,4275,0.5785408841845113,20.0,1.0,20.0,45107.0,0.7334113783067493,training OOF predictions,181282.99999999997,0.736898800039023,3.0
7,XGBoost,61503,4965,0.08072776937710356,0.05082666178917043,0.763838530187452,0.250723615020817,0.5323154968050339,0.6747054703950683,0.1302780798508622,0.8445115810674723,0.5048993597226644,0.2257335127860027,0.19057784848940756,0.06743938395324511,0.2442313337327705,28546,27992,772,4193,0.5233078061232785,20.0,1.0,20.0,43432.0,0.7061769344584817,training OOF predictions,172893.0,0.7027942180742089,1.0
8,Explainable Boosting Machine,61503,4965,0.08072776937710356,0.5379416061639563,0.7602510259923038,0.24786873628594036,0.9194023055785897,0.5087057134206665,0.5222222222222223,0.018932527693857,0.998478899147476,0.03654033041788144,0.08780439615363544,0.06757028291716036,0.24528612337269565,56452,86,4871,94,0.00292668650309741,1.0,1.0,1.0,4957.0,0.08059769442141033,training OOF predictions,19775.0,0.08038356476212155,1.0
8,Logistic regression,61503,4965,0.08072776937710356,0.5268102239071563,0.7463777839691951,0.22913330411781016,0.9192071931450498,0.502628603984658,0.46774193548387094,0.005840886203423968,0.999416321765892,0.011537696439228168,0.04512944807434139,0.06846380560721237,0.2493580714852597,56505,33,4936,29,0.0010080809066224411,1.0,1.0,1.0,4969.0,0.08079280685495016,training OOF predictions,19825.0,0.08058681018503464,3.0
8,XGBoost,61503,4965,0.08072776937710356,0.502566309457602,0.7616453720028312,0.24791842181764348,0.9194023055785897,0.5075115161965233,0.525974025974026,0.016314199395770394,0.9987088329972762,0.03164680601680016,0.08188858116424229,0.06755102414687716,0.2449636863905217,56465,73,4884,81,0.0025039428970944507,1.0,1.0,1.0,4957.0,0.08059769442141033,training OOF predictions,19755.0,0.08030226659295632,1.0
8,Explainable Boosting Machine,61503,4965,0.08072776937710356,0.3327296191666087,0.7602510259923038,0.24786873628594036,0.9155650943856397,0.5506201961966815,0.4170305676855895,0.11540785498489425,0.9858325374084687,0.18078561287269285,0.18661575662135846,0.06757028291716036,0.24528612337269565,55737,801,4392,573,0.02234037364031023,2.0,1.0,2.0,9585.0,0.15584605628993708,training OOF predictions,38568.0,0.1567753894182303,1.0
8,Logistic regression,61503,4965,0.08072776937710356,0.3437769344689836,0.7463777839691951,0.22913330411781016,0.9169959188982651,0.5315563876563942,0.4180327868852459,0.07190332326283988,0.9912094520499487,0.12270149510225124,0.14692860924212092,0.06846380560721237,0.2493580714852597,56041,497,4608,357,0.013885501520251045,2.0,1.0,2.0,9713.0,0.15792725558102857,training OOF predictions,39068.0,0.15880784364736106,3.0
8,XGBoost,61503,4965,0.08072776937710356,0.347799993215022,0.7616453720028312,0.24791842181764348,0.9168333252036486,0.5422157265776064,0.43169398907103823,0.09546827794561934,0.9889631752095935,0.15635823849579417,0.1736986714767414,0.06755102414687716,0.2449636863905217,55914,624,4491,474,0.0178527876688942,2.0,1.0,2.0,9606.0,0.15618750304863177,training OOF predictions,38391.0,0.15605590062111802,2.0
8,Explainable Boosting Machine,61503,4965,0.08072776937710356,0.15586084742495243,0.7602510259923038,0.24786873628594036,0.8557631335056827,0.6534051316874921,0.2558139534883721,0.4120845921450151,0.8947256712299693,0.3156676695209442,0.24849167673187364,0.06757028291716036,0.24528612337269565,50586,5952,2919,2046,0.1300424369542949,5.0,1.0,5.0,20547.0,0.3340812643285693,training OOF predictions,83175.0,0.3380987610159019,1.0
8,Logistic regression,61503,4965,0.08072776937710356,0.16421661901948145,0.7463777839691951,0.22913330411781016,0.8613238378615677,0.6321782563907236,0.25,0.35891238670694864,0.9054441260744985,0.29471595137682954,0.22497609846747071,0.06846380560721237,0.2493580714852597,51192,5346,3183,1782,0.11589678552265743,5.0,1.0,5.0,21261.0,0.3456904541241891,training OOF predictions,85319.0,0.3468139247504146,3.0
8,XGBoost,61503,4965,0.08072776937710356,0.17086311071219018,0.7616453720028312,0.24791842181764348,0.8607385005609482,0.6446286106106858,0.25812953507121744,0.38690835850956695,0.9023488627118045,0.3096638994116225,0.24161683254953661,0.06755102414687716,0.2449636863905217,51017,5521,3044,1921,0.12100222753361625,5.0,1.0,5.0,20741.0,0.3372355820041299,training OOF predictions,82877.0,0.33688741829533997,2.0
8,Explainable Boosting Machine,61503,4965,0.08072776937710356,0.09061205369209435,0.7602510259923038,0.24786873628594036,0.7320455912719704,0.690468571307654,0.17797415962861457,0.6408862034239677,0.7400509391913404,0.2785851864822273,0.2285329430367635,0.06757028291716036,0.24528612337269565,41841,14697,1783,3182,0.29070126660488105,10.0,1.0,10.0,32527.0,0.5288685104791636,training OOF predictions,128482.00000000001,0.5222675685343566,2.0
8,Logistic regression,61503,4965,0.08072776937710356,0.0921978476172676,0.7463777839691951,0.22913330411781016,0.7261596995268523,0.6806531692344128,0.1718516881251036,0.6263846928499497,0.7349216456188759,0.26970774434134076,0.2159868205698903,0.06846380560721237,0.2493580714852597,41551,14987,1855,3110,0.29424580914752124,10.0,1.0,10.0,33537.0,0.5452904736354324,training OOF predictions,134037.0,0.5448481350199994,3.0
8,XGBoost,61503,4965,0.08072776937710356,0.09188087352892596,0.7616453720028312,0.24791842181764348,0.7263222932214689,0.6941533587708675,0.17715871374938788,0.655790533736153,0.732516183805582,0.27895819054146676,0.23109167120859758,0.06755102414687716,0.2449636863905217,41415,15123,1709,3256,0.2988309513357072,10.0,1.0,10.0,32213.0,0.5237630684682048,training OOF predictions,128098.0,0.5207066436863842,1.0
8,Explainable Boosting Machine,61503,4965,0.08072776937710356,0.0498653603029335,0.7602510259923038,0.24786873628594036,0.5262995301042226,0.6695042470166043,0.12831790360778766,0.840281973816717,0.49872652021649155,0.22263728053791557,0.18500684511978827,0.06757028291716036,0.24528612337269565,28197,28341,793,4172,0.5286408793067005,20.0,1.0,20.0,44201.0,0.7186803895744923,training OOF predictions,173093.00000000003,0.7036071997658614,2.0
8,Logistic regression,61503,4965,0.08072776937710356,0.048645662495554166,0.7463777839691951,0.22913330411781016,0.49077280783051236,0.6539472743460832,0.1211328349626222,0.848539778449144,0.4593547702430224,0.21200150962385206,0.16920938703750277,0.06846380560721237,0.2493580714852597,25971,30567,752,4213,0.5655008698762662,20.0,1.0,20.0,45607.0,0.7415410630375754,training OOF predictions,180630.0,0.7342444148157784,3.0
8,XGBoost,61503,4965,0.08072776937710356,0.048639707180745964,0.7616453720028312,0.24791842181764348,0.5179584735703949,0.6705710161088353,0.12770001206709303,0.8525679758308157,0.48857405638685486,0.22212893238527537,0.18643248504885493,0.06755102414687716,0.2449636863905217,27623,28915,732,4233,0.5389655789148496,20.0,1.0,20.0,43555.0,0.708176836902265,training OOF predictions,173883.0,0.7068184774478878,1.0
9,Explainable Boosting Machine,61503,4965,0.08072776937710356,0.520135866768988,0.7625570831399406,0.24281622929848964,0.9193047493618197,0.5107654622365045,0.5043103448275862,0.023564954682779457,0.9979659697902296,0.04502597652491822,0.09567997386138304,0.06777655377151805,0.24532253515395164,56423,115,4848,117,0.0037721737151033283,1.0,1.0,1.0,4963.0,0.08069525063818025,training OOF predictions,19782.0,0.08041201912132939,2.0
9,Logistic regression,61503,4965,0.08072776937710356,0.53650663901681,0.7468359310390107,0.22140794123578944,0.9191584150366648,0.5014997372566258,0.4146341463414634,0.0034239677744209466,0.9995755067388306,0.0067918497802636835,0.031657728536806685,0.068696162367865,0.24984359042083412,56514,24,4948,17,0.0006666341479277433,1.0,1.0,1.0,4972.0,0.08084158496333513,training OOF predictions,19831.0,0.0806111996357842,3.0
9,XGBoost,61503,4965,0.08072776937710356,0.4514074305294024,0.7656722780215692,0.24851306047121494,0.9194836024258979,0.5142616109647506,0.5220338983050847,0.031017119838872106,0.9975061020906293,0.05855513307984791,0.11246394814772433,0.06748669854968443,0.2441403844780776,56397,141,4811,154,0.004796513991187422,1.0,1.0,1.0,4952.0,0.08051639757410207,training OOF predictions,19758.0,0.08031446131833112,1.0
9,Explainable Boosting Machine,61503,4965,0.08072776937710356,0.318021067067325,0.7625570831399406,0.24281622929848964,0.91340259824724,0.5542207850154306,0.38795779019242704,0.12588116817724068,0.9825604018536206,0.19008515815085159,0.1849666648056488,0.06777655377151805,0.24532253515395164,55552,986,4340,625,0.02619384420272182,2.0,1.0,2.0,9666.0,0.15716306521633092,training OOF predictions,38470.0,0.15637702838932066,2.0
9,Logistic regression,61503,4965,0.08072776937710356,0.35216813259931146,0.7468359310390107,0.22140794123578944,0.9162805066419524,0.5251044213880054,0.37989556135770236,0.05861027190332326,0.9915985708726874,0.10155295759902286,0.12333007786361329,0.068696162367865,0.24984359042083412,56063,475,4674,291,0.012454677007625644,2.0,1.0,2.0,9823.0,0.15971578622181032,training OOF predictions,38963.0,0.1583810282592436,3.0
9,XGBoost,61503,4965,0.08072776937710356,0.3367973304650453,0.7656722780215692,0.24851306047121494,0.9160528754694893,0.5450982410140643,0.4187192118226601,0.1027190332326284,0.9874774487955004,0.16496846191169334,0.1763563774192533,0.06748669854968443,0.2441403844780776,55830,708,4455,510,0.019803912004292473,2.0,1.0,2.0,9618.0,0.1563826154821716,training OOF predictions,38389.0,0.15604777080420149,1.0
9,Explainable Boosting Machine,61503,4965,0.08072776937710356,0.16484180609573373,0.7625570831399406,0.24281622929848964,0.8620717688568037,0.6406688590268781,0.2576467346376412,0.3766364551863041,0.904701262867452,0.30598052851182195,0.23755789537028912,0.06777655377151805,0.24532253515395164,51150,5388,3095,1870,0.11801050355267223,5.0,1.0,5.0,20863.0,0.3392192250784515,training OOF predictions,82859.0,0.3368142499430913,2.0
9,Logistic regression,61503,4965,0.08072776937710356,0.16503340727178875,0.7468359310390107,0.22140794123578944,0.8627221436352698,0.6277945726206762,0.24906204906204907,0.34763343403826785,0.9079557112030846,0.29020596889449346,0.22019969908723608,0.068696162367865,0.24984359042083412,51334,5204,3239,1726,0.11267743036925028,5.0,1.0,5.0,21399.0,0.34793424710989707,training OOF predictions,85371.0,0.34702529999024423,3.0
9,XGBoost,61503,4965,0.08072776937710356,0.17450772455244756,0.7656722780215692,0.24851306047121494,0.8653399021185958,0.6411603660089479,0.26404894010527813,0.37381671701913394,0.9085040149987619,0.30948807737201933,0.24173036827127234,0.06748669854968443,0.2441403844780776,51365,5173,3109,1856,0.11428710794595386,5.0,1.0,5.0,20718.0,0.33686161650651186,training OOF predictions,82924.0,0.3370784689928783,1.0
9,Explainable Boosting Machine,61503,4965,0.08072776937710356,0.08392345140239035,0.7625570831399406,0.24281622929848964,0.7123229761149863,0.6914995224450812,0.1710771139135828,0.6666666666666666,0.7163323782234957,0.2722823181014272,0.22469062482044916,0.06777655377151805,0.24532253515395164,40500,16038,1655,3310,0.31458628034404823,10.0,1.0,10.0,32588.0,0.5298603320163244,training OOF predictions,128304.0,0.5215440148287861,2.0
9,Logistic regression,61503,4965,0.08072776937710356,0.09385441000444086,0.7468359310390107,0.22140794123578944,0.7333626001983643,0.6786917634948406,0.17379892730799953,0.6134944612286002,0.743889065761081,0.27086390111600195,0.21568014868251612,0.068696162367865,0.24984359042083412,42058,14480,1919,3046,0.2849617091849178,10.0,1.0,10.0,33670.0,0.5474529697738322,training OOF predictions,133377.0,0.5421652954375468,3.0
9,XGBoost,61503,4965,0.08072776937710356,0.09036298925396369,0.7656722780215692,0.24851306047121494,0.7248264312309969,0.6973816449840595,0.1778113044883884,0.6646525679758308,0.7301107219922883,0.28056452984186364,0.23428154207039872,0.06748669854968443,0.2441403844780776,41279,15259,1665,3300,0.3017576378388046,10.0,1.0,10.0,31909.0,0.5188202201518625,training OOF predictions,128124.0,0.520812331306299,1.0
9,Explainable Boosting Machine,61503,4965,0.08072776937710356,0.04878399006930249,0.7625570831399406,0.24281622929848964,0.5247061118969807,0.6747922820456342,0.12945487860742097,0.8537764350453172,0.4958081290459514,0.22482100238663486,0.1908667410456672,0.06777655377151805,0.24532253515395164,28032,28506,726,4239,0.5324130530218039,20.0,1.0,20.0,43026.0,0.6995756304570508,training OOF predictions,173121.0,0.7037210172026926,1.0
9,Logistic regression,61503,4965,0.08072776937710356,0.04782389537720424,0.7468359310390107,0.22140794123578944,0.48582995951417,0.6552088539975093,0.12101222632925789,0.8572004028197382,0.45321730517528036,0.21208421577177028,0.17089918096367812,0.068696162367865,0.24984359042083412,25624,30914,709,4256,0.5718420239663106,20.0,1.0,20.0,45094.0,0.7332000065037478,training OOF predictions,180926.0,0.7354476277194237,3.0
9,XGBoost,61503,4965,0.08072776937710356,0.048835376206500296,0.7656722780215692,0.24851306047121494,0.5175519893338536,0.6726464589919952,0.12816422358004997,0.8576032225579053,0.4876896954260851,0.22300199015397507,0.18873758446983538,0.06748669854968443,0.2441403844780776,27573,28965,707,4258,0.5401850316244736,20.0,1.0,20.0,43105.0,0.7008601206445214,training OOF predictions,173628.0,0.7057819257910312,2.0
10,Explainable Boosting Machine,61503,4965,0.08072776937710356,0.5951467795905551,0.7613796237606077,0.24217988032481375,0.9192722306228964,0.5037663143222979,0.5,0.00825780463242699,0.9992748240121688,0.016247275609272836,0.05623556164137377,0.0678091855293777,0.24557118342781564,56497,41,4924,41,0.0013332682958554867,1.0,1.0,1.0,4965.0,0.08072776937710356,training OOF predictions,19783.0,0.08041608402978764,2.0
10,Logistic regression,61503,4965,0.08072776937710356,0.5034499121203182,0.7467165770425166,0.2239244244176302,0.9192722306228964,0.5044093435968365,0.5,0.009667673716012085,0.999151013477661,0.01896858328393598,0.06085401376181942,0.06865043455550557,0.249640875173235,56490,48,4917,48,0.0015608994683186186,1.0,1.0,1.0,4965.0,0.08072776937710356,training OOF predictions,19835.0,0.08062745926961724,2.0
10,XGBoost,61503,4965,0.08072776937710356,0.48222792236575207,0.7621623321936208,0.24363406347580868,0.919386046209128,0.5089724537858611,0.5187165775401069,0.019536757301107755,0.9984081502706145,0.03765527950310559,0.08878985809473004,0.06772969579883222,0.2452224388918765,56448,90,4868,97,0.0030405020893289757,1.0,1.0,1.0,4958.0,0.080613953790872,training OOF predictions,19754.0,0.08029820168449807,1.0
10,Explainable Boosting Machine,61503,4965,0.08072776937710356,0.34636253621453866,0.7613796237606077,0.24217988032481375,0.9157764661886412,0.5428350891772493,0.4095878889823381,0.09808660624370594,0.9875835721107927,0.1582710432239194,0.1694960279028355,0.0678091855293777,0.24557118342781564,55836,702,4478,487,0.019332390289904557,2.0,1.0,2.0,9658.0,0.1570329902606377,training OOF predictions,38442.0,0.15626321095248935,2.0
10,Logistic regression,61503,4965,0.08072776937710356,0.36015539807057934,0.7467165770425166,0.2239244244176302,0.9171747719623433,0.5238454547426808,0.40416047548291234,0.054783484390735146,0.9929074250946266,0.09648811635331678,0.12488176021792836,0.06865043455550557,0.249640875173235,56137,401,4693,272,0.010942555647691983,2.0,1.0,2.0,9787.0,0.15913044892119083,training OOF predictions,39031.0,0.15865744203440538,3.0
10,XGBoost,61503,4965,0.08072776937710356,0.3288935129427862,0.7621623321936208,0.24363406347580868,0.9158252442970262,0.5476384089026454,0.4178294573643411,0.10855991943605237,0.9867168983692384,0.17234212629896084,0.18112445958985693,0.06772969579883222,0.2452224388918765,55787,751,4426,539,0.020974586605531437,2.0,1.0,2.0,9603.0,0.1561387249402468,training OOF predictions,38440.0,0.15625508113557282,1.0
10,Explainable Boosting Machine,61503,4965,0.08072776937710356,0.15691162491738764,0.7613796237606077,0.24217988032481375,0.8554867242248345,0.6458140230044996,0.25022284477269835,0.3957703927492447,0.8958576532597545,0.3066000936183492,0.23804358007761875,0.0678091855293777,0.24557118342781564,50650,5888,3000,1965,0.12768482838235534,5.0,1.0,5.0,20888.0,0.33962570931499275,training OOF predictions,82734.0,0.3363061363858086,1.0
10,Logistic regression,61503,4965,0.08072776937710356,0.16601016089903056,0.7467165770425166,0.2239244244176302,0.863648927694584,0.628298658368315,0.25112760075658375,0.34763343403826785,0.9089638826983621,0.2916033113701639,0.22186724241149336,0.06865043455550557,0.249640875173235,51391,5147,3239,1726,0.1117506463099361,5.0,1.0,5.0,21342.0,0.3470074630505829,training OOF predictions,85302.0,0.34674482130662415,3.0
10,XGBoost,61503,4965,0.08072776937710356,0.16997676286504435,0.7621623321936208,0.24363406347580868,0.8591938604620912,0.638552372176711,0.2511114104809376,0.3754279959718026,0.9016767483816195,0.3009363900548918,0.23172118292955016,0.06772969579883222,0.2452224388918765,50979,5559,3101,1864,0.12069329951384486,5.0,1.0,5.0,21064.0,0.3424873583402436,training OOF predictions,82855.0,0.3367979903092582,2.0
10,Explainable Boosting Machine,61503,4965,0.08072776937710356,0.09315436419873072,0.7613796237606077,0.24217988032481375,0.7398013105051786,0.6903694908186233,0.18113011324243125,0.6314199395770392,0.7493190420602073,0.28150675706011763,0.23064666466688907,0.0678091855293777,0.24557118342781564,42365,14173,1830,3135,0.2814171666422776,10.0,1.0,10.0,32473.0,0.5279905045282344,training OOF predictions,128048.0,0.5205033982634711,2.0
10,Logistic regression,61503,4965,0.08072776937710356,0.0966130814853949,0.7467165770425166,0.2239244244176302,0.7395574199632539,0.6789378937076141,0.17637758388475727,0.6066465256797583,0.75122926173547,0.273296434080392,0.21768964363300503,0.06865043455550557,0.249640875173235,42473,14065,1953,3012,0.27766125229663596,10.0,1.0,10.0,33595.0,0.5462335170642082,training OOF predictions,133661.0,0.543319729439693,3.0
10,XGBoost,61503,4965,0.08072776937710356,0.09037669523457761,0.7621623321936208,0.24363406347580868,0.7226476757231355,0.6956454333470236,0.17632889031636423,0.6634441087613293,0.7278467579327178,0.27860948997716317,0.23179070922389042,0.06772969579883222,0.2452224388918765,41151,15387,1671,3294,0.3037412809131262,10.0,1.0,10.0,32097.0,0.5218769816106531,training OOF predictions,127669.0,0.51896279795779,1.0
10,Explainable Boosting Machine,61503,4965,0.08072776937710356,0.0523954467899585,0.7613796237606077,0.24217988032481375,0.5463798513893631,0.6771190971844833,0.1325386143690316,0.833031218529708,0.5212069758392586,0.22869149318514834,0.19302180261071758,0.0678091855293777,0.24557118342781564,29468,27070,829,4136,0.507389883420321,20.0,1.0,20.0,43650.0,0.7097214770011219,training OOF predictions,173211.0,0.7040868589639361,2.0
10,Logistic regression,61503,4965,0.08072776937710356,0.04841872193743932,0.7467165770425166,0.2239244244176302,0.4877160463717217,0.6542137635634521,0.12093687517852042,0.8527693856998992,0.45565814142700484,0.2118323952470294,0.16967636587222495,0.06865043455550557,0.249640875173235,25762,30776,731,4234,0.5692405248524463,20.0,1.0,20.0,45396.0,0.7381103360811667,training OOF predictions,181550.0,0.737984130597379,3.0
10,XGBoost,61503,4965,0.08072776937710356,0.04906291904459479,0.7621623321936208,0.24363406347580868,0.5190478513243256,0.6723577351766943,0.12825082308877278,0.8551863041289023,0.48952916622448617,0.22305106114729986,0.1883658299196157,0.06772969579883222,0.2452224388918765,27677,28861,719,4246,0.538298944766922,20.0,1.0,20.0,43241.0,0.7030713948913061,training OOF predictions,173872.0,0.706773763454847,1.0
11,Explainable Boosting Machine,61503,4965,0.08072776937710356,0.5175030843381362,0.7597653488459328,0.24162306275850928,0.9192234525145115,0.5102619375637956,0.4933920704845815,0.02255790533736153,0.9979659697902296,0.04314329738058552,0.09220003341648282,0.06783799192635101,0.24579932002966196,56423,115,4853,112,0.0036908768677950668,1.0,1.0,1.0,4968.0,0.08077654748548851,training OOF predictions,19779.0,0.0803998243959546,2.0
11,Logistic regression,61503,4965,0.08072776937710356,0.5569356545360293,0.7438311877649899,0.21822569876877956,0.9191421556672033,0.5016746162968863,0.41304347826086957,0.003826787512588117,0.9995224450811844,0.007583316703252844,0.03337417678148285,0.0688873812664785,0.25053456969455734,56511,27,4946,19,0.0007479309952360048,1.0,1.0,1.0,4973.0,0.08085784433279677,training OOF predictions,19833.0,0.08061932945270073,3.0
11,XGBoost,61503,4965,0.08072776937710356,0.5008904845829575,0.7601348122342264,0.24381733057584115,0.9196461961205145,0.507919754315441,0.5793103448275863,0.016918429003021148,0.9989210796278609,0.03287671232876712,0.08897171323390554,0.06775030426643365,0.24548940914944328,56477,61,4881,84,0.00235760857193958,1.0,1.0,1.0,4942.0,0.08035380387948556,training OOF predictions,19760.0,0.08032259113524763,1.0
11,Explainable Boosting Machine,61503,4965,0.08072776937710356,0.3666003754504903,0.7597653488459328,0.24162306275850928,0.9171259938539583,0.5370469547043675,0.4315352697095436,0.0837865055387714,0.9903074038699635,0.1403272052622702,0.16250106768935654,0.06783799192635101,0.24579932002966196,55990,548,4549,416,0.015674032161032796,2.0,1.0,2.0,9646.0,0.15683787782709788,training OOF predictions,38474.0,0.15639328802315372,2.0
11,Logistic regression,61503,4965,0.08072776937710356,0.35431567422296945,0.7438311877649899,0.21822569876877956,0.9166707315090321,0.5263271425928651,0.39528795811518325,0.0608257804632427,0.9918285047224875,0.10542852155699074,0.1295039665318038,0.0688873812664785,0.25053456969455734,56076,462,4663,302,0.012422158268702339,2.0,1.0,2.0,9788.0,0.1591467082906525,training OOF predictions,38906.0,0.1581493284771227,3.0
11,XGBoost,61503,4965,0.08072776937710356,0.3343660742687118,0.7601348122342264,0.24381733057584115,0.916020356730566,0.5462747510189923,0.41974317817014445,0.105337361530715,0.9872121405072695,0.16841088391563355,0.1789538966828153,0.06775030426643365,0.24548940914944328,55815,723,4442,523,0.02025917434921874,2.0,1.0,2.0,9607.0,0.15620376241809342,training OOF predictions,38412.0,0.1561412636987415,1.0
11,Explainable Boosting Machine,61503,4965,0.08072776937710356,0.15324755565133377,0.7597653488459328,0.24162306275850928,0.8542835308846722,0.6493852168404983,0.2507793989275471,0.4050352467270896,0.8937351869539071,0.30976586568083797,0.24171044496297964,0.06783799192635101,0.24579932002966196,50530,6008,2954,2011,0.13038388371298962,5.0,1.0,5.0,20778.0,0.33783717867421104,training OOF predictions,83027.0,0.3374971545640792,1.0
11,Logistic regression,61503,4965,0.08072776937710356,0.16101490465107923,0.7438311877649899,0.21822569876877956,0.8575028860380794,0.6286302269339692,0.24089483017323693,0.35568982880161126,0.9015706250663271,0.28724788549121666,0.2162887018399013,0.0688873812664785,0.25053456969455734,50973,5565,3199,1766,0.11919743752337285,5.0,1.0,5.0,21560.0,0.3505520055932231,training OOF predictions,85331.0,0.34686270365191374,3.0
11,XGBoost,61503,4965,0.08072776937710356,0.1642162942554081,0.7601348122342264,0.24381733057584115,0.8566899175649968,0.6463765887905352,0.25253953966825254,0.3955689828801611,0.8971841947009092,0.3082718568513577,0.23995685514527856,0.06775030426643365,0.24548940914944328,50725,5813,3001,1964,0.12644911630326977,5.0,1.0,5.0,20818.0,0.3384875534526771,training OOF predictions,82616.0,0.33582647718773373,2.0
11,Explainable Boosting Machine,61503,4965,0.08072776937710356,0.08825518273649532,0.7597653488459328,0.24162306275850928,0.7293302765718745,0.693309170775071,0.17800441014332966,0.6503524672708962,0.7362658742792458,0.2795066003029647,0.23095852594499217,0.06783799192635101,0.24579932002966196,41627,14911,1736,3229,0.2949449620343723,10.0,1.0,10.0,32271.0,0.5247061118969807,training OOF predictions,128279.0,0.5214423921173296,1.0
11,Logistic regression,61503,4965,0.08072776937710356,0.08910536225839626,0.7438311877649899,0.21822569876877956,0.7149569939677739,0.6775913459375343,0.16671971143645237,0.633031218529708,0.7221514733453607,0.2639291262543561,0.20986417912127825,0.0688873812664785,0.25053456969455734,40829,15709,1822,3143,0.3065216330910687,10.0,1.0,10.0,33929.0,0.5516641464644001,training OOF predictions,133603.0,0.5430839647491138,3.0
11,XGBoost,61503,4965,0.08072776937710356,0.08710046569742874,0.7601348122342264,0.24381733057584115,0.712566866656911,0.6936531257377467,0.17195644320586262,0.6710976837865056,0.7162085676889879,0.2737655081751705,0.2271255399515166,0.06775030426643365,0.24548940914944328,40493,16045,1633,3332,0.3150578020584362,10.0,1.0,10.0,32375.0,0.5263970863209925,training OOF predictions,128057.0,0.5205399824395954,2.0
11,Explainable Boosting Machine,61503,4965,0.08072776937710356,0.04892182193638947,0.7597653488459328,0.24162306275850928,0.5210314943986473,0.6678331147278536,0.12734686425463287,0.8429003021148036,0.49276592734090346,0.22126467167177752,0.1833147399641005,0.06783799192635101,0.24579932002966196,27860,28678,780,4185,0.5343316586182788,20.0,1.0,20.0,44278.0,0.7199323610230395,training OOF predictions,172777.0,0.7023226886930506,2.0
11,Logistic regression,61503,4965,0.08072776937710356,0.04829909478435542,0.7438311877649899,0.21822569876877956,0.4903012861161244,0.6541501162921304,0.12114075648352911,0.8495468277945619,0.45875340478969895,0.21204504323346068,0.1694611255030527,0.0688873812664785,0.25053456969455734,25937,30601,747,4218,0.5661349852852706,20.0,1.0,20.0,45541.0,0.7404679446531064,training OOF predictions,181238.0,0.7367158791584013,3.0
11,XGBoost,61503,4965,0.08072776937710356,0.04790844197958707,0.7601348122342264,0.24381733057584115,0.5113083914605792,0.6662190891798142,0.1259652365761307,0.850956696878147,0.48148148148148145,0.21944632005401757,0.18187316394137343,0.06775030426643365,0.24548940914944328,27222,29316,740,4225,0.5453555111132791,20.0,1.0,20.0,44116.0,0.7172983431702519,training OOF predictions,173302.0,0.7044567656336379,1.0
12,Explainable Boosting Machine,61503,4965,0.08072776937710356,0.5271716389309826,0.7668187874390605,0.24847670470712194,0.919662455489976,0.5099495470735989,0.5638297872340425,0.021349446122860022,0.9985496480243377,0.041141082864350864,0.0981975976190835,0.06753711712590584,0.24403966801202273,56456,82,4859,106,0.003056761458790628,1.0,1.0,1.0,4941.0,0.0803375445100239,training OOF predictions,19797.0,0.08047299274820331,2.0
12,Logistic regression,61503,4965,0.08072776937710356,0.5166079763206777,0.7501789615283212,0.22789169859275762,0.9194673430564363,0.503596853662788,0.59375,0.007653575025176234,0.9995401323003997,0.015112348379399483,0.06078137992117635,0.06847451355374906,0.24868842250166656,56512,26,4927,38,0.0010405996455457457,1.0,1.0,1.0,4953.0,0.08053265694356374,training OOF predictions,19844.0,0.0806640434457416,3.0
12,XGBoost,61503,4965,0.08072776937710356,0.48061757926976995,0.7687722900374788,0.2510677431739864,0.9198738272929776,0.5105238206231694,0.6,0.022356495468277945,0.9986911457780607,0.04310679611650486,0.10470162571585417,0.0673987611230673,0.24336938299041638,56464,74,4854,111,0.003007983350405671,1.0,1.0,1.0,4928.0,0.08012617270702242,training OOF predictions,19790.0,0.08044453838899548,1.0
12,Explainable Boosting Machine,61503,4965,0.08072776937710356,0.32664157799880195,0.7668187874390605,0.24847670470712194,0.9149960164544819,0.5490246113113347,0.4047791455467053,0.11258811681772407,0.9854611058049454,0.17617396785376616,0.18028535648818636,0.06753711712590584,0.24403966801202273,55716,822,4406,559,0.022454189226541795,2.0,1.0,2.0,9634.0,0.15664276539355804,training OOF predictions,38458.0,0.15632824948782154,2.0
12,Logistic regression,61503,4965,0.08072776937710356,0.3830198747457849,0.7501789615283212,0.22789169859275762,0.9181991122384274,0.5181560320524474,0.43037974683544306,0.04108761329305136,0.9952244508118434,0.07501378929950359,0.11311585586761742,0.06847451355374906,0.24868842250166656,56268,270,4761,204,0.00770694112482318,2.0,1.0,2.0,9792.0,0.15921174576849909,training OOF predictions,39078.0,0.15884849273194368,3.0
12,XGBoost,61503,4965,0.08072776937710356,0.33981821100298737,0.7687722900374788,0.2510677431739864,0.9167357689868787,0.542805694194499,0.43023255813953487,0.09687814702920443,0.9887332413597935,0.1581456518165379,0.17457254780385695,0.0673987611230673,0.24336938299041638,55901,637,4484,481,0.018177975058127245,2.0,1.0,2.0,9605.0,0.15617124367917012,training OOF predictions,38417.0,0.15616158824103282,1.0
12,Explainable Boosting Machine,61503,4965,0.08072776937710356,0.16247389309718557,0.7668187874390605,0.24847670470712194,0.8624132156154984,0.642048772052783,0.25925925925925924,0.37925478348439073,0.9048427606211752,0.3079816813869807,0.23981672294121198,0.06753711712590584,0.24403966801202273,51158,5380,3082,1883,0.11809180039998049,5.0,1.0,5.0,20790.0,0.33803229110775085,training OOF predictions,83071.0,0.33767601053624274,1.0
12,Logistic regression,61503,4965,0.08072776937710356,0.16132177508866008,0.7501789615283212,0.22789169859275762,0.8611937629058745,0.6324749528135984,0.25,0.35971802618328297,0.9052318794439138,0.29498719960360065,0.2252615997343442,0.06847451355374906,0.24868842250166656,51180,5358,3179,1786,0.11615693543404387,5.0,1.0,5.0,21253.0,0.34556037916849586,training OOF predictions,85437.0,0.34729358394848947,3.0
12,XGBoost,61503,4965,0.08072776937710356,0.17454886831029992,0.7687722900374788,0.2510677431739864,0.8658439425719071,0.6376682035844886,0.2624349334875651,0.36555891238670696,0.9097774947822703,0.3055298375557613,0.23742223144977506,0.0673987611230673,0.24336938299041638,51437,5101,3150,1815,0.11244979919678715,5.0,1.0,5.0,20851.0,0.3390241126449116,training OOF predictions,82793.0,0.33654596598484604,2.0
12,Explainable Boosting Machine,61503,4965,0.08072776937710356,0.09349845122559569,0.7668187874390605,0.24847670470712194,0.7455246085556803,0.6960545584986875,0.1859275805313896,0.6370594159113797,0.7550497010859952,0.28784638485689584,0.23879378357729944,0.06753711712590584,0.24403966801202273,42689,13849,1802,3163,0.27660439328162856,10.0,1.0,10.0,31869.0,0.5181698453733964,training OOF predictions,128680.99999999999,0.5230764853175506,2.0
12,Logistic regression,61503,4965,0.08072776937710356,0.10095608621859685,0.7501789615283212,0.22789169859275762,0.7551989333853634,0.6815663213544371,0.18439982485769688,0.5937562940584089,0.7693763486504652,0.28140511645666283,0.2255431312755418,0.06847451355374906,0.24868842250166656,43499,13039,2017,2948,0.25993853958343494,10.0,1.0,10.0,33209.0,0.5399574004520105,training OOF predictions,134236.0,0.5456570518031933,3.0
12,XGBoost,61503,4965,0.08072776937710356,0.09149815359833362,0.7687722900374788,0.2510677431739864,0.7276555615173244,0.7009413822043491,0.1802593738130121,0.6690835850956697,0.7327991793130284,0.28400444558433785,0.23898505399758052,0.0673987611230673,0.24336938299041638,41431,15107,1643,3322,0.2996439198087898,10.0,1.0,10.0,31537.0,0.5127717347121279,training OOF predictions,128474.00000000003,0.5222350492666906,1.0
12,Explainable Boosting Machine,61503,4965,0.08072776937710356,0.05168975346508146,0.7668187874390605,0.24847670470712194,0.5413882249646359,0.6800076498559,0.13266951161688004,0.8453172205438066,0.5146980791679933,0.22934426229508198,0.1962292816413647,0.06753711712590584,0.24403966801202273,29100,27438,768,4197,0.5143651529193698,20.0,1.0,20.0,42798.0,0.6958684942197941,training OOF predictions,174600.0,0.7097330168124614,1.0
12,Logistic regression,61503,4965,0.08072776937710356,0.04436915483189573,0.7501789615283212,0.22789169859275762,0.4533437393297888,0.6468173158196733,0.11659084827401658,0.8775427995971803,0.4160918320421663,0.20583441596787527,0.1638211300115022,0.06847451355374906,0.24868842250166656,23525,33013,608,4357,0.6076126367819455,20.0,1.0,20.0,45173.0,0.7344844966912183,training OOF predictions,181742.0,0.7387645930213652,3.0
12,XGBoost,61503,4965,0.08072776937710356,0.04586950014263439,0.7687722900374788,0.2510677431739864,0.4894232801651952,0.6660738402394176,0.12386535014085309,0.8767371601208459,0.4554105203579893,0.21706392739603073,0.1828390482237292,0.0673987611230673,0.24336938299041638,25748,30790,612,4353,0.571403020990846,20.0,1.0,20.0,43030.0,0.6996406679348974,training OOF predictions,174546.0,0.7095135117557153,2.0
13,Explainable Boosting Machine,61503,4965,0.08072776937710356,0.5914892674485677,0.7656608392177625,0.24232612434045242,0.9192071931450498,0.5040983851836035,0.4787234042553192,0.00906344410876133,0.9991333262584456,0.017790077090334058,0.057160060028982475,0.06774651212944446,0.24476045764837803,56489,49,4920,45,0.001528380729395314,1.0,1.0,1.0,4969.0,0.08079280685495016,training OOF predictions,19783.0,0.08041608402978764,3.0
13,Logistic regression,61503,4965,0.08072776937710356,0.5081692478920307,0.748301316260411,0.22138466030997966,0.919337268100743,0.5038935500856628,0.525,0.008459214501510574,0.999327885669815,0.016650148662041626,0.058856590858725404,0.0687516923555236,0.24957814555266714,56500,38,4923,42,0.0013007495569321821,1.0,1.0,1.0,4961.0,0.08066273189925695,training OOF predictions,19825.0,0.08058681018503464,2.0
13,XGBoost,61503,4965,0.08072776937710356,0.4828325673341969,0.7660381166876973,0.24424682546682794,0.9196136773815912,0.5104741841943803,0.5517241379310345,0.02255790533736153,0.9983904630513991,0.043343653250773995,0.099495123071299,0.0676234697477674,0.24426102487817805,56447,91,4853,112,0.0033006520007154124,1.0,1.0,1.0,4944.0,0.08038632261840886,training OOF predictions,19775.0,0.08038356476212155,1.0
13,Explainable Boosting Machine,61503,4965,0.08072776937710356,0.34231935640704825,0.7656608392177625,0.24232612434045242,0.9156138724940247,0.5407257039326223,0.4025974025974026,0.09365558912386707,0.9877958187413775,0.15196078431372548,0.1634579355678791,0.06774651212944446,0.24476045764837803,55848,690,4500,465,0.01877957172820838,2.0,1.0,2.0,9690.0,0.15755329008341057,training OOF predictions,38377.0,0.15599899190270236,2.0
13,Logistic regression,61503,4965,0.08072776937710356,0.31930546354955114,0.748301316260411,0.22138466030997966,0.9145732728484789,0.5344643107718158,0.3680365296803653,0.0811681772406848,0.9877604443029467,0.133003300330033,0.1419956867118754,0.0687516923555236,0.24957814555266714,55846,692,4562,403,0.017804009560509242,2.0,1.0,2.0,9816.0,0.15960197063557877,training OOF predictions,39018.0,0.15860459822444797,3.0
13,XGBoost,61503,4965,0.08072776937710356,0.33092956010524455,0.7660381166876973,0.24424682546682794,0.9157439474497179,0.5458488256808591,0.41368337311058073,0.10473313192346426,0.9869645194382539,0.1671488267438123,0.17654536164632348,0.0676234697477674,0.24426102487817805,55801,737,4445,520,0.02043802741329691,2.0,1.0,2.0,9627.0,0.15652894980732648,training OOF predictions,38440.0,0.15625508113557282,1.0
13,Explainable Boosting Machine,61503,4965,0.08072776937710356,0.15555897438851138,0.7656608392177625,0.24232612434045242,0.8564785457619953,0.6467209284903055,0.25243589743589745,0.3965760322255791,0.896865824755032,0.3084998041519781,0.2402178825721968,0.06774651212944446,0.24476045764837803,50707,5831,2996,1969,0.12682308180088775,5.0,1.0,5.0,20811.0,0.33837373786644553,training OOF predictions,82980.0,0.3373061038665409,2.0
13,Logistic regression,61503,4965,0.08072776937710356,0.16247227036094253,0.748301316260411,0.22138466030997966,0.8603157569549453,0.6267613023735393,0.2440711462450593,0.3482376636455186,0.90528494110156,0.28699477135031953,0.21633758667015388,0.0687516923555236,0.24957814555266714,51183,5355,3236,1729,0.11518137326634473,5.0,1.0,5.0,21535.0,0.3501455213566818,training OOF predictions,85306.0,0.3467610809404572,3.0
13,XGBoost,61503,4965,0.08072776937710356,0.162962466983937,0.7660381166876973,0.24424682546682794,0.856072061525454,0.6475103128243882,0.2523257295781827,0.3987915407854985,0.8962290848632778,0.3090852325944427,0.2408913768333496,0.0676234697477674,0.24426102487817805,50671,5867,2985,1980,0.1275872721655854,5.0,1.0,5.0,20792.0,0.33806480984667414,training OOF predictions,82944.0,0.3371597671620435,1.0
13,Explainable Boosting Machine,61503,4965,0.08072776937710356,0.09189157916875264,0.7656608392177625,0.24232612434045242,0.7395899387021772,0.694847590140428,0.18282532575627117,0.6414904330312186,0.7482047472496374,0.2845528455284553,0.2356067324217121,0.06774651212944446,0.24476045764837803,42302,14236,1780,3185,0.2832544753914443,10.0,1.0,10.0,32036.0,0.5208851600734924,training OOF predictions,128744.0,0.5233325745504211,1.0
13,Logistic regression,61503,4965,0.08072776937710356,0.09533977402299695,0.748301316260411,0.22138466030997966,0.7373624050859308,0.6825207953071479,0.17694617694617695,0.6171198388721048,0.7479217517421911,0.2750325389345182,0.22110631585888907,0.0687516923555236,0.24957814555266714,42286,14252,1901,3064,0.28154724159797084,10.0,1.0,10.0,33262.0,0.540819147033478,training OOF predictions,133822.0,0.5439741797014731,3.0
13,XGBoost,61503,4965,0.08072776937710356,0.08527304974549693,0.7660381166876973,0.24424682546682794,0.7057216721135554,0.6960846748634906,0.17052980132450332,0.6845921450151058,0.7075772047118752,0.27304494517411737,0.22826158055901666,0.0676234697477674,0.24426102487817805,40005,16533,1566,3399,0.3240817521096532,10.0,1.0,10.0,32193.0,0.5234378810789717,training OOF predictions,128454.0,0.5221537510975253,2.0
13,Explainable Boosting Machine,61503,4965,0.08072776937710356,0.052089994475453094,0.7656608392177625,0.24232612434045242,0.5441523177731168,0.6813273408393403,0.13333969041034932,0.8449144008056395,0.5177402808730411,0.23032998407730743,0.19763891146296456,0.06774651212944446,0.24476045764837803,29272,27266,770,4195,0.5115360226330423,20.0,1.0,20.0,42666.0,0.693722257450856,training OOF predictions,174028.0,0.7074078891743358,1.0
13,Logistic regression,61503,4965,0.08072776937710356,0.04610428279160474,0.748301316260411,0.22138466030997966,0.4693917369884396,0.6514121988804364,0.11881078995949632,0.8684793554884189,0.4343450422724539,0.20902612826603326,0.16773467524166807,0.0687516923555236,0.24957814555266714,24557,31981,653,4312,0.5901012958717461,20.0,1.0,20.0,45041.0,0.7323382599222802,training OOF predictions,180992.0,0.735715911677669,3.0
13,XGBoost,61503,4965,0.08072776937710356,0.047265158352879616,0.7660381166876973,0.24424682546682794,0.5056338715184625,0.6703897140965214,0.12640977443609022,0.8668680765357503,0.4739113516572924,0.22064440058442059,0.18674401412103236,0.0676234697477674,0.24426102487817805,26794,29744,661,4304,0.5535990114303367,20.0,1.0,20.0,42964.0,0.6985675495504284,training OOF predictions,173370.0,0.7047331794087998,2.0
14,Explainable Boosting Machine,61503,4965,0.08072776937710356,0.559509594134978,0.7625336462385874,0.24501740306474457,0.9193210087312814,0.5073754368235507,0.5095541401273885,0.016112789526686808,0.9986380841204145,0.031237797735259663,0.07963511999037777,0.06768227015636508,0.2450587169609628,56461,77,4885,80,0.0025527210054794077,1.0,1.0,1.0,4962.0,0.0806789912687186,training OOF predictions,19779.0,0.0803998243959546,2.0
14,Logistic regression,61503,4965,0.08072776937710356,0.5388221084027287,0.7460325786109616,0.22598411154988873,0.9194673430564363,0.5029538243882493,0.62,0.006243705941591138,0.9996639428349074,0.012362911266201395,0.05646612277139127,0.06862956566998768,0.2496808790979287,56519,19,4934,31,0.0008129684730826138,1.0,1.0,1.0,4953.0,0.08053265694356374,training OOF predictions,19841.0,0.08065184872036682,1.0
14,XGBoost,61503,4965,0.08072776937710356,0.5051590190760868,0.7634611779075269,0.24575439477537514,0.9191746744061265,0.5067446763874768,0.4805194805194805,0.014904330312185297,0.9985850224627684,0.028911896854854464,0.07352869451817,0.06756258531898007,0.2446502656952292,56458,80,4891,74,0.0025039428970944507,1.0,1.0,1.0,4971.0,0.08082532559387347,training OOF predictions,19756.0,0.08030633150141459,3.0
14,Explainable Boosting Machine,61503,4965,0.08072776937710356,0.3335609616293789,0.7625336462385874,0.24501740306474457,0.9155325756467164,0.5498676183779933,0.41544117647058826,0.11379657603222558,0.985938660723761,0.17865612648221343,0.18476362409337635,0.06768227015636508,0.2450587169609628,55743,795,4400,565,0.022112742467847096,2.0,1.0,2.0,9595.0,0.1560086499845536,training OOF predictions,38436.0,0.1562388215017398,2.0
14,Logistic regression,61503,4965,0.08072776937710356,0.3397954802782467,0.7460325786109616,0.22598411154988873,0.9166056940311855,0.5312522797008754,0.4063926940639269,0.0717019133937563,0.9908026460079946,0.12189693545625749,0.14369989570549574,0.06862956566998768,0.2496808790979287,56018,520,4609,356,0.014243207648407395,2.0,1.0,2.0,9738.0,0.15833373981756987,training OOF predictions,39060.0,0.15877532437969497,3.0
14,XGBoost,61503,4965,0.08072776937710356,0.34111945731229104,0.7634611779075269,0.24575439477537514,0.9166056940311855,0.5456745077155284,0.43109243697478994,0.10332326283987915,0.9880257525911776,0.16669374492282696,0.18065699074653577,0.06756258531898007,0.2446502656952292,55861,677,4452,513,0.01934864965936621,2.0,1.0,2.0,9581.0,0.15578101881209047,training OOF predictions,38329.0,0.1558038762967058,1.0
14,Explainable Boosting Machine,61503,4965,0.08072776937710356,0.16702031981655083,0.7625336462385874,0.24501740306474457,0.8649659366209779,0.6404057950383663,0.2627840909090909,0.3726082578046324,0.9082033322721002,0.3082049146189088,0.24027454652157137,0.06768227015636508,0.2450587169609628,51348,5190,3115,1850,0.11446596101003204,5.0,1.0,5.0,20765.0,0.3376258068712095,training OOF predictions,83130.0,0.33791584013528014,2.0
14,Logistic regression,61503,4965,0.08072776937710356,0.16045361142638312,0.7460325786109616,0.22598411154988873,0.8571614392793847,0.6294549857064826,0.2409818280444806,0.35790533736153074,0.9010046340514344,0.28802982413485695,0.21712611184803224,0.06862956566998768,0.2496808790979287,50941,5597,3188,1777,0.1198965904102239,5.0,1.0,5.0,21537.0,0.3501780400956051,training OOF predictions,85436.0,0.3472895190400312,3.0
14,XGBoost,61503,4965,0.08072776937710356,0.17753276226206235,0.7634611779075269,0.24575439477537514,0.8664943173503732,0.6391242838680057,0.2647826086956522,0.36797583081570995,0.9102727369203014,0.30796460176991153,0.24017620987786878,0.06756258531898007,0.2446502656952292,51465,5073,3138,1827,0.1121896492854007,5.0,1.0,5.0,20763.0,0.33759328813228623,training OOF predictions,83249.0,0.3383995642418133,1.0
14,Explainable Boosting Machine,61503,4965,0.08072776937710356,0.08881713256271644,0.7625336462385874,0.24501740306474457,0.7272328179113214,0.6925357904354145,0.17688898615746568,0.6511581067472306,0.7339134741235983,0.2782032527321229,0.22953363509351926,0.06768227015636508,0.2450587169609628,41494,15044,1732,3233,0.29717249565061865,10.0,1.0,10.0,32364.0,0.5262182332569143,training OOF predictions,128254.0,0.5213407694058729,1.0
14,Logistic regression,61503,4965,0.08072776937710356,0.09214439039266871,0.7460325786109616,0.22598411154988873,0.725850771507081,0.6797502500523938,0.17138121546961327,0.6247734138972809,0.7347270862075065,0.268978972469109,0.2148969166137283,0.06862956566998768,0.2496808790979287,41540,14998,1863,3102,0.29429458725590624,10.0,1.0,10.0,33628.0,0.5467700762564428,training OOF predictions,133581.0,0.5429945367630321,3.0
14,XGBoost,61503,4965,0.08072776937710356,0.08561020753651967,0.7634611779075269,0.24575439477537514,0.7046160349901631,0.6941053895361555,0.16945418127190787,0.6815709969788519,0.7066397820934592,0.2714257068377782,0.2258456622142988,0.06756258531898007,0.2446502656952292,39952,16586,1581,3384,0.32469960814919596,10.0,1.0,10.0,32396.0,0.5267385330796872,training OOF predictions,128319.0,0.52160498845566,2.0
14,Explainable Boosting Machine,61503,4965,0.08072776937710356,0.04851692627109327,0.7625336462385874,0.24501740306474457,0.5153894931954539,0.6717458428889738,0.1277201606618308,0.858207452165156,0.4852842336127914,0.2223497795287917,0.18782364934841486,0.06768227015636508,0.2450587169609628,27437,29101,704,4261,0.5424450839796433,20.0,1.0,20.0,43181.0,0.702095832723607,training OOF predictions,173160.0,0.7038795486325647,2.0
14,Logistic regression,61503,4965,0.08072776937710356,0.050185469258756124,0.7460325786109616,0.22598411154988873,0.5021868851925922,0.6572159258927959,0.12291997412830011,0.8420946626384693,0.4723371891471223,0.21452577028656455,0.17228523366205745,0.06862956566998768,0.2496808790979287,26705,29833,784,4181,0.5530461928686405,20.0,1.0,20.0,45513.0,0.7400126823081801,training OOF predictions,181236.0,0.7367077493414849,3.0
14,XGBoost,61503,4965,0.08072776937710356,0.04650723194775121,0.7634611779075269,0.24575439477537514,0.49730907435409655,0.6674234285012598,0.12490605307278718,0.8702920443101712,0.4645548126923485,0.2184585050178215,0.183876786023103,0.06756258531898007,0.2446502656952292,26265,30273,644,4321,0.5624766271563989,20.0,1.0,20.0,43153.0,0.7016405703786807,training OOF predictions,173804.0,0.7064973496796852,1.0
15,Explainable Boosting Machine,61503,4965,0.08072776937710356,0.5484794692688917,0.7680247707991101,0.2512995726528027,0.9195811586426679,0.5077006572271421,0.5655172413793104,0.01651560926485398,0.9988857051894301,0.03209393346379648,0.0865103435330154,0.06739432144385486,0.24369015975709934,56475,63,4883,82,0.00235760857193958,1.0,1.0,1.0,4946.0,0.08041884135733217,training OOF predictions,19798.0,0.08047705765666158,2.0
15,Logistic regression,61503,4965,0.08072776937710356,0.5376134886630104,0.7528845895231031,0.22723776329637463,0.919434824317513,0.5025686918692975,0.6136363636363636,0.005438066465256798,0.9996993172733383,0.010780594929127571,0.05234229621148433,0.06848565498553737,0.24856786499624473,56521,17,4938,27,0.0007154122563127002,1.0,1.0,1.0,4955.0,0.08056517568248703,training OOF predictions,19843.0,0.08065997853728334,3.0
15,XGBoost,61503,4965,0.08072776937710356,0.5114802670566244,0.7713623811264796,0.256610847701141,0.9197437523372843,0.5054006988749326,0.6746987951807228,0.011278952668680765,0.9995224450811844,0.022187004754358162,0.08015227501353711,0.06715211283104612,0.24260464977596996,56511,27,4909,56,0.001349527665317139,1.0,1.0,1.0,4936.0,0.08025624766271564,training OOF predictions,19770.0,0.08036324021983025,1.0
15,Explainable Boosting Machine,61503,4965,0.08072776937710356,0.3303791802743817,0.7680247707991101,0.2512995726528027,0.916394322228184,0.5505200523370695,0.43249427917620137,0.11419939577039274,0.9868407089037462,0.1806883365200765,0.19056928381900087,0.06739432144385486,0.24369015975709934,55794,744,4398,567,0.021316033364226137,2.0,1.0,2.0,9540.0,0.15511438466416272,training OOF predictions,38536.0,0.15664531234756593,1.0
15,Logistic regression,61503,4965,0.08072776937710356,0.3700122651793265,0.7528845895231031,0.22723776329637463,0.9178251467408094,0.5214433593789659,0.4223385689354276,0.048741188318227595,0.9941455304397042,0.08739617190321415,0.12160733384254045,0.06848565498553737,0.24856786499624473,56207,331,4723,242,0.009316618701526756,2.0,1.0,2.0,9777.0,0.1589678552265743,training OOF predictions,39029.0,0.15864931221748887,3.0
15,XGBoost,61503,4965,0.08072776937710356,0.3279571111492364,0.7713623811264796,0.256610847701141,0.9160040973611043,0.5470926593337914,0.4205533596837945,0.10715005035246727,0.9870352683151155,0.1707865168539326,0.18077256647209783,0.06715211283104612,0.24260464977596996,55805,733,4433,532,0.02056810236899013,2.0,1.0,2.0,9599.0,0.15607368746240022,training OOF predictions,38382.0,0.15601931644499367,2.0
15,Explainable Boosting Machine,61503,4965,0.08072776937710356,0.16793379396713443,0.7680247707991101,0.2512995726528027,0.8660390550054469,0.6417243638719471,0.2658082975679542,0.37421953675730113,0.909229190986593,0.3108322877457131,0.24328522233085084,0.06739432144385486,0.24369015975709934,51406,5132,3107,1858,0.11365299253694942,5.0,1.0,5.0,20667.0,0.3360323886639676,training OOF predictions,83076.0,0.337696335078534,2.0
15,Logistic regression,61503,4965,0.08072776937710356,0.16470084512067057,0.7528845895231031,0.22723776329637463,0.8616652846202624,0.6279546285956487,0.24732563115104836,0.34924471299093657,0.9066645442003608,0.2895791583166333,0.21936103464511664,0.06848565498553737,0.24856786499624473,51261,5277,3231,1734,0.11399443929564411,5.0,1.0,5.0,21432.0,0.3484708063021316,training OOF predictions,85434.0,0.3472813892231147,3.0
15,XGBoost,61503,4965,0.08072776937710356,0.178726616361057,0.7713623811264796,0.256610847701141,0.8705266409768629,0.641593083025517,0.2748573145088615,0.3685800604229607,0.9146061056280732,0.3148928847973845,0.2482912787123288,0.06715211283104612,0.24260464977596996,51710,4828,3135,1830,0.10825488187568086,5.0,1.0,5.0,20503.0,0.33336585207225666,training OOF predictions,83225.0,0.338302006438815,1.0
15,Explainable Boosting Machine,61503,4965,0.08072776937710356,0.08490893288451794,0.7680247707991101,0.2512995726528027,0.714810659642619,0.6990073034856432,0.17471157328366702,0.6801611278952668,0.7178534790760197,0.278011031530419,0.23356177552524535,0.06739432144385486,0.24369015975709934,40586,15952,1588,3377,0.31427735232427684,10.0,1.0,10.0,31832.0,0.5175682487033153,training OOF predictions,129207.0,0.5252146271665962,2.0
15,Logistic regression,61503,4965,0.08072776937710356,0.09750670026397322,0.7528845895231031,0.22723776329637463,0.7456872022502967,0.6864056941517503,0.1820726622989875,0.6157099697885197,0.757101418514981,0.2810388416455987,0.22796950938873722,0.06848565498553737,0.24856786499624473,42805,13733,1908,3057,0.2729948132611417,10.0,1.0,10.0,32813.0,0.5335186901451962,training OOF predictions,134480.0,0.5466488894670092,3.0
15,XGBoost,61503,4965,0.08072776937710356,0.08990355460452264,0.7713623811264796,0.256610847701141,0.7219485228362844,0.7018791735291474,0.17839728641085437,0.6779456193353475,0.7258127277229474,0.2824654890278186,0.23850928665297175,0.06715211283104612,0.24260464977596996,41036,15502,1599,3366,0.3067817830024552,10.0,1.0,10.0,31492.0,0.5120400630863535,training OOF predictions,129414.0,0.5260560632174563,1.0
15,Explainable Boosting Machine,61503,4965,0.08072776937710356,0.050132434860877255,0.7680247707991101,0.2512995726528027,0.526933645513227,0.6772899151109661,0.13031621522245374,0.8565961732124874,0.49798365700944497,0.2262173878354299,0.19355062879361637,0.06739432144385486,0.24369015975709934,28155,28383,712,4253,0.5306407817504837,20.0,1.0,20.0,42623.0,0.693023104564005,training OOF predictions,173908.0,0.7069201001593444,2.0
15,Logistic regression,61503,4965,0.08072776937710356,0.0445927385734153,0.7528845895231031,0.22723776329637463,0.4565956132221192,0.6510662935144333,0.11777347947560714,0.8829808660624371,0.41915172096642966,0.20782668468084098,0.1683838748269875,0.06848565498553737,0.24856786499624473,23698,32840,581,4384,0.6052387688405444,20.0,1.0,20.0,44460.0,0.7228915662650602,training OOF predictions,182129.0,0.7403377125947124,3.0
15,XGBoost,61503,4965,0.08072776937710356,0.04733728284648789,0.7713623811264796,0.256610847701141,0.5004633920296571,0.6714356218885056,0.12615384615384614,0.8753272910372608,0.46754395273975025,0.22052518076874286,0.18817355105919076,0.06715211283104612,0.24260464977596996,26434,30104,619,4346,0.5601352779539209,20.0,1.0,20.0,42484.0,0.6907630522088354,training OOF predictions,175241.99999999997,0.7123426880426652,1.0
16,Explainable Boosting Machine,61503,4965,0.08072776937710356,0.5607194002942126,0.7657369886634722,0.24923710450878026,0.9194836024258979,0.5074638729196277,0.54421768707483,0.016112789526686808,0.9988149563125686,0.03129890453834116,0.08327926672396525,0.06746022007640162,0.24398590307570941,56471,67,4885,80,0.0023901273108628846,1.0,1.0,1.0,4952.0,0.08051639757410207,training OOF predictions,19788.0,0.08043640857207895,2.0
16,Logistic regression,61503,4965,0.08072776937710356,0.5487046397296516,0.7475795174093001,0.22546124468530104,0.9191746744061265,0.5018760261659698,0.4375,0.004229607250755287,0.9995224450811844,0.008378216636744464,0.03660155225952339,0.06856112068516101,0.24927996424526352,56511,27,4944,21,0.0007804497341593093,1.0,1.0,1.0,4971.0,0.08082532559387347,training OOF predictions,19829.0,0.08060306981886768,3.0
16,XGBoost,61503,4965,0.08072776937710356,0.4851292105681083,0.7650504573793767,0.25100120738298926,0.9195161211648212,0.5088594800128545,0.5428571428571428,0.019133937562940583,0.9985850224627684,0.03696498054474708,0.0906190803119561,0.06737932154182741,0.24397085896527013,56458,80,4870,95,0.0028453896557891485,1.0,1.0,1.0,4950.0,0.08048387883517877,training OOF predictions,19757.0,0.08031039640987285,1.0
16,Explainable Boosting Machine,61503,4965,0.08072776937710356,0.33411674417111653,0.7657369886634722,0.24923710450878026,0.9155488350161781,0.5475799288642487,0.4125286478227655,0.10876132930513595,0.9863985284233613,0.17213898629263627,0.17961276807649618,0.06746022007640162,0.24398590307570941,55769,769,4425,540,0.02128351462530283,2.0,1.0,2.0,9619.0,0.15639887485163326,training OOF predictions,38545.0,0.15668189652369027,2.0
16,Logistic regression,61503,4965,0.08072776937710356,0.3339921354429461,0.7475795174093001,0.22546124468530104,0.9158902817748727,0.5307712995532027,0.3867102396514161,0.07150050352467271,0.9900420955817326,0.12068672446030937,0.13826166552070474,0.06856112068516101,0.24927996424526352,55975,563,4610,355,0.01492610116579679,2.0,1.0,2.0,9783.0,0.15906541144334424,training OOF predictions,39033.0,0.1586655718513219,3.0
16,XGBoost,61503,4965,0.08072776937710356,0.3382512706840191,0.7650504573793767,0.25100120738298926,0.9167032502479554,0.5440740655243609,0.43118466898954705,0.09969788519637462,0.9884502458523471,0.16194994274496974,0.1774252331746979,0.06737932154182741,0.24397085896527013,55885,653,4470,495,0.018665756141976814,2.0,1.0,2.0,9593.0,0.15597613124563028,training OOF predictions,38478.0,0.15640954765698675,1.0
16,Explainable Boosting Machine,61503,4965,0.08072776937710356,0.15827916614314583,0.7657369886634722,0.24923710450878026,0.8600230883046356,0.6497511712839927,0.2604522745201157,0.39899295065458207,0.9005093919134034,0.3151698353352955,0.2478389805877833,0.06746022007640162,0.24398590307570941,50913,5625,2984,1981,0.12366876412532722,5.0,1.0,5.0,20545.0,0.33404874558964603,training OOF predictions,83261.0,0.3384483431433124,1.0
16,Logistic regression,61503,4965,0.08072776937710356,0.16443414855949484,0.7475795174093001,0.22546124468530104,0.8628847373298864,0.630546987139842,0.2515047291487532,0.35347432024169184,0.9076196540379922,0.293896006028636,0.22426596870236903,0.06856112068516101,0.24927996424526352,51315,5223,3210,1755,0.11345788010340958,5.0,1.0,5.0,21273.0,0.3458855665577289,training OOF predictions,85543.0,0.3477244642450652,3.0
16,XGBoost,61503,4965,0.08072776937710356,0.1597511358375676,0.7650504573793767,0.25100120738298926,0.8522511097019657,0.6550775036846592,0.25144717800289434,0.4199395770392749,0.8902154303300435,0.314550803349174,0.24738780498103613,0.06737932154182741,0.24397085896527013,50331,6207,2880,2085,0.13482269157602067,5.0,1.0,5.0,20607.0,0.3350568264962685,training OOF predictions,83294.0,0.33858248512243505,2.0
16,Explainable Boosting Machine,61503,4965,0.08072776937710356,0.08893305178533042,0.7657369886634722,0.24923710450878026,0.7283059362957904,0.6946811111934021,0.178130994793094,0.6545820745216515,0.7347801478651527,0.2800517018526497,0.23220871077128905,0.06746022007640162,0.24398590307570941,41543,14995,1715,3250,0.2966521958278458,10.0,1.0,10.0,32145.0,0.5226574313448125,training OOF predictions,128393.00000000003,0.5219057916815715,1.0
16,Logistic regression,61503,4965,0.08072776937710356,0.09317974085846736,0.7475795174093001,0.22546124468530104,0.7290213485521031,0.6790863594776082,0.17229597266565844,0.6195367573011078,0.7386359616541087,0.26961171005346657,0.21496840017716348,0.06856112068516101,0.24927996424526352,41761,14777,1889,3076,0.29027852299887813,10.0,1.0,10.0,33667.0,0.5474041916654472,training OOF predictions,133603.0,0.5430839647491138,3.0
16,XGBoost,61503,4965,0.08072776937710356,0.0957822433049876,0.7650504573793767,0.25100120738298926,0.7375087394110856,0.6920621042618289,0.18083709244561183,0.637865055387714,0.7462591531359439,0.28178663582169233,0.23186984449536563,0.06737932154182741,0.24397085896527013,42192,14346,1798,3167,0.28475033738191635,10.0,1.0,10.0,32326.0,0.5256003772173715,training OOF predictions,128383.0,0.5218651425969887,2.0
16,Explainable Boosting Machine,61503,4965,0.08072776937710356,0.052616164363999025,0.7657369886634722,0.24923710450878026,0.5464123701282865,0.6802600694514579,0.13334612432847276,0.8398791540785498,0.5206409848243659,0.23015150260783176,0.19645147391388437,0.06746022007640162,0.24398590307570941,29436,27102,795,4170,0.50846300180479,20.0,1.0,20.0,43002.0,0.6991854055899712,training OOF predictions,173891.0,0.706850996715554,1.0
16,Logistic regression,61503,4965,0.08072776937710356,0.05089134872301851,0.7475795174093001,0.22546124468530104,0.5053249434986912,0.6576366839980041,0.12330956115171782,0.8392749244712991,0.47599844352470905,0.21502657515867693,0.17261776784865304,0.06856112068516101,0.24927996424526352,26912,29626,798,4167,0.5494528722176154,20.0,1.0,20.0,45586.0,0.7411996162788808,training OOF predictions,180901.0,0.7353460050079672,3.0
16,XGBoost,61503,4965,0.08072776937710356,0.05049771516584688,0.7650504573793767,0.25100120738298926,0.5268198299269954,0.6743803087707554,0.12958472729504927,0.8503524672708963,0.49840815027061447,0.22489745911681672,0.19035352314380305,0.06737932154182741,0.24397085896527013,28179,28359,743,4222,0.5297465164300929,20.0,1.0,20.0,43219.0,0.7027136887631498,training OOF predictions,174212.0,0.7081558323306559,2.0
17,Explainable Boosting Machine,61503,4965,0.08072776937710356,0.5310747705754416,0.7643295847471978,0.24122907082151532,0.9194998617953596,0.5086669137533786,0.5406976744186046,0.018731117824773415,0.9986027096819838,0.036207903445590814,0.08941699512680651,0.06781764106800835,0.24503466093377055,56459,79,4872,93,0.0027966115474041915,1.0,1.0,1.0,4951.0,0.08050013820464043,training OOF predictions,19773.0,0.08037543494520503,1.0
17,Logistic regression,61503,4965,0.08072776937710356,0.5293820606832492,0.7463443724024235,0.2196442360724938,0.9193535274702047,0.5030756417708636,0.5409836065573771,0.006646525679758308,0.9995047578619689,0.013131715081575806,0.053235091374258886,0.06881522556384657,0.24998063555260358,56510,28,4932,33,0.0009918215371607889,1.0,1.0,1.0,4960.0,0.08064647252979529,training OOF predictions,19832.0,0.08061526454424246,2.0
17,XGBoost,61503,4965,0.08072776937710356,0.4989510118002791,0.7658157813955178,0.24489395395469704,0.9192397118839731,0.5063207442012372,0.4928571428571429,0.013897280966767372,0.9987442074357069,0.02703232125367287,0.07226212821576723,0.06758006767616394,0.2442503721168452,56467,71,4896,69,0.002276311724631319,1.0,1.0,1.0,4967.0,0.08076028811602685,training OOF predictions,19740.0,0.0802412929660824,3.0
17,Explainable Boosting Machine,61503,4965,0.08072776937710356,0.3397299014637835,0.7643295847471978,0.24122907082151532,0.9151911288880217,0.542332996581504,0.3972153972153972,0.09768378650553877,0.9869822066574693,0.15680569026834787,0.1653435264559412,0.06781764106800835,0.24503466093377055,55802,736,4480,485,0.01985269011267743,2.0,1.0,2.0,9696.0,0.15765084630018047,training OOF predictions,38448.0,0.1562876004032389,2.0
17,Logistic regression,61503,4965,0.08072776937710356,0.38393287473397714,0.7463443724024235,0.2196442360724938,0.9177601092629628,0.5192033131421169,0.4120982986767486,0.04390735146022155,0.9944992748240121,0.07935930105569712,0.11330154381290697,0.06881522556384657,0.24998063555260358,56227,311,4747,218,0.008601206445214055,2.0,1.0,2.0,9805.0,0.15942311757150057,training OOF predictions,39028.0,0.1586452473090306,3.0
17,XGBoost,61503,4965,0.08072776937710356,0.3473744797116997,0.7658157813955178,0.24489395395469704,0.91704469700665,0.5385643791802086,0.4317048853439681,0.08721047331319234,0.9899182850472249,0.14510723860589814,0.1658891696675245,0.06758006767616394,0.2442503721168452,55968,570,4532,433,0.016308147570037235,2.0,1.0,2.0,9634.0,0.15664276539355804,training OOF predictions,38454.0,0.15631198985398848,1.0
17,Explainable Boosting Machine,61503,4965,0.08072776937710356,0.1549738775646509,0.7643295847471978,0.24122907082151532,0.8540558997122092,0.6485265157065179,0.24984408132717975,0.40342396777442097,0.8936290636386147,0.3085811123093514,0.24034651764382592,0.06781764106800835,0.24503466093377055,50524,6014,2962,2003,0.1303513649740663,5.0,1.0,5.0,20824.0,0.338585109669447,training OOF predictions,82897.0,0.3369687164645052,2.0
17,Logistic regression,61503,4965,0.08072776937710356,0.16140453958885406,0.7463443724024235,0.2196442360724938,0.8568850299985367,0.6293965056680858,0.2404977681590694,0.3581067472306143,0.9006862641055573,0.28774882667098234,0.21678701785102453,0.06881522556384657,0.24998063555260358,50923,5615,3187,1778,0.12020551842999529,5.0,1.0,5.0,21550.0,0.35038941189860656,training OOF predictions,85347.0,0.3469277421872459,3.0
17,XGBoost,61503,4965,0.08072776937710356,0.17118252491007868,0.7658157813955178,0.24489395395469704,0.86252703120173,0.6427537065945755,0.25997248968363135,0.3806646525679758,0.9048427606211752,0.3089497343686146,0.24090633270544914,0.06758006767616394,0.2442503721168452,51158,5380,3075,1890,0.11820561598621206,5.0,1.0,5.0,20755.0,0.337463213176593,training OOF predictions,82900.0,0.33698091118988,1.0
17,Explainable Boosting Machine,61503,4965,0.08072776937710356,0.08941084646655306,0.7643295847471978,0.24122907082151532,0.7285986049461002,0.6949321574912748,0.17834220198584672,0.6547834843907352,0.7350808305918144,0.2803311201172717,0.23256716001726016,0.06781764106800835,0.24503466093377055,41560,14978,1714,3251,0.29639204591645935,10.0,1.0,10.0,32118.0,0.5222184283693478,training OOF predictions,128579.0,0.522661864654808,2.0
17,Logistic regression,61503,4965,0.08072776937710356,0.089422047660553,0.7463443724024235,0.2196442360724938,0.7158187405492416,0.6809077583196992,0.16828376013997137,0.6392749244712991,0.7225405921680993,0.26643162931251574,0.21375480920852818,0.06881522556384657,0.24998063555260358,40851,15687,1791,3174,0.3066679674162236,10.0,1.0,10.0,33597.0,0.5462660358031316,training OOF predictions,133707.0,0.543506715228773,3.0
17,XGBoost,61503,4965,0.08072776937710356,0.08704124287354892,0.7658157813955178,0.24489395395469704,0.7113148952083638,0.6983001246441316,0.17322432294328052,0.6827794561933535,0.7138207930949096,0.2763399225596087,0.231958050544699,0.06758006767616394,0.2442503721168452,40358,16180,1575,3390,0.31819586036453507,10.0,1.0,10.0,31930.0,0.5191616669105572,training OOF predictions,128502.0,0.5223488667035219,1.0
17,Explainable Boosting Machine,61503,4965,0.08072776937710356,0.05058970405985223,0.7643295847471978,0.24122907082151532,0.5293725509324748,0.6753094488544934,0.13009810575677178,0.8493454179254784,0.5012734797835084,0.2256347146793654,0.19130858412521454,0.06781764106800835,0.24503466093377055,28341,28197,748,4217,0.527031201729997,20.0,1.0,20.0,43157.0,0.7017056078565274,training OOF predictions,173214.0,0.7040990536893109,2.0
17,Logistic regression,61503,4965,0.08072776937710356,0.04637352111510935,0.7463443724024235,0.2196442360724938,0.47150545501845437,0.6507246416307552,0.11881626664452011,0.8644511581067472,0.43699812515476316,0.20891744548286603,0.16680397212479006,0.06881522556384657,0.24998063555260358,24707,31831,673,4292,0.5873372030632652,20.0,1.0,20.0,45291.0,0.7364031022876932,training OOF predictions,180799.0,0.7349313843452245,3.0
17,XGBoost,61503,4965,0.08072776937710356,0.053106135459094095,0.7658157813955178,0.24489395395469704,0.5481683820301448,0.6805721500145505,0.13364365971107545,0.8384692849949648,0.5226750150341364,0.23054132631870414,0.19677991809108403,0.06758006767616394,0.2442503721168452,29551,26987,802,4163,0.5064793587304685,20.0,1.0,20.0,43027.0,0.6995918898265125,training OOF predictions,175337.0,0.7127288543462001,1.0
18,Explainable Boosting Machine,61503,4965,0.08072776937710356,0.5020208659240285,0.7698735322858724,0.24940527419275532,0.9192559712534348,0.5115656833320883,0.4980237154150198,0.025377643504531724,0.9977537231596448,0.04829436565733998,0.09845047886378669,0.06743843290198677,0.24341592335172987,56411,127,4839,126,0.004113620473798026,1.0,1.0,1.0,4966.0,0.08074402874656521,training OOF predictions,19783.0,0.08041608402978764,3.0
18,Logistic regression,61503,4965,0.08072776937710356,0.5639752583276217,0.7548121330547695,0.230391120537477,0.9192722306228964,0.5012860585490774,0.5,0.0028197381671701913,0.9997523789309845,0.005607850991387943,0.0328467419931088,0.06828698512509254,0.24778058460343982,56524,14,4951,14,0.00045526234492626377,1.0,1.0,1.0,4965.0,0.08072776937710356,training OOF predictions,19831.0,0.0806111996357842,2.0
18,XGBoost,61503,4965,0.08072776937710356,0.5091214572877616,0.77079493487915,0.25437954914930766,0.9195974180121295,0.5054129677133974,0.6063829787234043,0.011480362537764351,0.9993455728890304,0.022534097647756473,0.07549450468213288,0.06717858014912899,0.24269194713618836,56501,37,4908,57,0.001528380729395314,1.0,1.0,1.0,4945.0,0.08040258198787051,training OOF predictions,19752.0,0.08029007186758154,1.0
18,Explainable Boosting Machine,61503,4965,0.08072776937710356,0.314089556599142,0.7698735322858724,0.24940527419275532,0.9136790075280881,0.5543711263787615,0.39209535759096614,0.12588116817724068,0.9828610845802823,0.19057783198658332,0.1864395213308471,0.06743843290198677,0.24341592335172987,55569,969,4340,625,0.02591743492187373,2.0,1.0,2.0,9649.0,0.15688665593548282,training OOF predictions,38454.0,0.15631198985398848,2.0
18,Logistic regression,61503,4965,0.08072776937710356,0.3531330620519951,0.7548121330547695,0.230391120537477,0.9174024031348065,0.5270925503249478,0.42090784044016505,0.06163141993957704,0.9925536807103187,0.10751932536893886,0.13657665423556703,0.06828698512509254,0.24778058460343982,56117,421,4659,306,0.011820561598621205,2.0,1.0,2.0,9739.0,0.15834999918703152,training OOF predictions,39032.0,0.15866150694286366,3.0
18,XGBoost,61503,4965,0.08072776937710356,0.32773280137395766,0.77079493487915,0.25437954914930766,0.9154837975383314,0.5475445544258178,0.4112718964204113,0.10876132930513595,0.9863277795464997,0.17202930869703728,0.17921158867791517,0.06717858014912899,0.24269194713618836,55765,773,4425,540,0.02134855210314944,2.0,1.0,2.0,9623.0,0.15646391232947987,training OOF predictions,38437.0,0.15624288641019804,1.0
18,Explainable Boosting Machine,61503,4965,0.08072776937710356,0.16055716355682234,0.7698735322858724,0.24940527419275532,0.862153065704112,0.6476945377699077,0.262795408507765,0.3919436052366566,0.9034454703031589,0.31463217461600645,0.24726983588441975,0.06743843290198677,0.24341592335172987,51079,5459,3019,1946,0.12040063086353511,5.0,1.0,5.0,20554.0,0.3341950799148009,training OOF predictions,83372.0,0.3388995479821794,2.0
18,Logistic regression,61503,4965,0.08072776937710356,0.16428608397016697,0.7548121330547695,0.230391120537477,0.8640391525616636,0.6361353949684296,0.2578759800427655,0.36435045317220544,0.9079203367646539,0.3020033388981636,0.23332787576662783,0.06828698512509254,0.24778058460343982,51332,5206,3156,1809,0.11405947677349072,5.0,1.0,5.0,20986.0,0.3412191275222347,training OOF predictions,85707.0,0.3483911092322201,3.0
18,XGBoost,61503,4965,0.08072776937710356,0.16980464630154748,0.77079493487915,0.25437954914930766,0.8637139651724306,0.6466144364686307,0.2648961056832255,0.3877139979859013,0.9055148749513602,0.3147482014388489,0.24746579124183465,0.06717858014912899,0.24269194713618836,51196,5342,3040,1925,0.1181568378778271,5.0,1.0,5.0,20542.0,0.3339999674812611,training OOF predictions,83377.0,0.33891987252447076,1.0
18,Explainable Boosting Machine,61503,4965,0.08072776937710356,0.0870866841211455,0.7698735322858724,0.24940527419275532,0.7278506739508642,0.7010475055196415,0.18037682575880978,0.6690835850956697,0.7330114259436131,0.2841502010093234,0.23915584482002056,0.06743843290198677,0.24341592335172987,41443,15095,1643,3322,0.29944880737525,10.0,1.0,10.0,31525.0,0.512576622278588,training OOF predictions,129141.99999999997,0.524950408116809,2.0
18,Logistic regression,61503,4965,0.08072776937710356,0.09657524417338471,0.7548121330547695,0.230391120537477,0.7435084467424353,0.6871497382879349,0.18142166686313804,0.6199395770392749,0.7543598995365949,0.2806985545574757,0.22813864393908087,0.06828698512509254,0.24778058460343982,42650,13888,1887,3078,0.27585646228639255,10.0,1.0,10.0,32758.0,0.5326244248248053,training OOF predictions,134525.0,0.546831810347631,3.0
18,XGBoost,61503,4965,0.08072776937710356,0.08829179515275688,0.77079493487915,0.25437954914930766,0.7189567988553404,0.7047531542831018,0.1783289817232376,0.6878147029204431,0.7216916056457604,0.28322620775450963,0.2409150689658404,0.06717858014912899,0.24269194713618836,40803,15735,1550,3415,0.31136692519064113,10.0,1.0,10.0,31235.0,0.5078614051347089,training OOF predictions,128828.0,0.5236740268609151,1.0
18,Explainable Boosting Machine,61503,4965,0.08072776937710356,0.05430924999777456,0.7698735322858724,0.24940527419275532,0.5620864022893192,0.688509725138476,0.13751567553296812,0.8392749244712991,0.5377445258056528,0.2363115660532509,0.20543465135218086,0.06743843290198677,0.24341592335172987,30403,26135,798,4167,0.4926914134269873,20.0,1.0,20.0,42095.0,0.6844381574882527,training OOF predictions,174182.0,0.7080338850769081,1.0
18,Logistic regression,61503,4965,0.08072776937710356,0.04554886173600091,0.7548121330547695,0.230391120537477,0.46430255434694245,0.6527779086952614,0.11873228689775453,0.8775427995971803,0.42801301779334255,0.2091644463647056,0.1696773671985972,0.06828698512509254,0.24778058460343982,24199,32339,608,4357,0.596653821764792,20.0,1.0,20.0,44499.0,0.7235256816740647,training OOF predictions,182194.0,0.7406019316444994,3.0
18,XGBoost,61503,4965,0.08072776937710356,0.050145452452344495,0.77079493487915,0.25437954914930766,0.5248199274832122,0.6757728005622292,0.1297087734293913,0.8557905337361531,0.4957550673883052,0.22527370569678976,0.19194273084243496,0.06717858014912899,0.24269194713618836,28029,28509,716,4249,0.5326244248248053,20.0,1.0,20.0,42829.0,0.6963725346731053,training OOF predictions,174404.0,0.7089362947546421,2.0
19,Explainable Boosting Machine,61503,4965,0.08072776937710356,0.4920319220846302,0.766478398419272,0.2473206532304122,0.9192722306228964,0.5141466440398507,0.5,0.031017119838872106,0.9972761682408292,0.0584107718566281,0.10918926457805553,0.06759011212033024,0.24410011279106525,56384,154,4811,154,0.005007885794188901,1.0,1.0,1.0,4965.0,0.08072776937710356,training OOF predictions,19743.0,0.08025348769145718,3.0
19,Logistic regression,61503,4965,0.08072776937710356,0.5262039225119569,0.7491489882643431,0.2248434576332795,0.9193210087312814,0.5030579545516483,0.5238095238095238,0.006646525679758308,0.9994693834235382,0.013126491646778043,0.05208287998854231,0.06858029664495989,0.2490563006010662,56508,30,4932,33,0.0010243402760840934,1.0,1.0,1.0,4962.0,0.0806789912687186,training OOF predictions,19837.0,0.08063558908653377,2.0
19,XGBoost,61503,4965,0.08072776937710356,0.46991525953208235,0.765352992543902,0.24966510769525796,0.9194998617953596,0.5112390308515332,0.5307017543859649,0.024370594159113797,0.9981074675439527,0.04660119391488542,0.10075801957482293,0.06746623183767704,0.24406961063266713,56431,107,4844,121,0.0037071362372567192,1.0,1.0,1.0,4951.0,0.08050013820464043,training OOF predictions,19778.0,0.08039575948749635,1.0
19,Explainable Boosting Machine,61503,4965,0.08072776937710356,0.3387177342850199,0.766478398419272,0.2473206532304122,0.915597613124563,0.5454936492195875,0.4103174603174603,0.1041289023162135,0.9868583961229616,0.16610441767068274,0.17497340748574028,0.06759011212033024,0.24410011279106525,55795,743,4448,517,0.020486805521681868,2.0,1.0,2.0,9639.0,0.1567240622408663,training OOF predictions,38426.0,0.15619817241715717,2.0
19,Logistic regression,61503,4965,0.08072776937710356,0.36010641735127424,0.7491489882643431,0.2248434576332795,0.91704469700665,0.5249689030899626,0.4031117397454031,0.05740181268882175,0.9925359934911033,0.10049365303244005,0.1276180477072283,0.06858029664495989,0.2490563006010662,56116,422,4680,285,0.01149537420938816,2.0,1.0,2.0,9782.0,0.15904915207388257,training OOF predictions,39043.0,0.15870622093590453,3.0
19,XGBoost,61503,4965,0.08072776937710356,0.34668764838102956,0.765352992543902,0.24966510769525796,0.9168008064647253,0.5405445355095774,0.42857142857142855,0.09184290030211481,0.9892461707170399,0.1512688671421463,0.169419237656721,0.06746623183767704,0.24406961063266713,55930,608,4509,456,0.017299969107198023,2.0,1.0,2.0,9626.0,0.1565126904378648,training OOF predictions,38418.0,0.15616565314949107,1.0
19,Explainable Boosting Machine,61503,4965,0.08072776937710356,0.1522225500644467,0.766478398419272,0.2473206532304122,0.8520397378989643,0.6545950914600227,0.2508135470652043,0.4191339375629406,0.8900562453571049,0.3138289850701252,0.2465554990548845,0.06759011212033024,0.24410011279106525,50322,6216,2884,2081,0.13490398842332893,5.0,1.0,5.0,20636.0,0.3355283482106564,training OOF predictions,82944.0,0.3371597671620435,1.0
19,Logistic regression,61503,4965,0.08072776937710356,0.16395941292785957,0.7491489882643431,0.2248434576332795,0.8604620912801002,0.6298723185828338,0.24674415347990478,0.35488418932527693,0.9048604478403905,0.29109532463241367,0.22087634502183698,0.06858029664495989,0.2490563006010662,51159,5379,3203,1762,0.1161081573256589,5.0,1.0,5.0,21394.0,0.34785295026258883,training OOF predictions,85437.0,0.34729358394848947,3.0
19,XGBoost,61503,4965,0.08072776937710356,0.1729536826333324,0.765352992543902,0.24966510769525796,0.8639578557143553,0.6437156668899211,0.26328973003061507,0.381067472306143,0.9063638614736991,0.31141469837873426,0.24375439965682547,0.06746623183767704,0.24406961063266713,51244,5294,3073,1892,0.11683982895143326,5.0,1.0,5.0,20659.0,0.3359023137082744,training OOF predictions,82916.0,0.3370459497252122,2.0
19,Explainable Boosting Machine,61503,4965,0.08072776937710356,0.0827474706613103,0.766478398419272,0.2473206532304122,0.7076890558184153,0.6987163941499015,0.17213403880070546,0.6880161127895267,0.7094166755102763,0.27537283353486497,0.23158945535736766,0.06759011212033024,0.24410011279106525,40109,16429,1549,3416,0.32266718696648944,10.0,1.0,10.0,31919.0,0.518982813846479,training OOF predictions,128683.0,0.5230846151344671,1.0
19,Logistic regression,61503,4965,0.08072776937710356,0.08862397096780511,0.7491489882643431,0.2248434576332795,0.7146318065785409,0.680905204092876,0.1678805150939413,0.6406847935548842,0.7211256146308678,0.2660477564504663,0.2134783894808271,0.06858029664495989,0.2490563006010662,40771,15767,1784,3181,0.30808253255938733,10.0,1.0,10.0,33607.0,0.5464286294977481,training OOF predictions,133528.0,0.5427790966147442,3.0
19,XGBoost,61503,4965,0.08072776937710356,0.08798375249684293,0.765352992543902,0.24966510769525796,0.7146480659480026,0.6960711663166094,0.17357472635783577,0.6739174219536758,0.718224910679543,0.27604983087204027,0.23028406108502447,0.06746623183767704,0.24406961063266713,40607,15931,1619,3346,0.31343186511227095,10.0,1.0,10.0,32121.0,0.5222672064777328,training OOF predictions,128937.99999999999,0.5241211667913238,2.0
19,Explainable Boosting Machine,61503,4965,0.08072776937710356,0.04983391448992019,0.766478398419272,0.2473206532304122,0.5290961416516268,0.678557976513724,0.13087217351176741,0.856797583081571,0.5003183699458771,0.22706164931945558,0.1948857077329072,0.06759011212033024,0.24410011279106525,28287,28251,711,4254,0.5285108043510073,20.0,1.0,20.0,42471.0,0.6905516804058338,training OOF predictions,174174.99999999997,0.7080054307177002,1.0
19,Logistic regression,61503,4965,0.08072776937710356,0.0479566516314335,0.7491489882643431,0.2248434576332795,0.48735834024356534,0.6563157372754351,0.12140128841001083,0.8578046324269889,0.4548268421238813,0.21270007740904437,0.17204646295278306,0.06858029664495989,0.2490563006010662,25715,30823,706,4259,0.5704111994536852,20.0,1.0,20.0,44943.0,0.7307448417150383,training OOF predictions,181078.0,0.7360654938050795,3.0
19,XGBoost,61503,4965,0.08072776937710356,0.05336407344557781,0.765352992543902,0.24966510769525796,0.5472090792319074,0.6801422383726305,0.13341450129761942,0.8386706948640483,0.5216137818812127,0.23020787262273332,0.19631685214652,0.06746623183767704,0.24406961063266713,29491,27047,801,4164,0.5074711802676293,20.0,1.0,20.0,43067.0,0.7002422646049786,training OOF predictions,174048.0,0.707489187343501,2.0
20,Explainable Boosting Machine,61503,4965,0.08072776937710356,0.5581749706022701,0.7607492961537654,0.2384382222463702,0.9193047493618197,0.5060805346648657,0.5076923076923077,0.013293051359516616,0.9988680179702147,0.02590775269872424,0.0721342065409722,0.06797783092258829,0.24596333331841627,56474,64,4899,66,0.002113718030014796,1.0,1.0,1.0,4963.0,0.08069525063818025,training OOF predictions,19781.0,0.08040795421287113,2.0
20,Logistic regression,61503,4965,0.08072776937710356,0.48162165976181576,0.7443111651025501,0.21927393958789235,0.9191258962977416,0.5047890577350378,0.4608695652173913,0.010674723061430011,0.9989033924086456,0.020866141732283464,0.060397540428931404,0.06889779398312715,0.25044083326143857,56476,62,4912,53,0.0018698274880900119,1.0,1.0,1.0,4974.0,0.08087410370225842,training OOF predictions,19827.0,0.08059494000195115,3.0
20,XGBoost,61503,4965,0.08072776937710356,0.5153106265060927,0.7618063898205405,0.23897950161800408,0.9193535274702047,0.5051884522443478,0.5233644859813084,0.011278952668680765,0.9990979518200148,0.022082018927444796,0.06783217442708901,0.06789812590469196,0.24562680984692958,56487,51,4909,56,0.0017397525323967938,1.0,1.0,1.0,4960.0,0.08064647252979529,training OOF predictions,19756.0,0.08030633150141459,1.0
20,Explainable Boosting Machine,61503,4965,0.08072776937710356,0.33434615429270814,0.7607492961537654,0.2384382222463702,0.9152073882574834,0.5453732639139368,0.40279937791601866,0.10433031218529708,0.9864162156425766,0.16573348264277715,0.17277457055353995,0.06797783092258829,0.24596333331841627,55770,768,4447,518,0.020909549127684827,2.0,1.0,2.0,9662.0,0.1570980277384843,training OOF predictions,38449.0,0.1562916653116972,2.0
20,Logistic regression,61503,4965,0.08072776937710356,0.30881560759189775,0.7443111651025501,0.21927393958789235,0.9142968635676308,0.5384477290305192,0.37271214642262895,0.09023162134944612,0.9866638367115922,0.1452894438138479,0.1513268683170156,0.06889779398312715,0.25044083326143857,55784,754,4517,448,0.019543762092906036,2.0,1.0,2.0,9788.0,0.1591467082906525,training OOF predictions,38996.0,0.15851517023836623,3.0
20,XGBoost,61503,4965,0.08072776937710356,0.3484431083712914,0.7618063898205405,0.23897950161800408,0.9166382127701088,0.538251427615082,0.42105263157894735,0.08700906344410876,0.9894937917860553,0.1442163244867301,0.16271915906086548,0.06789812590469196,0.24562680984692958,55944,594,4533,432,0.016682113067655237,2.0,1.0,2.0,9660.0,0.157065508999561,training OOF predictions,38398.0,0.15608435498032586,1.0
20,Explainable Boosting Machine,61503,4965,0.08072776937710356,0.15696953808981862,0.7607492961537654,0.2384382222463702,0.8556818366583744,0.6434398905465714,0.24887633234878645,0.3903323262839879,0.8965474548091549,0.30395232120451693,0.23501353121242005,0.06797783092258829,0.24596333331841627,50689,5849,3027,1938,0.1266117099978863,5.0,1.0,5.0,20984.0,0.34118660878331136,training OOF predictions,82810.0,0.33661506942863645,1.0
20,Logistic regression,61503,4965,0.08072776937710356,0.1662015068051687,0.7443111651025501,0.21927393958789235,0.863600149586199,0.6232197546681166,0.24697014484185634,0.3365558912386707,0.9098836180975627,0.28488619896002043,0.21455255481340316,0.06889779398312715,0.25044083326143857,51443,5095,3294,1671,0.11001089377753931,5.0,1.0,5.0,21565.0,0.35063330244053137,training OOF predictions,85299.0,0.34673262658124937,3.0
20,XGBoost,61503,4965,0.08072776937710356,0.16880496595145175,0.7618063898205405,0.23897950161800408,0.8592263792010146,0.6387537820457947,0.2513131313131313,0.3758308157099698,0.9016767483816195,0.30121065375302664,0.23203106464443715,0.06789812590469196,0.24562680984692958,50979,5559,3099,1866,0.12072581825276815,5.0,1.0,5.0,21054.0,0.34232476464562706,training OOF predictions,82781.0,0.33649718708334686,2.0
20,Explainable Boosting Machine,61503,4965,0.08072776937710356,0.08800502357580417,0.7607492961537654,0.2384382222463702,0.7255743622262328,0.6933791074291771,0.17657598957484932,0.6549848942598188,0.7317733205985355,0.2781626892481396,0.2300339100862317,0.06797783092258829,0.24596333331841627,41373,15165,1713,3252,0.29944880737525,10.0,1.0,10.0,32295.0,0.5250963367640603,training OOF predictions,128069.0,0.5205887613410946,1.0
20,Logistic regression,61503,4965,0.08072776937710356,0.09359979745142152,0.7443111651025501,0.21927393958789235,0.7298830951335707,0.6741352526157046,0.17062549485352335,0.6076535750251763,0.740616930206233,0.2664370556806641,0.2096233745273468,0.06889779398312715,0.25044083326143857,41873,14665,1948,3017,0.28749817082093554,10.0,1.0,10.0,34145.0,0.555176170268117,training OOF predictions,133418.0,0.5423319566843354,3.0
20,XGBoost,61503,4965,0.08072776937710356,0.09101581422556872,0.7618063898205405,0.23897950161800408,0.7251190998813066,0.6928559023853593,0.17620261402462173,0.654380664652568,0.7313311401181506,0.27764484703469494,0.22933319012831904,0.06789812590469196,0.24562680984692958,41348,15190,1716,3249,0.2998065135034063,10.0,1.0,10.0,32350.0,0.5259906020844511,training OOF predictions,128129.0,0.5208326558485903,2.0
20,Explainable Boosting Machine,61503,4965,0.08072776937710356,0.05024681348593372,0.7607492961537654,0.2384382222463702,0.5297139976911696,0.6748521353817164,0.1300225454770067,0.8479355488418933,0.5017687219215395,0.225471293916024,0.19079788500952144,0.06797783092258829,0.24596333331841627,28369,28169,755,4210,0.526462123798839,20.0,1.0,20.0,43269.0,0.7035266572362324,training OOF predictions,173147.0,0.7038267048226073,1.0
20,Logistic regression,61503,4965,0.08072776937710356,0.04855390427385822,0.7443111651025501,0.21927393958789235,0.48830138367234116,0.6546239948342633,0.12108302836230558,0.8529707955689829,0.45627719409954365,0.2120627926191132,0.1701012846082663,0.06889779398312715,0.25044083326143857,25797,30741,730,4235,0.56868770629075,20.0,1.0,20.0,45341.0,0.7372160707607759,training OOF predictions,180922.0,0.7354313680855907,3.0
20,XGBoost,61503,4965,0.08072776937710356,0.047521723445968396,0.7618063898205405,0.23897950161800408,0.5061053932328504,0.6688089522764626,0.1260778716265929,0.8628398791540786,0.4747780253988468,0.22000821692686934,0.1849669970918421,0.06789812590469196,0.24562680984692958,26843,29695,681,4284,0.5524771149374827,20.0,1.0,20.0,43315.0,0.7042745882314684,training OOF predictions,173888.0,0.7068388019901792,2.0
21,Explainable Boosting Machine,61503,4965,0.08072776937710356,0.5448186714541574,0.7630061960127914,0.250064291269131,0.9198250491845926,0.5098542605198076,0.5977011494252874,0.02094662638469285,0.9987618946549224,0.040474800544853085,0.10108257964613461,0.0675475503575552,0.24475995566646858,56468,70,4861,104,0.002829130286327496,1.0,1.0,1.0,4931.0,0.08017495081540738,training OOF predictions,19787.0,0.08043234366362069,1.0
21,Logistic regression,61503,4965,0.08072776937710356,0.5110395435582021,0.7486570555778027,0.22987323679867672,0.9194185649480513,0.5041214907835695,0.5569620253164557,0.008862034239677744,0.9993809473274612,0.017446471054718478,0.06269480888121516,0.06846415824034914,0.24893240810865042,56503,35,4921,44,0.0012844901874705299,1.0,1.0,1.0,4956.0,0.08058143505194869,training OOF predictions,19841.0,0.08065184872036682,3.0
21,XGBoost,61503,4965,0.08072776937710356,0.5143526756175673,0.7636357327711611,0.25117156951469827,0.9197762710762076,0.5061532766936208,0.6597938144329897,0.012890231621349446,0.999416321765892,0.025286448044251283,0.08448410661650452,0.06750319455334154,0.24458389709265835,56505,33,4901,64,0.0015771588377802709,1.0,1.0,1.0,4934.0,0.08022372892379233,training OOF predictions,19781.0,0.08040795421287113,2.0
21,Explainable Boosting Machine,61503,4965,0.08072776937710356,0.3304246537449915,0.7630061960127914,0.250064291269131,0.9150285351934052,0.551889999603507,0.40943789035392086,0.11883182275931521,0.9849481764476989,0.18420231033406181,0.1869009999711725,0.0675475503575552,0.24475995566646858,55687,851,4375,590,0.02342975139424093,2.0,1.0,2.0,9601.0,0.1561062062013235,training OOF predictions,38444.0,0.15627134076940588,2.0
21,Logistic regression,61503,4965,0.08072776937710356,0.3321778193158605,0.7486570555778027,0.22987323679867672,0.9166219534006471,0.5347518536579787,0.41430073606729756,0.07935548841893253,0.990148218897025,0.13319810682893848,0.15345580189272473,0.06846415824034914,0.24893240810865042,55981,557,4571,394,0.015462660358031316,2.0,1.0,2.0,9699.0,0.15769962440856544,training OOF predictions,39094.0,0.15891353126727586,3.0
21,XGBoost,61503,4965,0.08072776937710356,0.3388992248596659,0.7636357327711611,0.25117156951469827,0.916768287725802,0.543466410688253,0.431858407079646,0.09828801611278953,0.9886448052637165,0.1601312551271534,0.1763408872890337,0.06750319455334154,0.24458389709265835,55896,642,4477,488,0.018373087491667075,2.0,1.0,2.0,9596.0,0.15602490935401525,training OOF predictions,38459.0,0.1563323143962798,1.0
21,Explainable Boosting Machine,61503,4965,0.08072776937710356,0.16778751471950892,0.7630061960127914,0.250064291269131,0.8637952620197389,0.6389423032222052,0.2595150831688751,0.3707955689828802,0.9070890374615302,0.3053321170909694,0.23698091534179055,0.0675475503575552,0.24475995566646858,51285,5253,3124,1841,0.11534396696096125,5.0,1.0,5.0,20873.0,0.339381818773068,training OOF predictions,83022.0,0.3374768300217879,2.0
21,Logistic regression,61503,4965,0.08072776937710356,0.15955857684776492,0.7486570555778027,0.22987323679867672,0.8574053298213096,0.6338132607975664,0.24466514561803784,0.3671701913393756,0.9004563302557572,0.29365335051546393,0.2234322355741858,0.06846415824034914,0.24893240810865042,50910,5628,3142,1823,0.12114856185877111,5.0,1.0,5.0,21338.0,0.3469424255727363,training OOF predictions,85510.0,0.34759032226594255,3.0
21,XGBoost,61503,4965,0.08072776937710356,0.16720980529112628,0.7636357327711611,0.25117156951469827,0.8573402923434629,0.6448012453512271,0.25250162443144897,0.39133937562940585,0.8982631150730482,0.30695102685624015,0.2384538851100831,0.06750319455334154,0.24458389709265835,50786,5752,3022,1943,0.12511584800741427,5.0,1.0,5.0,20862.0,0.3392029657089898,training OOF predictions,82836.0,0.33672075704855126,1.0
21,Explainable Boosting Machine,61503,4965,0.08072776937710356,0.09091420912946237,0.7630061960127914,0.250064291269131,0.7343219029966018,0.6914310926779295,0.1792702870354706,0.640281973816717,0.7425802115391418,0.28011278526742445,0.23024644889346305,0.0675475503575552,0.24475995566646858,41984,14554,1786,3179,0.28832739866347984,10.0,1.0,10.0,32414.0,0.527031201729997,training OOF predictions,128511.99999999997,0.5223895157881043,2.0
21,Logistic regression,61503,4965,0.08072776937710356,0.09332557010757257,0.7486570555778027,0.22987323679867672,0.7269889273693966,0.6783483535763825,0.17124430112309574,0.6203423967774421,0.7363543103753228,0.2683978911594266,0.21361521310631895,0.06846415824034914,0.24893240810865042,41632,14906,1885,3080,0.2924410191372779,10.0,1.0,10.0,33756.0,0.5488512755475342,training OOF predictions,133630.0,0.5431937172774869,3.0
21,XGBoost,61503,4965,0.08072776937710356,0.08852439548017534,0.7636357327711611,0.25117156951469827,0.7133960944994553,0.698697216074444,0.17409657160506536,0.6811681772406848,0.7162262549082034,0.2773154032225001,0.2328828723162133,0.06750319455334154,0.24458389709265835,40494,16044,1583,3382,0.31585451116205715,10.0,1.0,10.0,31874.0,0.5182511422207047,training OOF predictions,128684.0,0.5230886800429254,1.0
21,Explainable Boosting Machine,61503,4965,0.08072776937710356,0.05267563405007851,0.7630061960127914,0.250064291269131,0.5469814480594443,0.6807533184375955,0.13354246022854582,0.840281973816717,0.5212246630584739,0.2304590399381318,0.19698576580031638,0.0675475503575552,0.24475995566646858,29469,27069,793,4172,0.5079589613514788,20.0,1.0,20.0,42929.0,0.6979984716192706,training OOF predictions,173729.0,0.7061924815453156,1.0
21,Logistic regression,61503,4965,0.08072776937710356,0.0502556836823976,0.7486570555778027,0.22987323679867672,0.49976423914280604,0.6601238490082172,0.12339804408115604,0.8513595166163141,0.4688881814001203,0.2155532891381948,0.17562509112610272,0.06846415824034914,0.24893240810865042,26510,30028,738,4227,0.5569647009088987,20.0,1.0,20.0,44788.0,0.7282246394484821,training OOF predictions,181530.00000000003,0.7379028324282139,3.0
21,XGBoost,61503,4965,0.08072776937710356,0.046090606172984806,0.7636357327711611,0.25117156951469827,0.4907077703526657,0.6630061710761278,0.12326339260190955,0.8684793554884189,0.45753298666383674,0.2158860490149448,0.17932738830822972,0.06750319455334154,0.24458389709265835,25868,30670,653,4312,0.5687852625075199,20.0,1.0,20.0,43730.0,0.711022226558054,training OOF predictions,174354.99999999997,0.7087371142401871,2.0
22,Explainable Boosting Machine,61503,4965,0.08072776937710356,0.5261205664270965,0.764378371548236,0.25296273806151226,0.9199876428792091,0.5123310910641711,0.6018518518518519,0.026183282980866064,0.998478899147476,0.05018336228527311,0.11356651286206354,0.06741392908697291,0.24426735978572434,56452,86,4835,130,0.003512023803716892,1.0,1.0,1.0,4921.0,0.08001235712079086,training OOF predictions,19807.0,0.08051364183278592,1.0
22,Logistic regression,61503,4965,0.08072776937710356,0.5758994451981236,0.7454566913030216,0.2258903413633599,0.919386046209128,0.502082854415804,0.5945945945945946,0.004431017119838872,0.9997346917117691,0.008796481407437025,0.046280753417393794,0.06862674911627303,0.24984987071548884,56523,15,4943,22,0.0006015966700811343,1.0,1.0,1.0,4958.0,0.080613953790872,training OOF predictions,19843.0,0.08065997853728334,3.0
22,XGBoost,61503,4965,0.08072776937710356,0.5182974172172006,0.7647083316990914,0.2525932510224557,0.919711233598361,0.507128376829465,0.6097560975609756,0.015105740181268883,0.999151013477661,0.0294811320754717,0.08693296553806235,0.06741189926800786,0.24416227213137343,56490,48,4890,75,0.0019999024437832302,1.0,1.0,1.0,4938.0,0.08028876640163894,training OOF predictions,19778.0,0.08039575948749635,2.0
22,Explainable Boosting Machine,61503,4965,0.08072776937710356,0.32081745631952563,0.764378371548236,0.25296273806151226,0.9147196071736338,0.5546615334188518,0.40813648293963256,0.12527693856998992,0.9840461282677138,0.19170904607797812,0.19157973127886133,0.06741392908697291,0.24426735978572434,55636,902,4343,622,0.02477927905955807,2.0,1.0,2.0,9588.0,0.15589483439832202,training OOF predictions,38482.0,0.1564258072908198,2.0
22,Logistic regression,61503,4965,0.08072776937710356,0.31926734684980496,0.7454566913030216,0.2258903413633599,0.9149309789766353,0.5364042353569329,0.37983798379837985,0.08499496475327291,0.9878135059605929,0.13890717577353523,0.14892411249993043,0.06862674911627303,0.24984987071548884,55849,689,4543,422,0.01806415947189568,2.0,1.0,2.0,9775.0,0.158935336487651,training OOF predictions,39011.0,0.15857614386524016,3.0
22,XGBoost,61503,4965,0.08072776937710356,0.3223203352662863,0.7647083316990914,0.2525932510224557,0.915321203843715,0.5550806082992708,0.41840161182001345,0.12547834843907352,0.9846828681594679,0.19305856832971802,0.1952472541243931,0.06741189926800786,0.24416227213137343,55672,866,4342,623,0.02421020112840024,2.0,1.0,2.0,9550.0,0.15527697835877924,training OOF predictions,38378.0,0.1560030568111606,1.0
22,Explainable Boosting Machine,61503,4965,0.08072776937710356,0.16071071771281834,0.764378371548236,0.25296273806151226,0.8617140627286474,0.6451592271871476,0.260227580601463,0.38690835850956695,0.9034100958647282,0.3111687049485705,0.24335180033874645,0.06741392908697291,0.24426735978572434,51077,5461,3044,1921,0.1200266653659171,5.0,1.0,5.0,20681.0,0.3362600198364307,training OOF predictions,82834.0,0.33671262723163475,1.0
22,Logistic regression,61503,4965,0.08072776937710356,0.1621437887310666,0.7454566913030216,0.2258903413633599,0.8610474285807196,0.632303499002195,0.24961543840022374,0.3595166163141994,0.9050903816901906,0.2946517002310994,0.22487440077133936,0.06862674911627303,0.24984987071548884,51172,5366,3180,1785,0.11627075102027544,5.0,1.0,5.0,21266.0,0.3457717509714973,training OOF predictions,85368.0,0.34701310526486945,3.0
22,XGBoost,61503,4965,0.08072776937710356,0.16293160862102124,0.7647083316990914,0.2525932510224557,0.8550152025104466,0.6439040544770627,0.24815192454754015,0.3921450151057402,0.8956630938483852,0.30395753649207713,0.23501497038015218,0.06741189926800786,0.24416227213137343,50639,5899,3018,1947,0.12757101279612376,5.0,1.0,5.0,20989.0,0.34126790563061965,training OOF predictions,82978.0,0.3372979740496244,2.0
22,Explainable Boosting Machine,61503,4965,0.08072776937710356,0.08738480253734122,0.764378371548236,0.25296273806151226,0.7277693771035559,0.6986148930233165,0.1794229722373435,0.6638469284994964,0.7333828575471364,0.28249410756374543,0.23643525921622124,0.06741392908697291,0.24426735978572434,41464,15074,1669,3296,0.2986846170105523,10.0,1.0,10.0,31764.0,0.5164626115799229,training OOF predictions,128532.0,0.5224708139572697,1.0
22,Logistic regression,61503,4965,0.08072776937710356,0.09530996382866734,0.7454566913030216,0.2258903413633599,0.7386468952734013,0.6791775421690558,0.17610356288996443,0.608257804632427,0.7500972797056846,0.2731301438003075,0.21769959522083587,0.06862674911627303,0.24984987071548884,42409,14129,1945,3020,0.2788319268978749,10.0,1.0,10.0,33579.0,0.5459733671528219,training OOF predictions,133778.0,0.5437953237293096,3.0
22,XGBoost,61503,4965,0.08072776937710356,0.08646625516246564,0.7647083316990914,0.2525932510224557,0.7129083134156058,0.698340046461279,0.17379459237174874,0.6809667673716012,0.7157133255509569,0.2769155166059216,0.23237422893840623,0.06741189926800786,0.24416227213137343,40465,16073,1584,3381,0.3163097735069834,10.0,1.0,10.0,31913.0,0.5188852576297092,training OOF predictions,128612.99999999999,0.5228000715423888,2.0
22,Explainable Boosting Machine,61503,4965,0.08072776937710356,0.05350894334188479,0.764378371548236,0.25296273806151226,0.5581516348795994,0.6812253374171038,0.13508806519453206,0.8279959718026183,0.5344547030315894,0.2322795717151171,0.19748581051560535,0.06741392908697291,0.24426735978572434,30217,26321,854,4111,0.4948051314570021,20.0,1.0,20.0,43401.0,0.7056728940051705,training OOF predictions,173455.0,0.7050786966277519,2.0
22,Logistic regression,61503,4965,0.08072776937710356,0.0475582806078108,0.7454566913030216,0.2258903413633599,0.4837650195925402,0.6514217371542429,0.11995232554839808,0.8513595166163141,0.45148395769217164,0.21027758431996815,0.16678456031087022,0.06862674911627303,0.24984987071548884,25526,31012,738,4227,0.5729639204591646,20.0,1.0,20.0,45772.0,0.744223858998748,training OOF predictions,180258.0,0.7327322688693051,3.0
22,XGBoost,61503,4965,0.08072776937710356,0.047543954022158844,0.7647083316990914,0.2525932510224557,0.511503503894119,0.6700915268174045,0.1269227336288715,0.859214501510574,0.480968552124235,0.2211737868104521,0.18614954422661295,0.06741189926800786,0.24416227213137343,27193,29345,699,4266,0.5464936669755946,20.0,1.0,20.0,43325.0,0.704437181926085,training OOF predictions,174109.0,0.707737146759455,1.0
23,Explainable Boosting Machine,61503,4965,0.08072776937710356,0.5488778852600624,0.7615828540061302,0.2468585773524063,0.9193047493618197,0.5069072865892725,0.5067567567567568,0.015105740181268883,0.9987088329972762,0.029336984158028555,0.07680888850960477,0.06763910806977742,0.24516390423597378,56465,73,4890,75,0.002406386680324537,1.0,1.0,1.0,4963.0,0.08069525063818025,training OOF predictions,19782.0,0.08041201912132939,2.0
23,Logistic regression,61503,4965,0.08072776937710356,0.5777229955325925,0.7434393650954467,0.2245401456108081,0.9192397118839731,0.5008090647051915,0.45,0.0018126888217522659,0.9998054405886306,0.0036108324974924774,0.024448407500700382,0.06866877852019163,0.25025689827092723,56527,11,4956,9,0.00032518738923304554,1.0,1.0,1.0,4967.0,0.08076028811602685,training OOF predictions,19848.0,0.08068030307957465,3.0
23,XGBoost,61503,4965,0.08072776937710356,0.497268204033737,0.7626235393482917,0.24768098002207733,0.9194185649480513,0.5077040824559992,0.5286624203821656,0.016717019133937562,0.9986911457780607,0.032409215150331905,0.08318361955731568,0.06760684109327889,0.24485053808497276,56464,74,4882,83,0.0025527210054794077,1.0,1.0,1.0,4956.0,0.08058143505194869,training OOF predictions,19759.0,0.08031852622678937,1.0
23,Explainable Boosting Machine,61503,4965,0.08072776937710356,0.3373208032382989,0.7615828540061302,0.2468585773524063,0.916394322228184,0.5484991031885194,0.43014996053670085,0.10976837865055387,0.9872298277264848,0.17490372272143775,0.1860275134535585,0.06763910806977742,0.24516390423597378,55816,722,4420,545,0.020600621107913435,2.0,1.0,2.0,9562.0,0.15547209079231908,training OOF predictions,38501.0,0.15650304055152678,1.0
23,Logistic regression,61503,4965,0.08072776937710356,0.3628741146078487,0.7434393650954467,0.2245401456108081,0.9177763686324244,0.5249994202225725,0.42966360856269115,0.05659617321248741,0.9934026672326577,0.1000177967609895,0.13279269434637855,0.06866877852019163,0.25025689827092723,56165,373,4684,281,0.010633627627920588,2.0,1.0,2.0,9741.0,0.15838251792595484,training OOF predictions,39011.0,0.15857614386524016,3.0
23,XGBoost,61503,4965,0.08072776937710356,0.3449496585892384,0.7626235393482917,0.24768098002207733,0.9170772157455734,0.5413379061474468,0.4363807728557964,0.0932527693856999,0.9894230429091938,0.153667441088616,0.17297415294149643,0.06760684109327889,0.24485053808497276,55940,598,4502,463,0.017251190998813067,2.0,1.0,2.0,9602.0,0.15612246557078516,training OOF predictions,38427.0,0.15620223732561542,2.0
23,Explainable Boosting Machine,61503,4965,0.08072776937710356,0.1588125567725361,0.7615828540061302,0.2468585773524063,0.8578280734273125,0.6471793641129422,0.25496044611593827,0.3959718026183283,0.898386925607556,0.3101924897443989,0.2421545131524657,0.06763910806977742,0.24516390423597378,50793,5745,2999,1966,0.12537599791880072,5.0,1.0,5.0,20740.0,0.33721932263466825,training OOF predictions,83027.0,0.3374971545640792,1.0
23,Logistic regression,61503,4965,0.08072776937710356,0.16151080667773063,0.7434393650954467,0.2245401456108081,0.8579418890135441,0.6319922894411363,0.24416711882799783,0.36253776435045315,0.9014468145318193,0.2918051390127259,0.22140769789542783,0.06866877852019163,0.25025689827092723,50966,5572,3165,1800,0.11986407167130059,5.0,1.0,5.0,21397.0,0.3479017283709738,training OOF predictions,85331.0,0.34686270365191374,3.0
23,XGBoost,61503,4965,0.08072776937710356,0.16643675231143912,0.7626235393482917,0.24768098002207733,0.8564297676536103,0.6440304192383937,0.25048418334409295,0.3907351460221551,0.8973256924546322,0.30527143981117233,0.23652758911545502,0.06760684109327889,0.24485053808497276,50733,5805,3025,1940,0.1259288164804969,5.0,1.0,5.0,20930.0,0.3403086028323822,training OOF predictions,83099.0,0.33778982797307405,2.0
23,Explainable Boosting Machine,61503,4965,0.08072776937710356,0.09092879199906878,0.7615828540061302,0.2468585773524063,0.7345983122774499,0.6940616898144809,0.18041643218908274,0.6457200402819738,0.7424033393469879,0.2820321090829118,0.23326592499772697,0.06763910806977742,0.24516390423597378,41974,14564,1759,3206,0.288928995333561,10.0,1.0,10.0,32154.0,0.5228037656699673,training OOF predictions,128404.00000000003,0.5219505056746123,1.0
23,Logistic regression,61503,4965,0.08072776937710356,0.09276926463148456,0.7434393650954467,0.2245401456108081,0.7264198494382388,0.6801516377135972,0.17174959871589085,0.6249748237663646,0.7353284516608298,0.26945119833275444,0.2154914894058218,0.06866877852019163,0.25025689827092723,41574,14964,1862,3103,0.2937580280636717,10.0,1.0,10.0,33584.0,0.54605466400013,training OOF predictions,133390.0,0.5422181392475042,3.0
23,XGBoost,61503,4965,0.08072776937710356,0.0930734319513796,0.7626235393482917,0.24768098002207733,0.7293627953107978,0.692867551369616,0.17784642541924095,0.6493454179254784,0.7363896848137536,0.27921881089507644,0.23047526310104394,0.06760684109327889,0.24485053808497276,41634,14904,1741,3224,0.2947498496008325,10.0,1.0,10.0,32314.0,0.5254052647838316,training OOF predictions,127817.00000000001,0.5195644044096127,2.0
23,Explainable Boosting Machine,61503,4965,0.08072776937710356,0.05049334609656875,0.7615828540061302,0.2468585773524063,0.5304294099474822,0.6740470569803119,0.12990188492370547,0.8453172205438066,0.502776893416817,0.22519718838868916,0.18989694013480204,0.06763910806977742,0.24516390423597378,28426,28112,768,4197,0.5253239679365235,20.0,1.0,20.0,43472.0,0.7068273092369478,training OOF predictions,172385.0,0.7007292445774121,1.0
23,Logistic regression,61503,4965,0.08072776937710356,0.04544714336809269,0.7434393650954467,0.2245401456108081,0.46204250199177277,0.6461288287886798,0.11705749380396002,0.8656596173212487,0.4265980402561109,0.20622810805623532,0.16231510194736445,0.06866877852019163,0.25025689827092723,24119,32419,667,4298,0.5969952685234866,20.0,1.0,20.0,45759.0,0.7440124871957465,training OOF predictions,180974.0,0.7356427433254203,3.0
23,XGBoost,61503,4965,0.08072776937710356,0.046702995537742,0.7626235393482917,0.24768098002207733,0.49917890184218655,0.6647659906087813,0.12445129218872641,0.8622356495468277,0.46729633167073475,0.21750838329438066,0.18081639799471957,0.06760684109327889,0.24485053808497276,26420,30118,684,4281,0.5593060501113767,20.0,1.0,20.0,43798.0,0.7121278636814464,training OOF predictions,172925.00000000003,0.7029242951448734,2.0
24,Explainable Boosting Machine,61503,4965,0.08072776937710356,0.6437625040249185,0.76240941534318,0.2424568080499515,0.9193535274702047,0.5031675030957977,0.5396825396825397,0.006847935548841893,0.9994870706427536,0.013524264120922832,0.0539487035583472,0.06779681808164884,0.24533278489811483,56509,29,4931,34,0.0010243402760840934,1.0,1.0,1.0,4960.0,0.08064647252979529,training OOF predictions,19797.0,0.08047299274820331,2.0
24,Logistic regression,61503,4965,0.08072776937710356,0.5285655619648194,0.7455535631161382,0.22482406842893626,0.9191421556672033,0.5028688135210294,0.4444444444444444,0.006445115810674723,0.9992925112313842,0.01270597577923367,0.04570904221619435,0.06862313388417812,0.24976038882689816,56498,40,4933,32,0.001170674601238964,1.0,1.0,1.0,4973.0,0.08085784433279677,training OOF predictions,19823.0,0.0805786803681181,3.0
24,XGBoost,61503,4965,0.08072776937710356,0.5156811140531983,0.7634046233357938,0.24534573201333432,0.9194185649480513,0.5066936078817241,0.5333333333333333,0.014501510574018127,0.9988857051894301,0.02823529411764706,0.07792597432768217,0.06763673985542826,0.2448034840316466,56475,63,4893,72,0.0021950148773230574,1.0,1.0,1.0,4956.0,0.08058143505194869,training OOF predictions,19747.0,0.08026974732529023,1.0
24,Explainable Boosting Machine,61503,4965,0.08072776937710356,0.3670057415146638,0.76240941534318,0.2424568080499515,0.916491878444954,0.5356915793553922,0.41284403669724773,0.08157099697885196,0.9898121617319325,0.136226034308779,0.1552152788587146,0.06779681808164884,0.24533278489811483,55962,576,4560,405,0.015950441441880885,2.0,1.0,2.0,9696.0,0.15765084630018047,training OOF predictions,38483.0,0.15642987219927806,2.0
24,Logistic regression,61503,4965,0.08072776937710356,0.361005121498047,0.7455535631161382,0.22482406842893626,0.9177438498935011,0.5253491783030936,0.4292168674698795,0.05740181268882175,0.9932965439173653,0.10126132527980103,0.13364375077700896,0.06862313388417812,0.24976038882689816,56159,379,4680,285,0.010796221322537112,2.0,1.0,2.0,9739.0,0.15834999918703152,training OOF predictions,39096.0,0.1589216610841924,3.0
24,XGBoost,61503,4965,0.08072776937710356,0.3352348473315601,0.7634046233357938,0.24534573201333432,0.9154025006910232,0.5457549712040315,0.40703125,0.10493454179254784,0.9865754006155152,0.166853482786229,0.17462722446306936,0.06763673985542826,0.2448034840316466,55779,759,4444,521,0.020811992910914914,2.0,1.0,2.0,9647.0,0.15685413719655952,training OOF predictions,38315.0,0.15574696757829012,1.0
24,Explainable Boosting Machine,61503,4965,0.08072776937710356,0.1605721849898751,0.76240941534318,0.2424568080499515,0.8578280734273125,0.645066553639458,0.25348988910632747,0.39133937562940585,0.89879373164951,0.307680126682502,0.23929112845680478,0.06779681808164884,0.24533278489811483,50816,5722,3022,1943,0.1246280669235647,5.0,1.0,5.0,20832.0,0.3387151846251402,training OOF predictions,83271.0,0.338488992227895,1.0
24,Logistic regression,61503,4965,0.08072776937710356,0.16284110845830285,0.7455535631161382,0.22482406842893626,0.8589337105507049,0.6310619684282603,0.24508861107294957,0.35931520644511583,0.9028087304114047,0.2914080365893499,0.2210573165559172,0.06862313388417812,0.24976038882689816,51043,5495,3181,1784,0.11835195031136693,5.0,1.0,5.0,21400.0,0.3479505064793587,training OOF predictions,85303.0,0.34674888621508243,3.0
24,XGBoost,61503,4965,0.08072776937710356,0.16342426258356962,0.7634046233357938,0.24534573201333432,0.8539420841259776,0.6478215811647253,0.2491885143570537,0.4020140986908359,0.8936290636386147,0.30766859344894026,0.23929462892982267,0.06763673985542826,0.2448034840316466,50524,6014,2969,1996,0.13023754938783474,5.0,1.0,5.0,20859.0,0.33915418760060484,training OOF predictions,82966.0,0.3372491951481253,2.0
24,Explainable Boosting Machine,61503,4965,0.08072776937710356,0.08970326477866784,0.76240941534318,0.2424568080499515,0.7298343170251858,0.6941344906225142,0.1785221566138734,0.6515609264853978,0.7367080547596306,0.2802564324698952,0.232015328455301,0.06779681808164884,0.24533278489811483,41652,14886,1730,3235,0.2946360340146009,10.0,1.0,10.0,32186.0,0.5233240654927402,training OOF predictions,128276.99999999999,0.5214342623004129,2.0
24,Logistic regression,61503,4965,0.08072776937710356,0.09753478107553466,0.7455535631161382,0.22482406842893626,0.74011023852495,0.6786874084846712,0.17650167341905937,0.6054380664652568,0.7519367505040857,0.2733224222585925,0.21756567983813602,0.06862313388417812,0.24976038882689816,42513,14025,1959,3006,0.27691332130139995,10.0,1.0,10.0,33615.0,0.5465587044534413,training OOF predictions,133793.0,0.5438562973561836,3.0
24,XGBoost,61503,4965,0.08072776937710356,0.09597161448861098,0.7634046233357938,0.24534573201333432,0.7378827049087037,0.6954806536554994,0.18234624145785877,0.6449144008056394,0.7460469065053592,0.28430632630410657,0.23580690498530002,0.06763673985542826,0.2448034840316466,42180,14358,1763,3202,0.285514527746614,10.0,1.0,10.0,31988.0,0.520104710339333,training OOF predictions,128013.0,0.5203611264674319,1.0
24,Explainable Boosting Machine,61503,4965,0.08072776937710356,0.05393835473368912,0.76240941534318,0.2424568080499515,0.5520868900704031,0.6803150654817192,0.13407006513919045,0.8332326283987915,0.5273975025646468,0.23097537825917033,0.19648441487265916,0.06779681808164884,0.24533278489811483,29818,26720,828,4137,0.5017153634782043,20.0,1.0,20.0,43280.0,0.7037055103003106,training OOF predictions,173209.0,0.7040787291470196,1.0
24,Logistic regression,61503,4965,0.08072776937710356,0.04614308288487437,0.7455535631161382,0.22482406842893626,0.46503422597271676,0.6470211623570234,0.11747953008187967,0.8640483383685801,0.42999398634546676,0.20683670025553252,0.16309617700378684,0.06862313388417812,0.24976038882689816,24311,32227,675,4290,0.5937433946311562,20.0,1.0,20.0,45727.0,0.7434921873729736,training OOF predictions,180514.0,0.73377288543462,3.0
24,XGBoost,61503,4965,0.08072776937710356,0.04702481897928525,0.7634046233357938,0.24534573201333432,0.49973172040388275,0.6664445932094545,0.12490187527256869,0.8652567975830816,0.46763238883582725,0.21829268292682927,0.18265566218113213,0.06763673985542826,0.2448034840316466,26439,30099,669,4296,0.5592410126335301,20.0,1.0,20.0,43479.0,0.7069411248231794,training OOF predictions,174105.0,0.707720887125622,2.0
25,Explainable Boosting Machine,61503,4965,0.08072776937710356,0.520317083117971,0.7592489247934096,0.23884579683669416,0.9192397118839731,0.5091684452741941,0.49504950495049505,0.02014098690835851,0.9981959036400297,0.03870718018192375,0.08730639893719642,0.06800599470523812,0.24620696463909353,56436,102,4865,100,0.00328439263125376,1.0,1.0,1.0,4967.0,0.08076028811602685,training OOF predictions,19763.0,0.08033478586062241,3.0
25,Logistic regression,61503,4965,0.08072776937710356,0.5466607689444225,0.7443777032456529,0.2190588927742609,0.919386046209128,0.5025421610404744,0.574468085106383,0.005438066465256798,0.9996462556156921,0.01077414205905826,0.050122396493974604,0.06888286707611846,0.2504928841598554,56518,20,4938,27,0.000764190364697657,1.0,1.0,1.0,4958.0,0.080613953790872,training OOF predictions,19839.0,0.08064371890345029,1.0
25,XGBoost,61503,4965,0.08072776937710356,0.4887249506108759,0.7612735253819789,0.24298243767055408,0.9193210087312814,0.5081103274230235,0.5086705202312138,0.01772406847935549,0.9984965863666915,0.03425457376411055,0.08343316073108827,0.06780766481093957,0.2453171466048754,56453,85,4877,88,0.002812870916865844,1.0,1.0,1.0,4962.0,0.0806789912687186,training OOF predictions,19710.0,0.08011934571233456,2.0
25,Explainable Boosting Machine,61503,4965,0.08072776937710356,0.3545534727692753,0.7592489247934096,0.23884579683669416,0.9163292847503374,0.5402880708309541,0.4172003659652333,0.09184290030211481,0.9887332413597935,0.15054473423572137,0.16613908563893315,0.06800599470523812,0.24620696463909353,55901,637,4509,456,0.01777149082158594,2.0,1.0,2.0,9655.0,0.15698421215225272,training OOF predictions,38470.0,0.15637702838932066,1.0
25,Logistic regression,61503,4965,0.08072776937710356,0.3506299757153642,0.7443777032456529,0.2190588927742609,0.9166219534006471,0.5245552465902943,0.38820301783264743,0.05699899295065458,0.9921115002299339,0.09940288022479803,0.12361793020202352,0.06888286707611846,0.2504928841598554,56092,446,4682,283,0.01185308033754451,2.0,1.0,2.0,9810.0,0.15950441441880883,training OOF predictions,38956.0,0.15835257390003576,3.0
25,XGBoost,61503,4965,0.08072776937710356,0.3183445674331073,0.7612735253819789,0.24298243767055408,0.9140204542867828,0.5498719146088843,0.3902107409925221,0.11560926485397785,0.9841345643637908,0.1783716594157862,0.17783536949710255,0.06780766481093957,0.2453171466048754,55641,897,4391,574,0.0239175324780905,2.0,1.0,2.0,9679.0,0.1573744370193324,training OOF predictions,38419.0,0.15616971805794932,2.0
25,Explainable Boosting Machine,61503,4965,0.08072776937710356,0.15897415331059053,0.7592489247934096,0.23884579683669416,0.8582670764027771,0.6406204035272269,0.2510615711252654,0.381067472306143,0.9001733347483108,0.302695784337253,0.23365420406089918,0.06800599470523812,0.24620696463909353,50894,5644,3073,1892,0.12253060826301156,5.0,1.0,5.0,21009.0,0.3415930930198527,training OOF predictions,82767.0,0.33644027836493123,1.0
25,Logistic regression,61503,4965,0.08072776937710356,0.16958981028439798,0.7443777032456529,0.2190588927742609,0.8666406516755281,0.6194536914936445,0.24949698189134809,0.3246727089627392,0.9142346740245498,0.2821634867845265,0.21225720672159584,0.06888286707611846,0.2504928841598554,51689,4849,3353,1612,0.10505178609173536,5.0,1.0,5.0,21614.0,0.3514300115441523,training OOF predictions,85063.0,0.34577330818509966,3.0
25,XGBoost,61503,4965,0.08072776937710356,0.16087083086365966,0.7612735253819789,0.24298243767055408,0.8524950002438906,0.6447379667862878,0.2448751397689154,0.3969788519637462,0.8924970816088295,0.3029045643153527,0.23381977703041296,0.06780766481093957,0.2453171466048754,50460,6078,2994,1971,0.13087166479683918,5.0,1.0,5.0,21048.0,0.3422272084288571,training OOF predictions,82779.0,0.33648905726643036,2.0
25,Explainable Boosting Machine,61503,4965,0.08072776937710356,0.09191415699658298,0.7592489247934096,0.23884579683669416,0.7387607108596329,0.6868639374058396,0.17928125722209384,0.6249748237663646,0.7487530510453146,0.27863332285727116,0.2263994284159893,0.06800599470523812,0.24620696463909353,42333,14205,1862,3103,0.2814171666422776,10.0,1.0,10.0,32825.0,0.533713802578736,training OOF predictions,128050.0,0.5205115280803876,2.0
25,Logistic regression,61503,4965,0.08072776937710356,0.09443490404528984,0.7443777032456529,0.2190588927742609,0.7341918280409085,0.6765706704866785,0.17325908490728514,0.6078549848942598,0.7452863560790972,0.26965689778413154,0.21351397334835284,0.06888286707611846,0.2504928841598554,42137,14401,1947,3018,0.28322195665252103,10.0,1.0,10.0,33871.0,0.5507211030356243,training OOF predictions,133202.0,0.541453936457351,3.0
25,XGBoost,61503,4965,0.08072776937710356,0.08929222125949397,0.7612735253819789,0.24298243767055408,0.7196884704811147,0.6920149472498726,0.17386683670758277,0.6590130916414905,0.7250168028582546,0.27514295324587956,0.22701996553757203,0.06780766481093957,0.2453171466048754,40991,15547,1693,3272,0.3059850738988342,10.0,1.0,10.0,32477.0,0.528055542006081,training OOF predictions,127632.0,0.5188123963448343,1.0
25,Explainable Boosting Machine,61503,4965,0.08072776937710356,0.050184994221925475,0.7592489247934096,0.23884579683669416,0.5323805342828805,0.6750164288083014,0.1303631901078075,0.8451158106747231,0.5049170469418798,0.22588285960378984,0.19091763864458905,0.06800599470523812,0.24620696463909353,28547,27991,769,4196,0.5233403248622018,20.0,1.0,20.0,43371.0,0.7051851129213209,training OOF predictions,173013.0,0.7032820070892003,1.0
25,Logistic regression,61503,4965,0.08072776937710356,0.04996808396510763,0.7443777032456529,0.2190588927742609,0.505097312326228,0.6570535668388259,0.12314702488386543,0.8382678751258812,0.4758392585517705,0.21474640111449358,0.17198146975940104,0.06888286707611846,0.2504928841598554,26903,29635,803,4162,0.549517909695462,20.0,1.0,20.0,45695.0,0.7429718875502008,training OOF predictions,180980.0,0.7356671327761699,3.0
25,XGBoost,61503,4965,0.08072776937710356,0.05013284996597672,0.7612735253819789,0.24298243767055408,0.5294375884103214,0.67323201281944,0.12958843159065628,0.8447129909365559,0.5017510347023241,0.22470465321867716,0.18902514349718827,0.06780766481093957,0.2453171466048754,28368,28170,771,4194,0.5262182332569143,20.0,1.0,20.0,43590.0,0.7087459148334228,training OOF predictions,172323.0,0.7004772202529999,2.0
26,Explainable Boosting Machine,61503,4965,0.08072776937710356,0.5244474012914551,0.7647654776259882,0.24535957961252713,0.919337268100743,0.5093133682567743,0.51010101010101,0.020342396777442096,0.9982843397361066,0.039124539996126285,0.08957484697304435,0.06766466799540333,0.24466136021873647,56441,97,4864,101,0.003219355153407151,1.0,1.0,1.0,4961.0,0.08066273189925695,training OOF predictions,19792.0,0.080452668205912,2.0
26,Logistic regression,61503,4965,0.08072776937710356,0.5310386524077181,0.7455497584937572,0.22692933555637732,0.9193210087312814,0.50287423190178,0.5254237288135594,0.006243705941591138,0.9995047578619689,0.012340764331210192,0.050584318368075594,0.0685729105614132,0.249641073653686,56510,28,4934,31,0.0009593027982374843,1.0,1.0,1.0,4962.0,0.0806789912687186,training OOF predictions,19842.0,0.08065591362882508,3.0
26,XGBoost,61503,4965,0.08072776937710356,0.48063965186275814,0.765909156732167,0.2486881696281005,0.919662455489976,0.5099495470735989,0.5638297872340425,0.021349446122860022,0.9985496480243377,0.041141082864350864,0.0981975976190835,0.06753385873176983,0.2442304860366355,56456,82,4859,106,0.003056761458790628,1.0,1.0,1.0,4941.0,0.0803375445100239,training OOF predictions,19761.0,0.0803266560437059,1.0
26,Explainable Boosting Machine,61503,4965,0.08072776937710356,0.35499918168976874,0.7647654776259882,0.24535957961252713,0.9165243971838772,0.5439767858186761,0.4270923209663503,0.09969788519637462,0.9882556864409777,0.16165904637491835,0.1762075699329603,0.06766466799540333,0.24466136021873647,55874,664,4470,495,0.01884460920605499,2.0,1.0,2.0,9604.0,0.15615498430970848,training OOF predictions,38490.0,0.1564583265584859,1.0
26,Logistic regression,61503,4965,0.08072776937710356,0.36613774152345646,0.7455497584937572,0.22692933555637732,0.918312927824659,0.5251075366897584,0.4521880064829822,0.056193353474320244,0.9940217199051965,0.09996417054819061,0.13726589469802505,0.0685729105614132,0.249641073653686,56200,338,4686,279,0.010032030957839454,2.0,1.0,2.0,9710.0,0.1578784774726436,training OOF predictions,39073.0,0.15882816818965237,3.0
26,XGBoost,61503,4965,0.08072776937710356,0.3334966342157227,0.765909156732167,0.2486881696281005,0.9155650943856397,0.5480480790985268,0.41350531107738997,0.10976837865055387,0.9863277795464997,0.17348400445646983,0.18077319551244686,0.06753385873176983,0.2442304860366355,55765,773,4420,545,0.0214298489504577,2.0,1.0,2.0,9613.0,0.15630131863486335,training OOF predictions,38433.0,0.156226626776365,2.0
26,Explainable Boosting Machine,61503,4965,0.08072776937710356,0.1597059434640535,0.7647654776259882,0.24535957961252713,0.8561533583727623,0.6455335817238765,0.25109002308284173,0.3943605236656596,0.8967066397820934,0.3068244143226514,0.23830002331329822,0.06766466799540333,0.24466136021873647,50698,5840,3007,1958,0.12679056306196446,5.0,1.0,5.0,20875.0,0.3394143375119913,training OOF predictions,82861.0,0.3368223797600078,1.0
26,Logistic regression,61503,4965,0.08072776937710356,0.16556682099671796,0.7455497584937572,0.22692933555637732,0.862201843812497,0.6307267234859233,0.25042662116040953,0.35468277945619336,0.9067706675156532,0.2935733933483371,0.2238216607550484,0.0685729105614132,0.249641073653686,51267,5271,3204,1761,0.11433588605433881,5.0,1.0,5.0,21291.0,0.34617823520803864,training OOF predictions,85602.0,0.34796429384410266,3.0
26,XGBoost,61503,4965,0.08072776937710356,0.16535315729791963,0.765909156732167,0.2486881696281005,0.8531941531307415,0.6471391911479689,0.2475776397515528,0.4014098690835851,0.8928685132123527,0.30626200537840953,0.23768634077757786,0.06753385873176983,0.2442304860366355,50481,6057,2972,1993,0.13088792416630082,5.0,1.0,5.0,20917.0,0.34009723102938066,training OOF predictions,82960.0,0.3372248056973757,2.0
26,Explainable Boosting Machine,61503,4965,0.08072776937710356,0.08902119099678914,0.7647654776259882,0.24535957961252713,0.729492870266491,0.694408081445423,0.17849272807404143,0.6525679758308157,0.7362481870600304,0.2803131894276939,0.23222680959724934,0.06766466799540333,0.24466136021873647,41626,14912,1725,3240,0.29514007446791213,10.0,1.0,10.0,32162.0,0.5229338406256605,training OOF predictions,128887.99999999997,0.5239179213684106,2.0
26,Logistic regression,61503,4965,0.08072776937710356,0.09716548108276533,0.7455497584937572,0.22692933555637732,0.7405980196087996,0.6750945411256701,0.17520837027841815,0.5969788519637462,0.7532102302875942,0.2709075952837949,0.2136345640352417,0.0685729105614132,0.249641073653686,42585,13953,2001,2964,0.2750597531827716,10.0,1.0,10.0,33963.0,0.5522169650260963,training OOF predictions,133008.0,0.5406653442164483,3.0
26,XGBoost,61503,4965,0.08072776937710356,0.09521280424052277,0.765909156732167,0.2486881696281005,0.7355576150756874,0.6967881345797533,0.18187961033841996,0.6505538771399798,0.7430223920195267,0.2842809364548495,0.2365866591917108,0.06753385873176983,0.2442304860366355,42009,14529,1735,3230,0.2887501422694828,10.0,1.0,10.0,31879.0,0.518332439068013,training OOF predictions,128474.99999999999,0.5222391141751487,1.0
26,Explainable Boosting Machine,61503,4965,0.08072776937710356,0.0516004249444629,0.7647654776259882,0.24535957961252713,0.5433881274084191,0.6799012166135034,0.13288445658387854,0.84269889224572,0.517103540981287,0.22956846177059614,0.19608824293653546,0.06766466799540333,0.24466136021873647,29236,27302,781,4184,0.5119425068695836,20.0,1.0,20.0,42922.0,0.6978846560330391,training OOF predictions,173915.0,0.7069485545185522,2.0
26,Logistic regression,61503,4965,0.08072776937710356,0.04703376633656565,0.7455497584937572,0.22692933555637732,0.4766271563988749,0.6513975681836958,0.11937251831553045,0.8598187311178248,0.44297640524956666,0.20963979669506716,0.16720726203176192,0.0685729105614132,0.249641073653686,25045,31493,696,4269,0.5814675706876087,20.0,1.0,20.0,45413.0,0.7383867453620149,training OOF predictions,181223.0,0.7366549055315275,3.0
26,XGBoost,61503,4965,0.08072776937710356,0.050746050939013986,0.765909156732167,0.2486881696281005,0.533665024470351,0.6776441617909255,0.13116640746500777,0.8493454179254784,0.5059429056563727,0.22723966051461672,0.1937733493453711,0.06753385873176983,0.2442304860366355,28605,27933,748,4217,0.5227387281921207,20.0,1.0,20.0,42893.0,0.6974131343186512,training OOF predictions,172773.0,0.7023064290592176,1.0
27,Explainable Boosting Machine,61503,4965,0.08072776937710356,0.49404863935350385,0.7595462802566781,0.24284249517129525,0.9193210087312814,0.5128871163195964,0.5054151624548736,0.028197381671701913,0.9975768509674909,0.0534147272033575,0.10485949533325178,0.06783547798249052,0.24585332153097575,56401,137,4825,140,0.0045038453408776805,1.0,1.0,1.0,4962.0,0.0806789912687186,training OOF predictions,19785.0,0.08042421384670417,3.0
27,Logistic regression,61503,4965,0.08072776937710356,0.5008002793695917,0.7440469326532322,0.22390267648024875,0.9194185649480513,0.5043970747583717,0.5529411764705883,0.0094662638469285,0.999327885669815,0.018613861386138613,0.06448614187504062,0.06872123846936244,0.2501335535848557,56500,38,4918,47,0.0013820464042404435,1.0,1.0,1.0,4956.0,0.08058143505194869,training OOF predictions,19840.0,0.08064778381190855,2.0
27,XGBoost,61503,4965,0.08072776937710356,0.5360059926853039,0.7586108561337264,0.24050962276308713,0.9194510836869746,0.5047822072773235,0.5604395604395604,0.01027190332326284,0.9992925112313842,0.020174050632911392,0.0677861427803577,0.06791144517226322,0.24617960506071143,56498,40,4914,51,0.0014796026210103573,1.0,1.0,1.0,4954.0,0.08054891631302538,training OOF predictions,19767.0,0.08035104549445546,1.0
27,Explainable Boosting Machine,61503,4965,0.08072776937710356,0.35131628326793374,0.7595462802566781,0.24284249517129525,0.9165081378144155,0.5421307157103866,0.42410714285714285,0.09566968781470292,0.9885917436060703,0.1561216105176664,0.17166917708482266,0.06783547798249052,0.24585332153097575,55893,645,4490,475,0.018210493797050552,2.0,1.0,2.0,9625.0,0.15649643106840316,training OOF predictions,38493.0,0.1564705212838607,1.0
27,Logistic regression,61503,4965,0.08072776937710356,0.3546680763972988,0.7440469326532322,0.22390267648024875,0.9170772157455734,0.5242516997097052,0.4020319303338171,0.05579053373615307,0.9927128656832572,0.09798372833392288,0.12554245845719858,0.06872123846936244,0.2501335535848557,56126,412,4688,277,0.01120270555907842,2.0,1.0,2.0,9788.0,0.1591467082906525,training OOF predictions,39025.0,0.15863305258365581,3.0
27,XGBoost,61503,4965,0.08072776937710356,0.31667386595284985,0.7586108561337264,0.24050962276308713,0.9141667886119377,0.5503189523950899,0.39319727891156464,0.11641490433031218,0.9842230004598677,0.17964257964257965,0.1794889607332331,0.06791144517226322,0.24617960506071143,55646,892,4387,578,0.023901273108628846,2.0,1.0,2.0,9666.0,0.15716306521633092,training OOF predictions,38400.0,0.15609248479724236,2.0
27,Explainable Boosting Machine,61503,4965,0.08072776937710356,0.16205237559920516,0.7595462802566781,0.24284249517129525,0.8605921662357934,0.6433548209000732,0.25696969696969696,0.38429003021148034,0.902419611588666,0.3079903147699758,0.23972515361331537,0.06783547798249052,0.24585332153097575,51021,5517,3057,1908,0.12072581825276815,5.0,1.0,5.0,20802.0,0.33822740354129066,training OOF predictions,82818.0,0.33664758869630257,1.0
27,Logistic regression,61503,4965,0.08072776937710356,0.16352313206139685,0.7440469326532322,0.22390267648024875,0.8599743101962506,0.6298825942694051,0.24592448098091124,0.3554884189325277,0.9042767696062824,0.29072640421676826,0.22041211386325227,0.06872123846936244,0.2501335535848557,51126,5412,3200,1765,0.1166934946262784,5.0,1.0,5.0,21412.0,0.3481456189128986,training OOF predictions,85281.0,0.3466594582290007,3.0
27,XGBoost,61503,4965,0.08072776937710356,0.17306011330093984,0.7586108561337264,0.24050962276308713,0.8625432905711916,0.6398229878062922,0.2578764746703678,0.37421953675730113,0.9054264388552832,0.30534100246507806,0.23688060946807032,0.06791144517226322,0.24617960506071143,51191,5347,3107,1858,0.11714875697120465,5.0,1.0,5.0,20882.0,0.3395281530982229,training OOF predictions,82884.0,0.3369158726545478,2.0
27,Explainable Boosting Machine,61503,4965,0.08072776937710356,0.08705962334988228,0.7595462802566781,0.24284249517129525,0.7220460790530543,0.6913681828193727,0.1744847574066123,0.6547834843907352,0.7279528812480102,0.2755435012925372,0.22689139801155467,0.06783547798249052,0.24585332153097575,41157,15381,1714,3251,0.30294457180950524,10.0,1.0,10.0,32521.0,0.5287709542623937,training OOF predictions,128020.0,0.5203895808266398,1.0
27,Logistic regression,61503,4965,0.08072776937710356,0.09471247264905919,0.7440469326532322,0.22390267648024875,0.7325171129863584,0.6774970051957676,0.17298713130622936,0.6118831822759315,0.7431108281156037,0.2697207795090336,0.21410603954746774,0.06872123846936244,0.2501335535848557,42014,14524,1927,3038,0.2855470464855373,10.0,1.0,10.0,33794.0,0.549469131587077,training OOF predictions,133321.00000000003,0.5419376605638843,3.0
27,XGBoost,61503,4965,0.08072776937710356,0.08929599567895202,0.7586108561337264,0.24050962276308713,0.7185665739882607,0.6905779862625345,0.17291997880233173,0.6572004028197381,0.7239555697053309,0.2737990350325152,0.22515089586447212,0.06791144517226322,0.24617960506071143,40931,15607,1702,3263,0.30681430174137847,10.0,1.0,10.0,32627.0,0.5304944474253288,training OOF predictions,128207.99999999999,0.5211537836167929,2.0
27,Explainable Boosting Machine,61503,4965,0.08072776937710356,0.05255446647247647,0.7595462802566781,0.24284249517129525,0.5481683820301448,0.6780000329163959,0.13298385540618768,0.8328298086606244,0.5231702571721674,0.22934634903907486,0.19397267679323985,0.06783547798249052,0.24585332153097575,29579,26959,830,4135,0.5055688340406159,20.0,1.0,20.0,43559.0,0.7082418743801115,training OOF predictions,173142.0,0.7038063802803161,2.0
27,Logistic regression,61503,4965,0.08072776937710356,0.04934594854532679,0.7440469326532322,0.22390267648024875,0.49578069362470123,0.6544664343068358,0.12168835696026029,0.843705941591138,0.46522692702253354,0.21269897687171546,0.16953016574007113,0.06872123846936244,0.2501335535848557,26303,30235,776,4189,0.559712534347918,20.0,1.0,20.0,45755.0,0.7439474497179,training OOF predictions,179994.0,0.731659133036324,3.0
27,XGBoost,61503,4965,0.08072776937710356,0.04904376124455509,0.7586108561337264,0.24050962276308713,0.518982813846479,0.6712200248390543,0.1279656662737631,0.8527693856998992,0.48967066397820935,0.2225375801534742,0.18711311584024432,0.06791144517226322,0.24617960506071143,27685,28853,731,4234,0.5379737573776889,20.0,1.0,20.0,43473.0,0.7068435686064094,training OOF predictions,173941.0,0.707054242138467,1.0
28,Explainable Boosting Machine,61503,4965,0.08072776937710356,0.5741472273561642,0.7617491886767457,0.24481129631077714,0.9195974180121295,0.5066990262624746,0.5819672131147541,0.014300100704934543,0.9990979518200148,0.027914291330843326,0.08203036200043745,0.0677274930674089,0.24531572423868406,56487,51,4894,71,0.0019836430743215777,1.0,1.0,1.0,4945.0,0.08040258198787051,training OOF predictions,19790.0,0.08044453838899548,1.0
28,Logistic regression,61503,4965,0.08072776937710356,0.5078054770412627,0.7470415516418529,0.22604183191423544,0.9195648992732062,0.5052115578443138,0.5978260869565217,0.011077542799597181,0.9993455728890304,0.02175202689341507,0.07347006210156576,0.0685896537072996,0.2495224506701571,56501,37,4910,55,0.0014958619904720096,1.0,1.0,1.0,4947.0,0.08043510072679382,training OOF predictions,19835.0,0.08062745926961724,2.0
28,XGBoost,61503,4965,0.08072776937710356,0.4641146738021049,0.7634285767823205,0.247726989428422,0.9194185649480513,0.5119297034029675,0.5180722891566265,0.025981873111782478,0.9978775336941526,0.04948216340621404,0.10235818785003899,0.06754503544485159,0.24458776678297783,56418,120,4836,129,0.004048582995951417,1.0,1.0,1.0,4956.0,0.08058143505194869,training OOF predictions,19746.0,0.08026568241683198,3.0
28,Explainable Boosting Machine,61503,4965,0.08072776937710356,0.332689621789807,0.7617491886767457,0.24481129631077714,0.9150773133017902,0.5513653624827256,0.40953716690042075,0.1176233635448137,0.9851073614206375,0.18275700203411047,0.18595862166301708,0.0677274930674089,0.24531572423868406,55696,842,4381,584,0.023185860852316147,2.0,1.0,2.0,9604.0,0.15615498430970848,training OOF predictions,38503.0,0.1565111703684433,1.0
28,Logistic regression,61503,4965,0.08072776937710356,0.3290061475022013,0.7470415516418529,0.22604183191423544,0.9156789099718713,0.5336877563511278,0.3891675025075226,0.07814702920443102,0.9892284834978244,0.13015766521301578,0.14533999118384633,0.0685896537072996,0.2495224506701571,55929,609,4577,388,0.01621059135326732,2.0,1.0,2.0,9763.0,0.15874022405411117,training OOF predictions,39021.0,0.15861679294982278,3.0
28,XGBoost,61503,4965,0.08072776937710356,0.319003038276263,0.7634285767823205,0.247726989428422,0.9143781604149391,0.5537409270176175,0.40156965336821454,0.12366565961732125,0.9838161944179136,0.1890976285802279,0.18805277483849628,0.06754503544485159,0.24458776678297783,55623,915,4351,614,0.02486057590686633,2.0,1.0,2.0,9617.0,0.15636635611270994,training OOF predictions,38406.0,0.15611687424799192,2.0
28,Explainable Boosting Machine,61503,4965,0.08072776937710356,0.1555573745035231,0.7617491886767457,0.24481129631077714,0.8539095653870543,0.646977142021103,0.24856142106579934,0.4002014098690836,0.8937528741731225,0.3066594644648507,0.23813002180337614,0.0677274930674089,0.24531572423868406,50531,6007,2978,1987,0.1299773994764483,5.0,1.0,5.0,20897.0,0.3397720436401476,training OOF predictions,82880.0,0.33689961302071475,2.0
28,Logistic regression,61503,4965,0.08072776937710356,0.16630843701935627,0.7470415516418529,0.22604183191423544,0.8628359592215014,0.6271215872884575,0.24873316924858838,0.3460221550855992,0.9082210194913156,0.28942048517520214,0.21935826845729822,0.0685896537072996,0.2495224506701571,51349,5189,3247,1718,0.11230346487163227,5.0,1.0,5.0,21424.0,0.3483407313464384,training OOF predictions,85429.0,0.3472610646808234,3.0
28,XGBoost,61503,4965,0.08072776937710356,0.16109392556733199,0.7634285767823205,0.247726989428422,0.851535697445653,0.6519325451138978,0.24830836152730787,0.41389728096676737,0.889967809261028,0.3103995166528208,0.24256850991556445,0.06754503544485159,0.24458776678297783,50317,6221,2910,2055,0.13456254166463424,5.0,1.0,5.0,20771.0,0.33772336308797946,training OOF predictions,82919.0,0.33705814445058696,1.0
28,Explainable Boosting Machine,61503,4965,0.08072776937710356,0.08861278615418769,0.7617491886767457,0.24481129631077714,0.7278344145814025,0.6939653398901084,0.1776719229084538,0.6535750251762337,0.7343556546039831,0.2793921391364243,0.2312853926035073,0.0677274930674089,0.24531572423868406,41519,15019,1720,3245,0.2969611238476172,10.0,1.0,10.0,32219.0,0.5238606246849747,training OOF predictions,128303.99999999999,0.521544014828786,2.0
28,Logistic regression,61503,4965,0.08072776937710356,0.09423320731807776,0.7470415516418529,0.22604183191423544,0.7338991593905988,0.680269661160972,0.174647565778209,0.6163141993957704,0.7442251229261736,0.27216934981766433,0.2176033381268524,0.0685896537072996,0.2495224506701571,42077,14461,1905,3060,0.2848804123376095,10.0,1.0,10.0,33511.0,0.5448677300294295,training OOF predictions,133783.0,0.5438156482716009,3.0
28,XGBoost,61503,4965,0.08072776937710356,0.09379230168620849,0.7634285767823205,0.247726989428422,0.7343706811049867,0.6976123322773369,0.18170622480967308,0.6537764350453172,0.7414482295093565,0.2843751368872925,0.23716310993050982,0.06754503544485159,0.24458776678297783,41920,14618,1719,3246,0.2904573760629563,10.0,1.0,10.0,31808.0,0.5171780238362357,training OOF predictions,128426.0,0.522039933660694,1.0
28,Explainable Boosting Machine,61503,4965,0.08072776937710356,0.05026867358595947,0.7617491886767457,0.24481129631077714,0.5320228281547241,0.673719533497723,0.1299984464812801,0.84269889224572,0.5047401747497259,0.22524899057873485,0.18950233704596214,0.0677274930674089,0.24531572423868406,28537,28001,781,4184,0.5233078061232785,20.0,1.0,20.0,43621.0,0.709249955286734,training OOF predictions,173051.0,0.7034364736106143,2.0
28,Logistic regression,61503,4965,0.08072776937710356,0.05015228023709608,0.7470415516418529,0.22604183191423544,0.5031461879908297,0.6580132828344523,0.12320014133859428,0.84269889224572,0.4733276734231844,0.21497199815033655,0.17312726445485382,0.0685896537072996,0.2495224506701571,26761,29777,781,4184,0.552184446287173,20.0,1.0,20.0,45397.0,0.7381265954506284,training OOF predictions,181085.0,0.7360939481642873,3.0
28,XGBoost,61503,4965,0.08072776937710356,0.04984193472586918,0.7634285767823205,0.247726989428422,0.5258442677592963,0.6735741082194913,0.1292783821051019,0.8497482376636455,0.4973999787753369,0.22441489361702127,0.189493635799688,0.06754503544485159,0.24458776678297783,28122,28416,746,4219,0.5306245223810221,20.0,1.0,20.0,43336.0,0.7046160349901631,training OOF predictions,172871.0,0.7027047900881273,1.0
42,Explainable Boosting Machine,61503,4965,0.08072776937710356,0.48286016001704407,0.7686205825012237,0.2550885155511815,0.9193697868396663,0.5129136471484195,0.5109489051094891,0.028197381671701913,0.9976299126251371,0.0534453139912197,0.10564644648732312,0.0672104659249991,0.24313285797066816,56404,134,4825,140,0.004455067232492724,1.0,1.0,1.0,4959.0,0.08063021316033364,training OOF predictions,19796.0,0.08046892783974505,3.0
42,Logistic regression,61503,4965,0.08072776937710356,0.5604843019683258,0.7490533953458282,0.23137327245955275,0.9194185649480513,0.5018249576602171,0.6551724137931034,0.003826787512588117,0.9998231278078461,0.007609130957148579,0.04580025548224538,0.06838150393724968,0.24872527354610552,56528,10,4946,19,0.00047152171438791604,1.0,1.0,1.0,4956.0,0.08058143505194869,training OOF predictions,19848.0,0.08068030307957465,2.0
42,XGBoost,61503,4965,0.08072776937710356,0.49020371127858653,0.7686649287949604,0.25879043653300754,0.9199063460319009,0.5087961426686369,0.6344827586206897,0.01852970795568983,0.9990625773815841,0.03600782778864971,0.09881719203746613,0.06709298861122848,0.24279800488133382,56485,53,4873,92,0.00235760857193958,1.0,1.0,1.0,4926.0,0.08009365396809912,training OOF predictions,19750.0,0.08028194205066502,1.0
42,Explainable Boosting Machine,61503,4965,0.08072776937710356,0.34624229830446474,0.7686205825012237,0.2550885155511815,0.916719509617417,0.544542215758639,0.43215211754537597,0.10070493454179255,0.9883794969754855,0.1633453119895459,0.17862438083788354,0.0672104659249991,0.24313285797066816,55881,657,4465,500,0.018812090467131684,2.0,1.0,2.0,9587.0,0.15587857502886038,training OOF predictions,38519.0,0.1565762089037755,2.0
42,Logistic regression,61503,4965,0.08072776937710356,0.32176571179160196,0.7490533953458282,0.23137327245955275,0.9152399069964067,0.5358373733400064,0.3847583643122677,0.08338368580060423,0.9882910608794085,0.1370634000993213,0.14892731559395123,0.06838150393724968,0.24872527354610552,55876,662,4551,414,0.01749508154073785,2.0,1.0,2.0,9764.0,0.15875648342357285,training OOF predictions,39071.0,0.15882003837273584,3.0
42,XGBoost,61503,4965,0.08072776937710356,0.3241364839015784,0.7686649287949604,0.25879043653300754,0.916394322228184,0.5525410014856196,0.43468634686346863,0.11863041289023162,0.9864515900810075,0.18639240506329113,0.19501945854748348,0.06709298861122848,0.24279800488133382,55772,766,4376,589,0.022031445620538836,2.0,1.0,2.0,9518.0,0.1547566785360064,training OOF predictions,38514.0,0.15655588436148418,1.0
42,Explainable Boosting Machine,61503,4965,0.08072776937710356,0.16605031961370245,0.7686205825012237,0.2550885155511815,0.8676975106905355,0.6477706462482415,0.2734285714285714,0.38549848942598186,0.9100428030705012,0.3199331383201003,0.25350632039342147,0.0672104659249991,0.24313285797066816,51452,5086,3051,1914,0.11381558623156594,5.0,1.0,5.0,20341.0,0.33073183421946895,training OOF predictions,83277.0,0.3385133816786446,1.0
42,Logistic regression,61503,4965,0.08072776937710356,0.1622403569819459,0.7490533953458282,0.23137327245955275,0.8617303220981091,0.6346040184293343,0.252552090616697,0.3637462235649547,0.905461813293714,0.2981181908220535,0.22878456136075953,0.06838150393724968,0.24872527354610552,51193,5345,3159,1806,0.11627075102027544,5.0,1.0,5.0,21140.0,0.34372307041932915,training OOF predictions,85649.0,0.34815534454164093,3.0
42,XGBoost,61503,4965,0.08072776937710356,0.16992484932395732,0.7686649287949604,0.25879043653300754,0.8636164089556607,0.6487660466094028,0.26622046168556207,0.3925478348439074,0.9049842583748983,0.31727169135601496,0.25029429191228425,0.06709298861122848,0.24279800488133382,51166,5372,3016,1949,0.11903484382875631,5.0,1.0,5.0,20452.0,0.33253662422971236,training OOF predictions,83562.0,0.33967188058924913,2.0
42,Explainable Boosting Machine,61503,4965,0.08072776937710356,0.09713637994503072,0.7686205825012237,0.2550885155511815,0.7573776888932248,0.6959793958323781,0.1915618610990645,0.6227593152064451,0.7691994764583112,0.2929972519662655,0.2426939451299355,0.0672104659249991,0.24313285797066816,43489,13049,1873,3092,0.2624424824805294,10.0,1.0,10.0,31779.0,0.5167065021218478,training OOF predictions,129322.99999999999,0.5256861565477545,2.0
42,Logistic regression,61503,4965,0.08072776937710356,0.09227776442428072,0.7490533953458282,0.23137327245955275,0.7273141147586296,0.6799031456425477,0.17198266281395866,0.6233635448136958,0.7364427464713997,0.2695875615173555,0.21544233075184405,0.06838150393724968,0.24872527354610552,41637,14901,1870,3095,0.2926036128318944,10.0,1.0,10.0,33601.0,0.5463310732809782,training OOF predictions,133782.0,0.5438115833631426,3.0
42,XGBoost,61503,4965,0.08072776937710356,0.08827046534748113,0.7686649287949604,0.25879043653300754,0.7173308619091752,0.6996431723753636,0.17585342937676166,0.6785498489425982,0.720736495808129,0.2793184927247855,0.2348757349459117,0.06709298861122848,0.24279800488133382,40749,15789,1596,3369,0.3114970001463343,10.0,1.0,10.0,31749.0,0.5162187210379982,training OOF predictions,129106.99999999997,0.52480813632077,1.0
42,Explainable Boosting Machine,61503,4965,0.08072776937710356,0.05222908031502957,0.7686205825012237,0.2550885155511815,0.5441848365120401,0.6822636413078966,0.13358111757044377,0.8469284994964753,0.517598783119318,0.23076500932938207,0.19866215664938378,0.0672104659249991,0.24313285797066816,29264,27274,760,4205,0.5118286912833521,20.0,1.0,20.0,42474.0,0.6906004585142188,training OOF predictions,174139.0,0.7078590940132028,1.0
42,Logistic regression,61503,4965,0.08072776937710356,0.04584869267399936,0.7490533953458282,0.23137327245955275,0.4675544282392729,0.6505965936446347,0.11848393298544356,0.8688821752265861,0.4323110120626835,0.20853172205438067,0.16695074396590742,0.06838150393724968,0.24872527354610552,24442,32096,651,4314,0.5920036420987594,20.0,1.0,20.0,45116.0,0.7335577126319042,training OOF predictions,181660.0,0.7384312705277877,3.0
42,XGBoost,61503,4965,0.08072776937710356,0.049440942308702114,0.7686649287949604,0.25879043653300754,0.5202835634034112,0.6739484627562202,0.128770687725031,0.8572004028197382,0.49069652269270225,0.2239057239057239,0.1900779484200386,0.06709298861122848,0.24279800488133382,27743,28795,709,4256,0.5373884200770694,20.0,1.0,20.0,42975.0,0.6987464026145066,training OOF predictions,173771.0,0.7063632077005626,2.0
